{
    "January": {
        "quantidadeBeneficio": 49,
        "indicadorContinuarPesquisa": "N",
        "quantidadeOcorrencia": [
            {
                "nomeBeneficio": "COARACI                                           -BA"
            },
            {
                "nomeBeneficio": ""
            },
            {
                "nomeBeneficio": "FPM   - FUNDO DE PARTICIPACAO DOS MUNICIPIOS"
            },
            {
                "nomeBeneficio": "DATA                PARCELA                                   VALOR DISTRIBUIDO"
            },
            {
                "nomeBeneficio": ""
            },
            {
                "nomeBeneficio": "10.01.2023        PARCELA DE IPI                                    117.353,44C"
            },
            {
                "nomeBeneficio": "                  PARCELA DE IR                                   1.081.352,38C"
            },
            {
                "nomeBeneficio": "                  RETENCAO PASEP                                     11.987,05D"
            },
            {
                "nomeBeneficio": "                  RFB-PREV-OB COR                                     8.960,50D"
            },
            {
                "nomeBeneficio": "                  RFB-PREV-OB DEV                                     2.073,46D"
            },
            {
                "nomeBeneficio": "                  RFB-PREV-PARC60                                    66.874,67D"
            },
            {
                "nomeBeneficio": "                  RFB-RET DARF                                      171.660,84D"
            },
            {
                "nomeBeneficio": "                  DEDUCAO SAUDE                                     179.805,86D"
            },
            {
                "nomeBeneficio": "                  DEDUCAO FUNDEB                                    239.741,15D"
            },
            {
                "nomeBeneficio": "                  TOTAL NA DATA                                     517.602,29C"
            },
            {
                "nomeBeneficio": ""
            },
            {
                "nomeBeneficio": "20.01.2023        PARCELA DE IPI                                     58.124,68C"
            },
            {
                "nomeBeneficio": "                  PARCELA DE IR                                     403.826,97C"
            },
            {
                "nomeBeneficio": "                  RETENCAO PASEP                                      4.619,50D"
            },
            {
                "nomeBeneficio": "                  DEDUCAO SAUDE                                      69.292,74D"
            },
            {
                "nomeBeneficio": "                  DEDUCAO FUNDEB                                     92.390,32D"
            },
            {
                "nomeBeneficio": "                  TOTAL NA DATA                                     295.649,09C"
            },
            {
                "nomeBeneficio": ""
            },
            {
                "nomeBeneficio": "30.01.2023        PARCELA DE IPI                                     30.923,14C"
            },
            {
                "nomeBeneficio": "                  PARCELA DE IR                                   1.019.847,84C"
            },
            {
                "nomeBeneficio": "                  RETENCAO PASEP                                     10.507,70D"
            },
            {
                "nomeBeneficio": "                  DEDUCAO SAUDE                                     157.615,64D"
            },
            {
                "nomeBeneficio": "                  DEDUCAO FUNDEB                                    210.154,18D"
            },
            {
                "nomeBeneficio": "                  TOTAL NA DATA                                     672.493,46C"
            },
            {
                "nomeBeneficio": ""
            },
            {
                "nomeBeneficio": "TOTAL POR PARCELA / NATUREZA"
            },
            {
                "nomeBeneficio": ""
            },
            {
                "nomeBeneficio": "                  PARCELA DE IPI                                    206.401,26C"
            },
            {
                "nomeBeneficio": "                  PARCELA DE IR                                   2.505.027,19C"
            },
            {
                "nomeBeneficio": "                  RETENCAO PASEP                                     27.114,25D"
            },
            {
                "nomeBeneficio": "                  RFB-PREV-OB COR                                     8.960,50D"
            },
            {
                "nomeBeneficio": "                  RFB-PREV-OB DEV                                     2.073,46D"
            },
            {
                "nomeBeneficio": "                  RFB-PREV-PARC60                                    66.874,67D"
            },
            {
                "nomeBeneficio": "                  RFB-RET DARF                                      171.660,84D"
            },
            {
                "nomeBeneficio": "                  DEDUCAO SAUDE                                     406.714,24D"
            },
            {
                "nomeBeneficio": "                  DEDUCAO FUNDEB                                    542.285,65D"
            },
            {
                "nomeBeneficio": ""
            },
            {
                "nomeBeneficio": "                  DEBITO FUNDO                                    1.225.683,61D"
            },
            {
                "nomeBeneficio": "                  CREDITO FUNDO                                   2.711.428,45C"
            },
            {
                "nomeBeneficio": ""
            },
            {
                "nomeBeneficio": "TOTAL DISTRIBUIDO NO PERIODO"
            },
            {
                "nomeBeneficio": ""
            },
            {
                "nomeBeneficio": "                  DEBITO BENEF.                                   1.225.683,61D"
            },
            {
                "nomeBeneficio": "                  CREDITO BENEF.                                  2.711.428,45C"
            }
        ]
    },
    "February": {
        "quantidadeBeneficio": 45,
        "indicadorContinuarPesquisa": "N",
        "quantidadeOcorrencia": [
            {
                "nomeBeneficio": "COARACI                                           -BA"
            },
            {
                "nomeBeneficio": ""
            },
            {
                "nomeBeneficio": "FPM   - FUNDO DE PARTICIPACAO DOS MUNICIPIOS"
            },
            {
                "nomeBeneficio": "DATA                PARCELA                                   VALOR DISTRIBUIDO"
            },
            {
                "nomeBeneficio": ""
            },
            {
                "nomeBeneficio": "10.02.2023        PARCELA DE IPI                                    109.348,00C"
            },
            {
                "nomeBeneficio": "                  PARCELA DE IR                                   2.578.620,80C"
            },
            {
                "nomeBeneficio": "                  RETENCAO PASEP                                     26.879,68D"
            },
            {
                "nomeBeneficio": "                  RFB-PREV-PARC60                                    67.042,52D"
            },
            {
                "nomeBeneficio": "                  RFB-RET DARF                                      171.660,84D"
            },
            {
                "nomeBeneficio": "                  DEDUCAO SAUDE                                     403.195,32D"
            },
            {
                "nomeBeneficio": "                  DEDUCAO FUNDEB                                    537.593,76D"
            },
            {
                "nomeBeneficio": "                  TOTAL NA DATA                                   1.481.596,68C"
            },
            {
                "nomeBeneficio": ""
            },
            {
                "nomeBeneficio": "17.02.2023        PARCELA DE IPI                                     19.872,30C"
            },
            {
                "nomeBeneficio": "                  PARCELA DE IR                                     238.885,84C"
            },
            {
                "nomeBeneficio": "                  RETENCAO PASEP                                      2.587,57D"
            },
            {
                "nomeBeneficio": "                  DEDUCAO SAUDE                                      38.813,71D"
            },
            {
                "nomeBeneficio": "                  DEDUCAO FUNDEB                                     51.751,62D"
            },
            {
                "nomeBeneficio": "                  TOTAL NA DATA                                     165.605,24C"
            },
            {
                "nomeBeneficio": ""
            },
            {
                "nomeBeneficio": "28.02.2023        PARCELA DE IPI                                     14.603,35C"
            },
            {
                "nomeBeneficio": "                  PARCELA DE IR                                     627.019,51C"
            },
            {
                "nomeBeneficio": "                  RETENCAO PASEP                                      6.416,22D"
            },
            {
                "nomeBeneficio": "                  DEDUCAO SAUDE                                      96.243,42D"
            },
            {
                "nomeBeneficio": "                  DEDUCAO FUNDEB                                    128.324,57D"
            },
            {
                "nomeBeneficio": "                  TOTAL NA DATA                                     410.638,65C"
            },
            {
                "nomeBeneficio": ""
            },
            {
                "nomeBeneficio": "TOTAL POR PARCELA / NATUREZA"
            },
            {
                "nomeBeneficio": ""
            },
            {
                "nomeBeneficio": "                  PARCELA DE IPI                                    143.823,65C"
            },
            {
                "nomeBeneficio": "                  PARCELA DE IR                                   3.444.526,15C"
            },
            {
                "nomeBeneficio": "                  RETENCAO PASEP                                     35.883,47D"
            },
            {
                "nomeBeneficio": "                  RFB-PREV-PARC60                                    67.042,52D"
            },
            {
                "nomeBeneficio": "                  RFB-RET DARF                                      171.660,84D"
            },
            {
                "nomeBeneficio": "                  DEDUCAO SAUDE                                     538.252,45D"
            },
            {
                "nomeBeneficio": "                  DEDUCAO FUNDEB                                    717.669,95D"
            },
            {
                "nomeBeneficio": ""
            },
            {
                "nomeBeneficio": "                  DEBITO FUNDO                                    1.530.509,23D"
            },
            {
                "nomeBeneficio": "                  CREDITO FUNDO                                   3.588.349,80C"
            },
            {
                "nomeBeneficio": ""
            },
            {
                "nomeBeneficio": "TOTAL DISTRIBUIDO NO PERIODO"
            },
            {
                "nomeBeneficio": ""
            },
            {
                "nomeBeneficio": "                  DEBITO BENEF.                                   1.530.509,23D"
            },
            {
                "nomeBeneficio": "                  CREDITO BENEF.                                  3.588.349,80C"
            }
        ]
    },
    "March": {
        "quantidadeBeneficio": 45,
        "indicadorContinuarPesquisa": "N",
        "quantidadeOcorrencia": [
            {
                "nomeBeneficio": "COARACI                                           -BA"
            },
            {
                "nomeBeneficio": ""
            },
            {
                "nomeBeneficio": "FPM   - FUNDO DE PARTICIPACAO DOS MUNICIPIOS"
            },
            {
                "nomeBeneficio": "DATA                PARCELA                                   VALOR DISTRIBUIDO"
            },
            {
                "nomeBeneficio": ""
            },
            {
                "nomeBeneficio": "10.03.2023        PARCELA DE IPI                                    123.335,62C"
            },
            {
                "nomeBeneficio": "                  PARCELA DE IR                                   1.001.983,96C"
            },
            {
                "nomeBeneficio": "                  RETENCAO PASEP                                     11.253,18D"
            },
            {
                "nomeBeneficio": "                  RFB-PREV-PARC60                                    67.180,40D"
            },
            {
                "nomeBeneficio": "                  RFB-RET DARF                                      171.660,84D"
            },
            {
                "nomeBeneficio": "                  DEDUCAO SAUDE                                     168.797,93D"
            },
            {
                "nomeBeneficio": "                  DEDUCAO FUNDEB                                    225.063,91D"
            },
            {
                "nomeBeneficio": "                  TOTAL NA DATA                                     481.363,32C"
            },
            {
                "nomeBeneficio": ""
            },
            {
                "nomeBeneficio": "20.03.2023        PARCELA DE IPI                                     24.791,32C"
            },
            {
                "nomeBeneficio": "                  PARCELA DE IR                                     223.270,78C"
            },
            {
                "nomeBeneficio": "                  RETENCAO PASEP                                      2.480,61D"
            },
            {
                "nomeBeneficio": "                  DEDUCAO SAUDE                                      37.209,30D"
            },
            {
                "nomeBeneficio": "                  DEDUCAO FUNDEB                                     49.612,41D"
            },
            {
                "nomeBeneficio": "                  TOTAL NA DATA                                     158.759,78C"
            },
            {
                "nomeBeneficio": ""
            },
            {
                "nomeBeneficio": "30.03.2023        PARCELA DE IPI                                     30.115,59C"
            },
            {
                "nomeBeneficio": "                  PARCELA DE IR                                     791.660,91C"
            },
            {
                "nomeBeneficio": "                  RETENCAO PASEP                                      8.217,75D"
            },
            {
                "nomeBeneficio": "                  DEDUCAO SAUDE                                     123.266,46D"
            },
            {
                "nomeBeneficio": "                  DEDUCAO FUNDEB                                    164.355,29D"
            },
            {
                "nomeBeneficio": "                  TOTAL NA DATA                                     525.937,00C"
            },
            {
                "nomeBeneficio": ""
            },
            {
                "nomeBeneficio": "TOTAL POR PARCELA / NATUREZA"
            },
            {
                "nomeBeneficio": ""
            },
            {
                "nomeBeneficio": "                  PARCELA DE IPI                                    178.242,53C"
            },
            {
                "nomeBeneficio": "                  PARCELA DE IR                                   2.016.915,65C"
            },
            {
                "nomeBeneficio": "                  RETENCAO PASEP                                     21.951,54D"
            },
            {
                "nomeBeneficio": "                  RFB-PREV-PARC60                                    67.180,40D"
            },
            {
                "nomeBeneficio": "                  RFB-RET DARF                                      171.660,84D"
            },
            {
                "nomeBeneficio": "                  DEDUCAO SAUDE                                     329.273,69D"
            },
            {
                "nomeBeneficio": "                  DEDUCAO FUNDEB                                    439.031,61D"
            },
            {
                "nomeBeneficio": ""
            },
            {
                "nomeBeneficio": "                  DEBITO FUNDO                                    1.029.098,08D"
            },
            {
                "nomeBeneficio": "                  CREDITO FUNDO                                   2.195.158,18C"
            },
            {
                "nomeBeneficio": ""
            },
            {
                "nomeBeneficio": "TOTAL DISTRIBUIDO NO PERIODO"
            },
            {
                "nomeBeneficio": ""
            },
            {
                "nomeBeneficio": "                  DEBITO BENEF.                                   1.029.098,08D"
            },
            {
                "nomeBeneficio": "                  CREDITO BENEF.                                  2.195.158,18C"
            }
        ]
    },
    "April": {
        "quantidadeBeneficio": 45,
        "indicadorContinuarPesquisa": "N",
        "quantidadeOcorrencia": [
            {
                "nomeBeneficio": "COARACI                                           -BA"
            },
            {
                "nomeBeneficio": ""
            },
            {
                "nomeBeneficio": "FPM   - FUNDO DE PARTICIPACAO DOS MUNICIPIOS"
            },
            {
                "nomeBeneficio": "DATA                PARCELA                                   VALOR DISTRIBUIDO"
            },
            {
                "nomeBeneficio": ""
            },
            {
                "nomeBeneficio": "10.04.2023        PARCELA DE IPI                                    140.287,47C"
            },
            {
                "nomeBeneficio": "                  PARCELA DE IR                                   1.073.510,68C"
            },
            {
                "nomeBeneficio": "                  RETENCAO PASEP                                     12.137,97D"
            },
            {
                "nomeBeneficio": "                  RFB-PREV-PARC60                                    75.200,05D"
            },
            {
                "nomeBeneficio": "                  RFB-RET DARF                                      171.660,84D"
            },
            {
                "nomeBeneficio": "                  DEDUCAO SAUDE                                     182.069,72D"
            },
            {
                "nomeBeneficio": "                  DEDUCAO FUNDEB                                    242.759,62D"
            },
            {
                "nomeBeneficio": "                  TOTAL NA DATA                                     529.969,95C"
            },
            {
                "nomeBeneficio": ""
            },
            {
                "nomeBeneficio": "20.04.2023        PARCELA DE IPI                                     22.115,57C"
            },
            {
                "nomeBeneficio": "                  PARCELA DE IR                                     289.516,24C"
            },
            {
                "nomeBeneficio": "                  RETENCAO PASEP                                      3.116,31D"
            },
            {
                "nomeBeneficio": "                  DEDUCAO SAUDE                                      46.744,76D"
            },
            {
                "nomeBeneficio": "                  DEDUCAO FUNDEB                                     62.326,35D"
            },
            {
                "nomeBeneficio": "                  TOTAL NA DATA                                     199.444,39C"
            },
            {
                "nomeBeneficio": ""
            },
            {
                "nomeBeneficio": "28.04.2023        PARCELA DE IPI                                     27.616,31C"
            },
            {
                "nomeBeneficio": "                  PARCELA DE IR                                     956.704,59C"
            },
            {
                "nomeBeneficio": "                  RETENCAO PASEP                                      9.843,20D"
            },
            {
                "nomeBeneficio": "                  DEDUCAO SAUDE                                     147.648,12D"
            },
            {
                "nomeBeneficio": "                  DEDUCAO FUNDEB                                    196.864,17D"
            },
            {
                "nomeBeneficio": "                  TOTAL NA DATA                                     629.965,41C"
            },
            {
                "nomeBeneficio": ""
            },
            {
                "nomeBeneficio": "TOTAL POR PARCELA / NATUREZA"
            },
            {
                "nomeBeneficio": ""
            },
            {
                "nomeBeneficio": "                  PARCELA DE IPI                                    190.019,35C"
            },
            {
                "nomeBeneficio": "                  PARCELA DE IR                                   2.319.731,51C"
            },
            {
                "nomeBeneficio": "                  RETENCAO PASEP                                     25.097,48D"
            },
            {
                "nomeBeneficio": "                  RFB-PREV-PARC60                                    75.200,05D"
            },
            {
                "nomeBeneficio": "                  RFB-RET DARF                                      171.660,84D"
            },
            {
                "nomeBeneficio": "                  DEDUCAO SAUDE                                     376.462,60D"
            },
            {
                "nomeBeneficio": "                  DEDUCAO FUNDEB                                    501.950,14D"
            },
            {
                "nomeBeneficio": ""
            },
            {
                "nomeBeneficio": "                  DEBITO FUNDO                                    1.150.371,11D"
            },
            {
                "nomeBeneficio": "                  CREDITO FUNDO                                   2.509.750,86C"
            },
            {
                "nomeBeneficio": ""
            },
            {
                "nomeBeneficio": "TOTAL DISTRIBUIDO NO PERIODO"
            },
            {
                "nomeBeneficio": ""
            },
            {
                "nomeBeneficio": "                  DEBITO BENEF.                                   1.150.371,11D"
            },
            {
                "nomeBeneficio": "                  CREDITO BENEF.                                  2.509.750,86C"
            }
        ]
    },
    "May": {
        "quantidadeBeneficio": 45,
        "indicadorContinuarPesquisa": "N",
        "quantidadeOcorrencia": [
            {
                "nomeBeneficio": "COARACI                                           -BA"
            },
            {
                "nomeBeneficio": ""
            },
            {
                "nomeBeneficio": "FPM   - FUNDO DE PARTICIPACAO DOS MUNICIPIOS"
            },
            {
                "nomeBeneficio": "DATA                PARCELA                                   VALOR DISTRIBUIDO"
            },
            {
                "nomeBeneficio": ""
            },
            {
                "nomeBeneficio": "10.05.2023        PARCELA DE IPI                                    116.966,78C"
            },
            {
                "nomeBeneficio": "                  PARCELA DE IR                                   1.526.258,16C"
            },
            {
                "nomeBeneficio": "                  RETENCAO PASEP                                     16.432,24D"
            },
            {
                "nomeBeneficio": "                  RFB-PREV-PARC60                                    75.337,93D"
            },
            {
                "nomeBeneficio": "                  RFB-RET DARF                                      171.660,84D"
            },
            {
                "nomeBeneficio": "                  DEDUCAO SAUDE                                     246.483,73D"
            },
            {
                "nomeBeneficio": "                  DEDUCAO FUNDEB                                    328.644,98D"
            },
            {
                "nomeBeneficio": "                  TOTAL NA DATA                                     804.665,22C"
            },
            {
                "nomeBeneficio": ""
            },
            {
                "nomeBeneficio": "19.05.2023        PARCELA DE IPI                                     33.086,97C"
            },
            {
                "nomeBeneficio": "                  PARCELA DE IR                                     291.566,45C"
            },
            {
                "nomeBeneficio": "                  RETENCAO PASEP                                      3.246,52D"
            },
            {
                "nomeBeneficio": "                  DEDUCAO SAUDE                                      48.698,00D"
            },
            {
                "nomeBeneficio": "                  DEDUCAO FUNDEB                                     64.930,68D"
            },
            {
                "nomeBeneficio": "                  TOTAL NA DATA                                     207.778,22C"
            },
            {
                "nomeBeneficio": ""
            },
            {
                "nomeBeneficio": "30.05.2023        PARCELA DE IPI                                     20.822,78C"
            },
            {
                "nomeBeneficio": "                  PARCELA DE IR                                     801.289,86C"
            },
            {
                "nomeBeneficio": "                  RETENCAO PASEP                                      8.221,11D"
            },
            {
                "nomeBeneficio": "                  DEDUCAO SAUDE                                     123.316,88D"
            },
            {
                "nomeBeneficio": "                  DEDUCAO FUNDEB                                    164.422,52D"
            },
            {
                "nomeBeneficio": "                  TOTAL NA DATA                                     526.152,13C"
            },
            {
                "nomeBeneficio": ""
            },
            {
                "nomeBeneficio": "TOTAL POR PARCELA / NATUREZA"
            },
            {
                "nomeBeneficio": ""
            },
            {
                "nomeBeneficio": "                  PARCELA DE IPI                                    170.876,53C"
            },
            {
                "nomeBeneficio": "                  PARCELA DE IR                                   2.619.114,47C"
            },
            {
                "nomeBeneficio": "                  RETENCAO PASEP                                     27.899,87D"
            },
            {
                "nomeBeneficio": "                  RFB-PREV-PARC60                                    75.337,93D"
            },
            {
                "nomeBeneficio": "                  RFB-RET DARF                                      171.660,84D"
            },
            {
                "nomeBeneficio": "                  DEDUCAO SAUDE                                     418.498,61D"
            },
            {
                "nomeBeneficio": "                  DEDUCAO FUNDEB                                    557.998,18D"
            },
            {
                "nomeBeneficio": ""
            },
            {
                "nomeBeneficio": "                  DEBITO FUNDO                                    1.251.395,43D"
            },
            {
                "nomeBeneficio": "                  CREDITO FUNDO                                   2.789.991,00C"
            },
            {
                "nomeBeneficio": ""
            },
            {
                "nomeBeneficio": "TOTAL DISTRIBUIDO NO PERIODO"
            },
            {
                "nomeBeneficio": ""
            },
            {
                "nomeBeneficio": "                  DEBITO BENEF.                                   1.251.395,43D"
            },
            {
                "nomeBeneficio": "                  CREDITO BENEF.                                  2.789.991,00C"
            }
        ]
    },
    "June": {
        "quantidadeBeneficio": 45,
        "indicadorContinuarPesquisa": "N",
        "quantidadeOcorrencia": [
            {
                "nomeBeneficio": "COARACI                                           -BA"
            },
            {
                "nomeBeneficio": ""
            },
            {
                "nomeBeneficio": "FPM   - FUNDO DE PARTICIPACAO DOS MUNICIPIOS"
            },
            {
                "nomeBeneficio": "DATA                PARCELA                                   VALOR DISTRIBUIDO"
            },
            {
                "nomeBeneficio": ""
            },
            {
                "nomeBeneficio": "09.06.2023        PARCELA DE IPI                                    144.309,24C"
            },
            {
                "nomeBeneficio": "                  PARCELA DE IR                                     999.957,83C"
            },
            {
                "nomeBeneficio": "                  RETENCAO PASEP                                     11.442,66D"
            },
            {
                "nomeBeneficio": "                  RFB-PREV-PARC60                                    75.505,79D"
            },
            {
                "nomeBeneficio": "                  RFB-RET DARF                                      201.898,08D"
            },
            {
                "nomeBeneficio": "                  DEDUCAO SAUDE                                     171.640,05D"
            },
            {
                "nomeBeneficio": "                  DEDUCAO FUNDEB                                    228.853,40D"
            },
            {
                "nomeBeneficio": "                  TOTAL NA DATA                                     454.927,09C"
            },
            {
                "nomeBeneficio": ""
            },
            {
                "nomeBeneficio": "20.06.2023        PARCELA DE IPI                                     36.243,18C"
            },
            {
                "nomeBeneficio": "                  PARCELA DE IR                                     624.723,12C"
            },
            {
                "nomeBeneficio": "                  RETENCAO PASEP                                      6.609,66D"
            },
            {
                "nomeBeneficio": "                  DEDUCAO SAUDE                                      99.144,93D"
            },
            {
                "nomeBeneficio": "                  DEDUCAO FUNDEB                                    132.193,25D"
            },
            {
                "nomeBeneficio": "                  TOTAL NA DATA                                     423.018,46C"
            },
            {
                "nomeBeneficio": ""
            },
            {
                "nomeBeneficio": "30.06.2023        PARCELA DE IPI                                     32.526,09C"
            },
            {
                "nomeBeneficio": "                  PARCELA DE IR                                     768.071,22C"
            },
            {
                "nomeBeneficio": "                  RETENCAO PASEP                                      8.005,97D"
            },
            {
                "nomeBeneficio": "                  DEDUCAO SAUDE                                     120.089,59D"
            },
            {
                "nomeBeneficio": "                  DEDUCAO FUNDEB                                    160.119,45D"
            },
            {
                "nomeBeneficio": "                  TOTAL NA DATA                                     512.382,30C"
            },
            {
                "nomeBeneficio": ""
            },
            {
                "nomeBeneficio": "TOTAL POR PARCELA / NATUREZA"
            },
            {
                "nomeBeneficio": ""
            },
            {
                "nomeBeneficio": "                  PARCELA DE IPI                                    213.078,51C"
            },
            {
                "nomeBeneficio": "                  PARCELA DE IR                                   2.392.752,17C"
            },
            {
                "nomeBeneficio": "                  RETENCAO PASEP                                     26.058,29D"
            },
            {
                "nomeBeneficio": "                  RFB-PREV-PARC60                                    75.505,79D"
            },
            {
                "nomeBeneficio": "                  RFB-RET DARF                                      201.898,08D"
            },
            {
                "nomeBeneficio": "                  DEDUCAO SAUDE                                     390.874,57D"
            },
            {
                "nomeBeneficio": "                  DEDUCAO FUNDEB                                    521.166,10D"
            },
            {
                "nomeBeneficio": ""
            },
            {
                "nomeBeneficio": "                  DEBITO FUNDO                                    1.215.502,83D"
            },
            {
                "nomeBeneficio": "                  CREDITO FUNDO                                   2.605.830,68C"
            },
            {
                "nomeBeneficio": ""
            },
            {
                "nomeBeneficio": "TOTAL DISTRIBUIDO NO PERIODO"
            },
            {
                "nomeBeneficio": ""
            },
            {
                "nomeBeneficio": "                  DEBITO BENEF.                                   1.215.502,83D"
            },
            {
                "nomeBeneficio": "                  CREDITO BENEF.                                  2.605.830,68C"
            }
        ]
    },
    "July": {
        "quantidadeBeneficio": 51,
        "indicadorContinuarPesquisa": "N",
        "quantidadeOcorrencia": [
            {
                "nomeBeneficio": "COARACI                                           -BA"
            },
            {
                "nomeBeneficio": ""
            },
            {
                "nomeBeneficio": "FPM   - FUNDO DE PARTICIPACAO DOS MUNICIPIOS"
            },
            {
                "nomeBeneficio": "DATA                PARCELA                                   VALOR DISTRIBUIDO"
            },
            {
                "nomeBeneficio": ""
            },
            {
                "nomeBeneficio": "10.07.2023        PARCELA DE IPI                                    236.866,89C"
            },
            {
                "nomeBeneficio": "                  PARCELA DE IR                                   1.918.491,37C"
            },
            {
                "nomeBeneficio": "                  AJ DED FUNDEB                                       8.991,15C"
            },
            {
                "nomeBeneficio": "                  AJ DED PASEP                                          449,55C"
            },
            {
                "nomeBeneficio": "                  RETENCAO PASEP                                     21.553,57D"
            },
            {
                "nomeBeneficio": "                  RFB-PREV-PARC60                                    75.666,14D"
            },
            {
                "nomeBeneficio": "                  RFB-RET DARF                                      201.898,08D"
            },
            {
                "nomeBeneficio": "                  DEDUCAO SAUDE                                     124.102,06D"
            },
            {
                "nomeBeneficio": "                  DEDUCAO FUNDEB                                    165.469,42D"
            },
            {
                "nomeBeneficio": "                  AJUSTE FPM                                         44.955,84D"
            },
            {
                "nomeBeneficio": "                  TOTAL NA DATA                                   1.531.153,85C"
            },
            {
                "nomeBeneficio": ""
            },
            {
                "nomeBeneficio": "20.07.2023        PARCELA DE IPI                                     36.420,75C"
            },
            {
                "nomeBeneficio": "                  PARCELA DE IR                                     257.153,34C"
            },
            {
                "nomeBeneficio": "                  RETENCAO PASEP                                      2.935,73D"
            },
            {
                "nomeBeneficio": "                  DEDUCAO SAUDE                                      44.036,11D"
            },
            {
                "nomeBeneficio": "                  DEDUCAO FUNDEB                                     58.714,81D"
            },
            {
                "nomeBeneficio": "                  TOTAL NA DATA                                     187.887,44C"
            },
            {
                "nomeBeneficio": ""
            },
            {
                "nomeBeneficio": "28.07.2023        PARCELA DE IPI                                     18.226,77C"
            },
            {
                "nomeBeneficio": "                  PARCELA DE IR                                     784.605,55C"
            },
            {
                "nomeBeneficio": "                  RETENCAO PASEP                                      8.028,31D"
            },
            {
                "nomeBeneficio": "                  DEDUCAO SAUDE                                     120.424,84D"
            },
            {
                "nomeBeneficio": "                  DEDUCAO FUNDEB                                    160.566,46D"
            },
            {
                "nomeBeneficio": "                  TOTAL NA DATA                                     513.812,71C"
            },
            {
                "nomeBeneficio": ""
            },
            {
                "nomeBeneficio": "TOTAL POR PARCELA / NATUREZA"
            },
            {
                "nomeBeneficio": ""
            },
            {
                "nomeBeneficio": "                  PARCELA DE IPI                                    291.514,41C"
            },
            {
                "nomeBeneficio": "                  PARCELA DE IR                                   2.960.250,26C"
            },
            {
                "nomeBeneficio": "                  RETENCAO PASEP                                     32.517,61D"
            },
            {
                "nomeBeneficio": "                  RFB-PREV-PARC60                                    75.666,14D"
            },
            {
                "nomeBeneficio": "                  RFB-RET DARF                                      201.898,08D"
            },
            {
                "nomeBeneficio": "                  DEDUCAO SAUDE                                     288.563,01D"
            },
            {
                "nomeBeneficio": "                  DEDUCAO FUNDEB                                    384.750,69D"
            },
            {
                "nomeBeneficio": "                  AJ DED FUNDEB                                       8.991,15C"
            },
            {
                "nomeBeneficio": "                  AJ DED PASEP                                          449,55C"
            },
            {
                "nomeBeneficio": "                  AJUSTE FPM                                         44.955,84D"
            },
            {
                "nomeBeneficio": ""
            },
            {
                "nomeBeneficio": "                  DEBITO FUNDO                                    1.028.351,37D"
            },
            {
                "nomeBeneficio": "                  CREDITO FUNDO                                   3.261.205,37C"
            },
            {
                "nomeBeneficio": ""
            },
            {
                "nomeBeneficio": "TOTAL DISTRIBUIDO NO PERIODO"
            },
            {
                "nomeBeneficio": ""
            },
            {
                "nomeBeneficio": "                  DEBITO BENEF.                                   1.028.351,37D"
            },
            {
                "nomeBeneficio": "                  CREDITO BENEF.                                  3.261.205,37C"
            }
        ]
    },
    "August": {
        "quantidadeBeneficio": 45,
        "indicadorContinuarPesquisa": "N",
        "quantidadeOcorrencia": [
            {
                "nomeBeneficio": "COARACI                                           -BA"
            },
            {
                "nomeBeneficio": ""
            },
            {
                "nomeBeneficio": "FPM   - FUNDO DE PARTICIPACAO DOS MUNICIPIOS"
            },
            {
                "nomeBeneficio": "DATA                PARCELA                                   VALOR DISTRIBUIDO"
            },
            {
                "nomeBeneficio": ""
            },
            {
                "nomeBeneficio": "10.08.2023        PARCELA DE IPI                                    123.641,21C"
            },
            {
                "nomeBeneficio": "                  PARCELA DE IR                                   1.134.383,82C"
            },
            {
                "nomeBeneficio": "                  RETENCAO PASEP                                     12.580,24D"
            },
            {
                "nomeBeneficio": "                  RFB-PREV-PARC60                                    75.826,50D"
            },
            {
                "nomeBeneficio": "                  RFB-RET DARF                                      201.898,08D"
            },
            {
                "nomeBeneficio": "                  DEDUCAO SAUDE                                     188.703,75D"
            },
            {
                "nomeBeneficio": "                  DEDUCAO FUNDEB                                    251.605,00D"
            },
            {
                "nomeBeneficio": "                  TOTAL NA DATA                                     527.411,46C"
            },
            {
                "nomeBeneficio": ""
            },
            {
                "nomeBeneficio": "18.08.2023        PARCELA DE IPI                                     29.737,77C"
            },
            {
                "nomeBeneficio": "                  PARCELA DE IR                                     257.388,77C"
            },
            {
                "nomeBeneficio": "                  RETENCAO PASEP                                      2.871,25D"
            },
            {
                "nomeBeneficio": "                  DEDUCAO SAUDE                                      43.068,97D"
            },
            {
                "nomeBeneficio": "                  DEDUCAO FUNDEB                                     57.425,30D"
            },
            {
                "nomeBeneficio": "                  TOTAL NA DATA                                     183.761,02C"
            },
            {
                "nomeBeneficio": ""
            },
            {
                "nomeBeneficio": "30.08.2023        PARCELA DE IPI                                     17.277,35C"
            },
            {
                "nomeBeneficio": "                  PARCELA DE IR                                     647.289,64C"
            },
            {
                "nomeBeneficio": "                  RETENCAO PASEP                                      6.645,66D"
            },
            {
                "nomeBeneficio": "                  DEDUCAO SAUDE                                      99.685,04D"
            },
            {
                "nomeBeneficio": "                  DEDUCAO FUNDEB                                    132.913,39D"
            },
            {
                "nomeBeneficio": "                  TOTAL NA DATA                                     425.322,90C"
            },
            {
                "nomeBeneficio": ""
            },
            {
                "nomeBeneficio": "TOTAL POR PARCELA / NATUREZA"
            },
            {
                "nomeBeneficio": ""
            },
            {
                "nomeBeneficio": "                  PARCELA DE IPI                                    170.656,33C"
            },
            {
                "nomeBeneficio": "                  PARCELA DE IR                                   2.039.062,23C"
            },
            {
                "nomeBeneficio": "                  RETENCAO PASEP                                     22.097,15D"
            },
            {
                "nomeBeneficio": "                  RFB-PREV-PARC60                                    75.826,50D"
            },
            {
                "nomeBeneficio": "                  RFB-RET DARF                                      201.898,08D"
            },
            {
                "nomeBeneficio": "                  DEDUCAO SAUDE                                     331.457,76D"
            },
            {
                "nomeBeneficio": "                  DEDUCAO FUNDEB                                    441.943,69D"
            },
            {
                "nomeBeneficio": ""
            },
            {
                "nomeBeneficio": "                  DEBITO FUNDO                                    1.073.223,18D"
            },
            {
                "nomeBeneficio": "                  CREDITO FUNDO                                   2.209.718,56C"
            },
            {
                "nomeBeneficio": ""
            },
            {
                "nomeBeneficio": "TOTAL DISTRIBUIDO NO PERIODO"
            },
            {
                "nomeBeneficio": ""
            },
            {
                "nomeBeneficio": "                  DEBITO BENEF.                                   1.073.223,18D"
            },
            {
                "nomeBeneficio": "                  CREDITO BENEF.                                  2.209.718,56C"
            }
        ]
    },
    "September": {
        "quantidadeBeneficio": 45,
        "indicadorContinuarPesquisa": "N",
        "quantidadeOcorrencia": [
            {
                "nomeBeneficio": "COARACI                                           -BA"
            },
            {
                "nomeBeneficio": ""
            },
            {
                "nomeBeneficio": "FPM   - FUNDO DE PARTICIPACAO DOS MUNICIPIOS"
            },
            {
                "nomeBeneficio": "DATA                PARCELA                                   VALOR DISTRIBUIDO"
            },
            {
                "nomeBeneficio": ""
            },
            {
                "nomeBeneficio": "08.09.2023        PARCELA DE IPI                                    168.036,17C"
            },
            {
                "nomeBeneficio": "                  PARCELA DE IR                                     973.780,43C"
            },
            {
                "nomeBeneficio": "                  RETENCAO PASEP                                     11.418,15D"
            },
            {
                "nomeBeneficio": "                  RFB-PREV-PARC60                                    75.997,35D"
            },
            {
                "nomeBeneficio": "                  RFB-RET DARF                                      201.898,08D"
            },
            {
                "nomeBeneficio": "                  DEDUCAO SAUDE                                     121.966,22D"
            },
            {
                "nomeBeneficio": "                  DEDUCAO FUNDEB                                    162.621,63D"
            },
            {
                "nomeBeneficio": "                  TOTAL NA DATA                                     567.915,17C"
            },
            {
                "nomeBeneficio": ""
            },
            {
                "nomeBeneficio": "20.09.2023        PARCELA DE IPI                                     22.487,46C"
            },
            {
                "nomeBeneficio": "                  PARCELA DE IR                                     185.963,78C"
            },
            {
                "nomeBeneficio": "                  RETENCAO PASEP                                      2.084,50D"
            },
            {
                "nomeBeneficio": "                  DEDUCAO SAUDE                                      31.267,67D"
            },
            {
                "nomeBeneficio": "                  DEDUCAO FUNDEB                                     41.690,24D"
            },
            {
                "nomeBeneficio": "                  TOTAL NA DATA                                     133.408,83C"
            },
            {
                "nomeBeneficio": ""
            },
            {
                "nomeBeneficio": "29.09.2023        PARCELA DE IPI                                     55.769,60C"
            },
            {
                "nomeBeneficio": "                  PARCELA DE IR                                     846.546,75C"
            },
            {
                "nomeBeneficio": "                  RETENCAO PASEP                                      9.023,15D"
            },
            {
                "nomeBeneficio": "                  DEDUCAO SAUDE                                     135.347,45D"
            },
            {
                "nomeBeneficio": "                  DEDUCAO FUNDEB                                    180.463,27D"
            },
            {
                "nomeBeneficio": "                  TOTAL NA DATA                                     577.482,48C"
            },
            {
                "nomeBeneficio": ""
            },
            {
                "nomeBeneficio": "TOTAL POR PARCELA / NATUREZA"
            },
            {
                "nomeBeneficio": ""
            },
            {
                "nomeBeneficio": "                  PARCELA DE IPI                                    246.293,23C"
            },
            {
                "nomeBeneficio": "                  PARCELA DE IR                                   2.006.290,96C"
            },
            {
                "nomeBeneficio": "                  RETENCAO PASEP                                     22.525,80D"
            },
            {
                "nomeBeneficio": "                  RFB-PREV-PARC60                                    75.997,35D"
            },
            {
                "nomeBeneficio": "                  RFB-RET DARF                                      201.898,08D"
            },
            {
                "nomeBeneficio": "                  DEDUCAO SAUDE                                     288.581,34D"
            },
            {
                "nomeBeneficio": "                  DEDUCAO FUNDEB                                    384.775,14D"
            },
            {
                "nomeBeneficio": ""
            },
            {
                "nomeBeneficio": "                  DEBITO FUNDO                                      973.777,71D"
            },
            {
                "nomeBeneficio": "                  CREDITO FUNDO                                   2.252.584,19C"
            },
            {
                "nomeBeneficio": ""
            },
            {
                "nomeBeneficio": "TOTAL DISTRIBUIDO NO PERIODO"
            },
            {
                "nomeBeneficio": ""
            },
            {
                "nomeBeneficio": "                  DEBITO BENEF.                                     973.777,71D"
            },
            {
                "nomeBeneficio": "                  CREDITO BENEF.                                  2.252.584,19C"
            }
        ]
    },
    "October": {
        "quantidadeBeneficio": 45,
        "indicadorContinuarPesquisa": "N",
        "quantidadeOcorrencia": [
            {
                "nomeBeneficio": "COARACI                                           -BA"
            },
            {
                "nomeBeneficio": ""
            },
            {
                "nomeBeneficio": "FPM   - FUNDO DE PARTICIPACAO DOS MUNICIPIOS"
            },
            {
                "nomeBeneficio": "DATA                PARCELA                                   VALOR DISTRIBUIDO"
            },
            {
                "nomeBeneficio": ""
            },
            {
                "nomeBeneficio": "10.10.2023        PARCELA DE IPI                                    142.773,64C"
            },
            {
                "nomeBeneficio": "                  PARCELA DE IR                                     769.269,93C"
            },
            {
                "nomeBeneficio": "                  RETENCAO PASEP                                      9.120,42D"
            },
            {
                "nomeBeneficio": "                  RFB-PREV-PARC60                                    76.142,72D"
            },
            {
                "nomeBeneficio": "                  RFB-RET DARF                                      201.898,08D"
            },
            {
                "nomeBeneficio": "                  DEDUCAO SAUDE                                     136.806,52D"
            },
            {
                "nomeBeneficio": "                  DEDUCAO FUNDEB                                    182.408,70D"
            },
            {
                "nomeBeneficio": "                  TOTAL NA DATA                                     305.667,13C"
            },
            {
                "nomeBeneficio": ""
            },
            {
                "nomeBeneficio": "20.10.2023        PARCELA DE IPI                                     65.192,43C"
            },
            {
                "nomeBeneficio": "                  PARCELA DE IR                                     288.049,80C"
            },
            {
                "nomeBeneficio": "                  RETENCAO PASEP                                      3.532,41D"
            },
            {
                "nomeBeneficio": "                  DEDUCAO SAUDE                                      52.986,33D"
            },
            {
                "nomeBeneficio": "                  DEDUCAO FUNDEB                                     70.648,44D"
            },
            {
                "nomeBeneficio": "                  TOTAL NA DATA                                     226.075,05C"
            },
            {
                "nomeBeneficio": ""
            },
            {
                "nomeBeneficio": "30.10.2023        PARCELA DE IPI                                     39.111,17C"
            },
            {
                "nomeBeneficio": "                  PARCELA DE IR                                     787.718,89C"
            },
            {
                "nomeBeneficio": "                  RETENCAO PASEP                                      8.268,29D"
            },
            {
                "nomeBeneficio": "                  DEDUCAO SAUDE                                     124.024,50D"
            },
            {
                "nomeBeneficio": "                  DEDUCAO FUNDEB                                    165.366,00D"
            },
            {
                "nomeBeneficio": "                  TOTAL NA DATA                                     529.171,27C"
            },
            {
                "nomeBeneficio": ""
            },
            {
                "nomeBeneficio": "TOTAL POR PARCELA / NATUREZA"
            },
            {
                "nomeBeneficio": ""
            },
            {
                "nomeBeneficio": "                  PARCELA DE IPI                                    247.077,24C"
            },
            {
                "nomeBeneficio": "                  PARCELA DE IR                                   1.845.038,62C"
            },
            {
                "nomeBeneficio": "                  RETENCAO PASEP                                     20.921,12D"
            },
            {
                "nomeBeneficio": "                  RFB-PREV-PARC60                                    76.142,72D"
            },
            {
                "nomeBeneficio": "                  RFB-RET DARF                                      201.898,08D"
            },
            {
                "nomeBeneficio": "                  DEDUCAO SAUDE                                     313.817,35D"
            },
            {
                "nomeBeneficio": "                  DEDUCAO FUNDEB                                    418.423,14D"
            },
            {
                "nomeBeneficio": ""
            },
            {
                "nomeBeneficio": "                  DEBITO FUNDO                                    1.031.202,41D"
            },
            {
                "nomeBeneficio": "                  CREDITO FUNDO                                   2.092.115,86C"
            },
            {
                "nomeBeneficio": ""
            },
            {
                "nomeBeneficio": "TOTAL DISTRIBUIDO NO PERIODO"
            },
            {
                "nomeBeneficio": ""
            },
            {
                "nomeBeneficio": "                  DEBITO BENEF.                                   1.031.202,41D"
            },
            {
                "nomeBeneficio": "                  CREDITO BENEF.                                  2.092.115,86C"
            }
        ]
    },
    "November": {
        "quantidadeBeneficio": 45,
        "indicadorContinuarPesquisa": "N",
        "quantidadeOcorrencia": [
            {
                "nomeBeneficio": "COARACI                                           -BA"
            },
            {
                "nomeBeneficio": ""
            },
            {
                "nomeBeneficio": "FPM   - FUNDO DE PARTICIPACAO DOS MUNICIPIOS"
            },
            {
                "nomeBeneficio": "DATA                PARCELA                                   VALOR DISTRIBUIDO"
            },
            {
                "nomeBeneficio": ""
            },
            {
                "nomeBeneficio": "10.11.2023        PARCELA DE IPI                                    119.462,00C"
            },
            {
                "nomeBeneficio": "                  PARCELA DE IR                                   1.497.495,31C"
            },
            {
                "nomeBeneficio": "                  RETENCAO PASEP                                     16.169,57D"
            },
            {
                "nomeBeneficio": "                  RFB-PREV-PARC60                                    76.292,59D"
            },
            {
                "nomeBeneficio": "                  RFB-RET DARF                                      201.898,08D"
            },
            {
                "nomeBeneficio": "                  DEDUCAO SAUDE                                     242.543,59D"
            },
            {
                "nomeBeneficio": "                  DEDUCAO FUNDEB                                    323.391,46D"
            },
            {
                "nomeBeneficio": "                  TOTAL NA DATA                                     756.662,02C"
            },
            {
                "nomeBeneficio": ""
            },
            {
                "nomeBeneficio": "20.11.2023        PARCELA DE IPI                                     42.162,04C"
            },
            {
                "nomeBeneficio": "                  PARCELA DE IR                                     308.608,07C"
            },
            {
                "nomeBeneficio": "                  RETENCAO PASEP                                      3.507,70D"
            },
            {
                "nomeBeneficio": "                  DEDUCAO SAUDE                                      52.615,51D"
            },
            {
                "nomeBeneficio": "                  DEDUCAO FUNDEB                                     70.154,01D"
            },
            {
                "nomeBeneficio": "                  TOTAL NA DATA                                     224.492,89C"
            },
            {
                "nomeBeneficio": ""
            },
            {
                "nomeBeneficio": "30.11.2023        PARCELA DE IPI                                     40.824,93C"
            },
            {
                "nomeBeneficio": "                  PARCELA DE IR                                     705.893,60C"
            },
            {
                "nomeBeneficio": "                  RETENCAO PASEP                                      7.467,17D"
            },
            {
                "nomeBeneficio": "                  DEDUCAO SAUDE                                     112.007,77D"
            },
            {
                "nomeBeneficio": "                  DEDUCAO FUNDEB                                    149.343,70D"
            },
            {
                "nomeBeneficio": "                  TOTAL NA DATA                                     477.899,89C"
            },
            {
                "nomeBeneficio": ""
            },
            {
                "nomeBeneficio": "TOTAL POR PARCELA / NATUREZA"
            },
            {
                "nomeBeneficio": ""
            },
            {
                "nomeBeneficio": "                  PARCELA DE IPI                                    202.448,97C"
            },
            {
                "nomeBeneficio": "                  PARCELA DE IR                                   2.511.996,98C"
            },
            {
                "nomeBeneficio": "                  RETENCAO PASEP                                     27.144,44D"
            },
            {
                "nomeBeneficio": "                  RFB-PREV-PARC60                                    76.292,59D"
            },
            {
                "nomeBeneficio": "                  RFB-RET DARF                                      201.898,08D"
            },
            {
                "nomeBeneficio": "                  DEDUCAO SAUDE                                     407.166,87D"
            },
            {
                "nomeBeneficio": "                  DEDUCAO FUNDEB                                    542.889,17D"
            },
            {
                "nomeBeneficio": ""
            },
            {
                "nomeBeneficio": "                  DEBITO FUNDO                                    1.255.391,15D"
            },
            {
                "nomeBeneficio": "                  CREDITO FUNDO                                   2.714.445,95C"
            },
            {
                "nomeBeneficio": ""
            },
            {
                "nomeBeneficio": "TOTAL DISTRIBUIDO NO PERIODO"
            },
            {
                "nomeBeneficio": ""
            },
            {
                "nomeBeneficio": "                  DEBITO BENEF.                                   1.255.391,15D"
            },
            {
                "nomeBeneficio": "                  CREDITO BENEF.                                  2.714.445,95C"
            }
        ]
    },
    "December": {
        "quantidadeBeneficio": 50,
        "indicadorContinuarPesquisa": "N",
        "quantidadeOcorrencia": [
            {
                "nomeBeneficio": "COARACI                                           -BA"
            },
            {
                "nomeBeneficio": ""
            },
            {
                "nomeBeneficio": "FPM   - FUNDO DE PARTICIPACAO DOS MUNICIPIOS"
            },
            {
                "nomeBeneficio": "DATA                PARCELA                                   VALOR DISTRIBUIDO"
            },
            {
                "nomeBeneficio": ""
            },
            {
                "nomeBeneficio": "07.12.2023        PARCELA DE IPI                                    102.999,87C"
            },
            {
                "nomeBeneficio": "                  PARCELA DE IR                                   1.221.127,17C"
            },
            {
                "nomeBeneficio": "                  RETENCAO PASEP                                     13.241,26D"
            },
            {
                "nomeBeneficio": "                  TOTAL NA DATA                                   1.310.885,78C"
            },
            {
                "nomeBeneficio": ""
            },
            {
                "nomeBeneficio": "08.12.2023        PARCELA DE IPI                                    116.831,82C"
            },
            {
                "nomeBeneficio": "                  PARCELA DE IR                                   1.050.507,00C"
            },
            {
                "nomeBeneficio": "                  RETENCAO PASEP                                     11.673,38D"
            },
            {
                "nomeBeneficio": "                  RFB-PREV-PARC60                                    76.430,47D"
            },
            {
                "nomeBeneficio": "                  RFB-RET DARF                                      226.474,85D"
            },
            {
                "nomeBeneficio": "                  DEDUCAO SAUDE                                     175.100,82D"
            },
            {
                "nomeBeneficio": "                  DEDUCAO FUNDEB                                    233.467,76D"
            },
            {
                "nomeBeneficio": "                  TOTAL NA DATA                                     444.191,54C"
            },
            {
                "nomeBeneficio": ""
            },
            {
                "nomeBeneficio": "20.12.2023        PARCELA DE IPI                                     55.302,28C"
            },
            {
                "nomeBeneficio": "                  PARCELA DE IR                                     748.226,65C"
            },
            {
                "nomeBeneficio": "                  RETENCAO PASEP                                      8.035,28D"
            },
            {
                "nomeBeneficio": "                  DEDUCAO SAUDE                                     120.529,33D"
            },
            {
                "nomeBeneficio": "                  DEDUCAO FUNDEB                                    160.705,78D"
            },
            {
                "nomeBeneficio": "                  TOTAL NA DATA                                     514.258,54C"
            },
            {
                "nomeBeneficio": ""
            },
            {
                "nomeBeneficio": "28.12.2023        PARCELA DE IPI                                     48.270,22C"
            },
            {
                "nomeBeneficio": "                  PARCELA DE IR                                     967.465,63C"
            },
            {
                "nomeBeneficio": "                  RETENCAO PASEP                                     10.157,35D"
            },
            {
                "nomeBeneficio": "                  DEDUCAO SAUDE                                     152.360,37D"
            },
            {
                "nomeBeneficio": "                  DEDUCAO FUNDEB                                    203.147,16D"
            },
            {
                "nomeBeneficio": "                  TOTAL NA DATA                                     650.070,97C"
            },
            {
                "nomeBeneficio": ""
            },
            {
                "nomeBeneficio": "TOTAL POR PARCELA / NATUREZA"
            },
            {
                "nomeBeneficio": ""
            },
            {
                "nomeBeneficio": "                  PARCELA DE IPI                                    323.404,19C"
            },
            {
                "nomeBeneficio": "                  PARCELA DE IR                                   3.987.326,45C"
            },
            {
                "nomeBeneficio": "                  RETENCAO PASEP                                     43.107,27D"
            },
            {
                "nomeBeneficio": "                  RFB-PREV-PARC60                                    76.430,47D"
            },
            {
                "nomeBeneficio": "                  RFB-RET DARF                                      226.474,85D"
            },
            {
                "nomeBeneficio": "                  DEDUCAO SAUDE                                     447.990,52D"
            },
            {
                "nomeBeneficio": "                  DEDUCAO FUNDEB                                    597.320,70D"
            },
            {
                "nomeBeneficio": ""
            },
            {
                "nomeBeneficio": "                  DEBITO FUNDO                                    1.391.323,81D"
            },
            {
                "nomeBeneficio": "                  CREDITO FUNDO                                   4.310.730,64C"
            },
            {
                "nomeBeneficio": ""
            },
            {
                "nomeBeneficio": "TOTAL DISTRIBUIDO NO PERIODO"
            },
            {
                "nomeBeneficio": ""
            },
            {
                "nomeBeneficio": "                  DEBITO BENEF.                                   1.391.323,81D"
            },
            {
                "nomeBeneficio": "                  CREDITO BENEF.                                  4.310.730,64C"
            }
        ]
    }
}