{
    "January": {
        "quantidadeBeneficio": 45,
        "indicadorContinuarPesquisa": "N",
        "quantidadeOcorrencia": [
            {
                "nomeBeneficio": "ESPLANADA                                         -BA"
            },
            {
                "nomeBeneficio": ""
            },
            {
                "nomeBeneficio": "FPM   - FUNDO DE PARTICIPACAO DOS MUNICIPIOS"
            },
            {
                "nomeBeneficio": "DATA                PARCELA                                   VALOR DISTRIBUIDO"
            },
            {
                "nomeBeneficio": ""
            },
            {
                "nomeBeneficio": "10.01.2023        PARCELA DE IPI                                    156.471,26C"
            },
            {
                "nomeBeneficio": "                  PARCELA DE IR                                   1.441.803,18C"
            },
            {
                "nomeBeneficio": "                  RETENCAO PASEP                                     15.982,74D"
            },
            {
                "nomeBeneficio": "                  RFB-PREV-PARC60                                    49.950,87D"
            },
            {
                "nomeBeneficio": "                  DEDUCAO SAUDE                                     239.741,15D"
            },
            {
                "nomeBeneficio": "                  DEDUCAO FUNDEB                                    319.654,88D"
            },
            {
                "nomeBeneficio": "                  TOTAL NA DATA                                     972.944,80C"
            },
            {
                "nomeBeneficio": ""
            },
            {
                "nomeBeneficio": "20.01.2023        PARCELA DE IPI                                     77.499,57C"
            },
            {
                "nomeBeneficio": "                  PARCELA DE IR                                     538.435,96C"
            },
            {
                "nomeBeneficio": "                  RETENCAO PASEP                                      6.159,34D"
            },
            {
                "nomeBeneficio": "                  RFB-RET DARF                                      218.500,00D"
            },
            {
                "nomeBeneficio": "                  DEDUCAO SAUDE                                      92.390,32D"
            },
            {
                "nomeBeneficio": "                  DEDUCAO FUNDEB                                    123.187,10D"
            },
            {
                "nomeBeneficio": "                  TOTAL NA DATA                                     175.698,77C"
            },
            {
                "nomeBeneficio": ""
            },
            {
                "nomeBeneficio": "30.01.2023        PARCELA DE IPI                                     46.384,71C"
            },
            {
                "nomeBeneficio": "                  PARCELA DE IR                                   1.529.771,76C"
            },
            {
                "nomeBeneficio": "                  RETENCAO PASEP                                     15.761,55D"
            },
            {
                "nomeBeneficio": "                  DEDUCAO SAUDE                                     236.423,46D"
            },
            {
                "nomeBeneficio": "                  DEDUCAO FUNDEB                                    315.231,29D"
            },
            {
                "nomeBeneficio": "                  TOTAL NA DATA                                   1.008.740,17C"
            },
            {
                "nomeBeneficio": ""
            },
            {
                "nomeBeneficio": "TOTAL POR PARCELA / NATUREZA"
            },
            {
                "nomeBeneficio": ""
            },
            {
                "nomeBeneficio": "                  PARCELA DE IPI                                    280.355,54C"
            },
            {
                "nomeBeneficio": "                  PARCELA DE IR                                   3.510.010,90C"
            },
            {
                "nomeBeneficio": "                  RETENCAO PASEP                                     37.903,63D"
            },
            {
                "nomeBeneficio": "                  RFB-PREV-PARC60                                    49.950,87D"
            },
            {
                "nomeBeneficio": "                  RFB-RET DARF                                      218.500,00D"
            },
            {
                "nomeBeneficio": "                  DEDUCAO SAUDE                                     568.554,93D"
            },
            {
                "nomeBeneficio": "                  DEDUCAO FUNDEB                                    758.073,27D"
            },
            {
                "nomeBeneficio": ""
            },
            {
                "nomeBeneficio": "                  DEBITO FUNDO                                    1.632.982,70D"
            },
            {
                "nomeBeneficio": "                  CREDITO FUNDO                                   3.790.366,44C"
            },
            {
                "nomeBeneficio": ""
            },
            {
                "nomeBeneficio": "TOTAL DISTRIBUIDO NO PERIODO"
            },
            {
                "nomeBeneficio": ""
            },
            {
                "nomeBeneficio": "                  DEBITO BENEF.                                   1.632.982,70D"
            },
            {
                "nomeBeneficio": "                  CREDITO BENEF.                                  3.790.366,44C"
            }
        ]
    },
    "February": {
        "quantidadeBeneficio": 45,
        "indicadorContinuarPesquisa": "N",
        "quantidadeOcorrencia": [
            {
                "nomeBeneficio": "ESPLANADA                                         -BA"
            },
            {
                "nomeBeneficio": ""
            },
            {
                "nomeBeneficio": "FPM   - FUNDO DE PARTICIPACAO DOS MUNICIPIOS"
            },
            {
                "nomeBeneficio": "DATA                PARCELA                                   VALOR DISTRIBUIDO"
            },
            {
                "nomeBeneficio": ""
            },
            {
                "nomeBeneficio": "10.02.2023        PARCELA DE IPI                                    164.022,00C"
            },
            {
                "nomeBeneficio": "                  PARCELA DE IR                                   3.867.931,20C"
            },
            {
                "nomeBeneficio": "                  RETENCAO PASEP                                     40.319,53D"
            },
            {
                "nomeBeneficio": "                  RFB-PREV-PARC60                                    49.950,87D"
            },
            {
                "nomeBeneficio": "                  DEDUCAO SAUDE                                     604.792,98D"
            },
            {
                "nomeBeneficio": "                  DEDUCAO FUNDEB                                    806.390,64D"
            },
            {
                "nomeBeneficio": "                  TOTAL NA DATA                                   2.530.499,18C"
            },
            {
                "nomeBeneficio": ""
            },
            {
                "nomeBeneficio": "17.02.2023        PARCELA DE IPI                                     29.808,45C"
            },
            {
                "nomeBeneficio": "                  PARCELA DE IR                                     358.328,76C"
            },
            {
                "nomeBeneficio": "                  RETENCAO PASEP                                      3.881,36D"
            },
            {
                "nomeBeneficio": "                  RFB-RET DARF                                      218.500,00D"
            },
            {
                "nomeBeneficio": "                  DEDUCAO SAUDE                                      58.220,57D"
            },
            {
                "nomeBeneficio": "                  DEDUCAO FUNDEB                                     77.627,44D"
            },
            {
                "nomeBeneficio": "                  TOTAL NA DATA                                      29.907,84C"
            },
            {
                "nomeBeneficio": ""
            },
            {
                "nomeBeneficio": "28.02.2023        PARCELA DE IPI                                     21.905,02C"
            },
            {
                "nomeBeneficio": "                  PARCELA DE IR                                     940.529,27C"
            },
            {
                "nomeBeneficio": "                  RETENCAO PASEP                                      9.624,34D"
            },
            {
                "nomeBeneficio": "                  DEDUCAO SAUDE                                     144.365,14D"
            },
            {
                "nomeBeneficio": "                  DEDUCAO FUNDEB                                    192.486,85D"
            },
            {
                "nomeBeneficio": "                  TOTAL NA DATA                                     615.957,96C"
            },
            {
                "nomeBeneficio": ""
            },
            {
                "nomeBeneficio": "TOTAL POR PARCELA / NATUREZA"
            },
            {
                "nomeBeneficio": ""
            },
            {
                "nomeBeneficio": "                  PARCELA DE IPI                                    215.735,47C"
            },
            {
                "nomeBeneficio": "                  PARCELA DE IR                                   5.166.789,23C"
            },
            {
                "nomeBeneficio": "                  RETENCAO PASEP                                     53.825,23D"
            },
            {
                "nomeBeneficio": "                  RFB-PREV-PARC60                                    49.950,87D"
            },
            {
                "nomeBeneficio": "                  RFB-RET DARF                                      218.500,00D"
            },
            {
                "nomeBeneficio": "                  DEDUCAO SAUDE                                     807.378,69D"
            },
            {
                "nomeBeneficio": "                  DEDUCAO FUNDEB                                  1.076.504,93D"
            },
            {
                "nomeBeneficio": ""
            },
            {
                "nomeBeneficio": "                  DEBITO FUNDO                                    2.206.159,72D"
            },
            {
                "nomeBeneficio": "                  CREDITO FUNDO                                   5.382.524,70C"
            },
            {
                "nomeBeneficio": ""
            },
            {
                "nomeBeneficio": "TOTAL DISTRIBUIDO NO PERIODO"
            },
            {
                "nomeBeneficio": ""
            },
            {
                "nomeBeneficio": "                  DEBITO BENEF.                                   2.206.159,72D"
            },
            {
                "nomeBeneficio": "                  CREDITO BENEF.                                  5.382.524,70C"
            }
        ]
    },
    "March": {
        "quantidadeBeneficio": 45,
        "indicadorContinuarPesquisa": "N",
        "quantidadeOcorrencia": [
            {
                "nomeBeneficio": "ESPLANADA                                         -BA"
            },
            {
                "nomeBeneficio": ""
            },
            {
                "nomeBeneficio": "FPM   - FUNDO DE PARTICIPACAO DOS MUNICIPIOS"
            },
            {
                "nomeBeneficio": "DATA                PARCELA                                   VALOR DISTRIBUIDO"
            },
            {
                "nomeBeneficio": ""
            },
            {
                "nomeBeneficio": "10.03.2023        PARCELA DE IPI                                    185.003,43C"
            },
            {
                "nomeBeneficio": "                  PARCELA DE IR                                   1.502.975,93C"
            },
            {
                "nomeBeneficio": "                  RETENCAO PASEP                                     16.879,78D"
            },
            {
                "nomeBeneficio": "                  RFB-PREV-PARC60                                    49.950,87D"
            },
            {
                "nomeBeneficio": "                  DEDUCAO SAUDE                                     253.196,89D"
            },
            {
                "nomeBeneficio": "                  DEDUCAO FUNDEB                                    337.595,86D"
            },
            {
                "nomeBeneficio": "                  TOTAL NA DATA                                   1.030.355,96C"
            },
            {
                "nomeBeneficio": ""
            },
            {
                "nomeBeneficio": "20.03.2023        PARCELA DE IPI                                     37.186,99C"
            },
            {
                "nomeBeneficio": "                  PARCELA DE IR                                     334.906,17C"
            },
            {
                "nomeBeneficio": "                  RETENCAO PASEP                                      3.720,92D"
            },
            {
                "nomeBeneficio": "                  RFB-RET DARF                                      218.500,00D"
            },
            {
                "nomeBeneficio": "                  DEDUCAO SAUDE                                      55.813,96D"
            },
            {
                "nomeBeneficio": "                  DEDUCAO FUNDEB                                     74.418,62D"
            },
            {
                "nomeBeneficio": "                  TOTAL NA DATA                                      19.639,66C"
            },
            {
                "nomeBeneficio": ""
            },
            {
                "nomeBeneficio": "30.03.2023        PARCELA DE IPI                                     45.173,39C"
            },
            {
                "nomeBeneficio": "                  PARCELA DE IR                                   1.187.491,37C"
            },
            {
                "nomeBeneficio": "                  RETENCAO PASEP                                     12.326,64D"
            },
            {
                "nomeBeneficio": "                  DEDUCAO SAUDE                                     184.899,70D"
            },
            {
                "nomeBeneficio": "                  DEDUCAO FUNDEB                                    246.532,94D"
            },
            {
                "nomeBeneficio": "                  TOTAL NA DATA                                     788.905,48C"
            },
            {
                "nomeBeneficio": ""
            },
            {
                "nomeBeneficio": "TOTAL POR PARCELA / NATUREZA"
            },
            {
                "nomeBeneficio": ""
            },
            {
                "nomeBeneficio": "                  PARCELA DE IPI                                    267.363,81C"
            },
            {
                "nomeBeneficio": "                  PARCELA DE IR                                   3.025.373,47C"
            },
            {
                "nomeBeneficio": "                  RETENCAO PASEP                                     32.927,34D"
            },
            {
                "nomeBeneficio": "                  RFB-PREV-PARC60                                    49.950,87D"
            },
            {
                "nomeBeneficio": "                  RFB-RET DARF                                      218.500,00D"
            },
            {
                "nomeBeneficio": "                  DEDUCAO SAUDE                                     493.910,55D"
            },
            {
                "nomeBeneficio": "                  DEDUCAO FUNDEB                                    658.547,42D"
            },
            {
                "nomeBeneficio": ""
            },
            {
                "nomeBeneficio": "                  DEBITO FUNDO                                    1.453.836,18D"
            },
            {
                "nomeBeneficio": "                  CREDITO FUNDO                                   3.292.737,28C"
            },
            {
                "nomeBeneficio": ""
            },
            {
                "nomeBeneficio": "TOTAL DISTRIBUIDO NO PERIODO"
            },
            {
                "nomeBeneficio": ""
            },
            {
                "nomeBeneficio": "                  DEBITO BENEF.                                   1.453.836,18D"
            },
            {
                "nomeBeneficio": "                  CREDITO BENEF.                                  3.292.737,28C"
            }
        ]
    },
    "April": {
        "quantidadeBeneficio": 45,
        "indicadorContinuarPesquisa": "N",
        "quantidadeOcorrencia": [
            {
                "nomeBeneficio": "ESPLANADA                                         -BA"
            },
            {
                "nomeBeneficio": ""
            },
            {
                "nomeBeneficio": "FPM   - FUNDO DE PARTICIPACAO DOS MUNICIPIOS"
            },
            {
                "nomeBeneficio": "DATA                PARCELA                                   VALOR DISTRIBUIDO"
            },
            {
                "nomeBeneficio": ""
            },
            {
                "nomeBeneficio": "10.04.2023        PARCELA DE IPI                                    210.431,20C"
            },
            {
                "nomeBeneficio": "                  PARCELA DE IR                                   1.610.266,01C"
            },
            {
                "nomeBeneficio": "                  RETENCAO PASEP                                     18.206,97D"
            },
            {
                "nomeBeneficio": "                  RFB-PREV-PARC60                                    63.452,47D"
            },
            {
                "nomeBeneficio": "                  DEDUCAO SAUDE                                     273.104,58D"
            },
            {
                "nomeBeneficio": "                  DEDUCAO FUNDEB                                    364.139,44D"
            },
            {
                "nomeBeneficio": "                  TOTAL NA DATA                                   1.101.793,75C"
            },
            {
                "nomeBeneficio": ""
            },
            {
                "nomeBeneficio": "20.04.2023        PARCELA DE IPI                                     33.173,36C"
            },
            {
                "nomeBeneficio": "                  PARCELA DE IR                                     434.274,36C"
            },
            {
                "nomeBeneficio": "                  RETENCAO PASEP                                      4.674,47D"
            },
            {
                "nomeBeneficio": "                  RFB-RET DARF                                      218.500,00D"
            },
            {
                "nomeBeneficio": "                  DEDUCAO SAUDE                                      70.117,15D"
            },
            {
                "nomeBeneficio": "                  DEDUCAO FUNDEB                                     93.489,54D"
            },
            {
                "nomeBeneficio": "                  TOTAL NA DATA                                      80.666,56C"
            },
            {
                "nomeBeneficio": ""
            },
            {
                "nomeBeneficio": "28.04.2023        PARCELA DE IPI                                     41.424,46C"
            },
            {
                "nomeBeneficio": "                  PARCELA DE IR                                   1.435.056,89C"
            },
            {
                "nomeBeneficio": "                  RETENCAO PASEP                                     14.764,80D"
            },
            {
                "nomeBeneficio": "                  DEDUCAO SAUDE                                     221.472,19D"
            },
            {
                "nomeBeneficio": "                  DEDUCAO FUNDEB                                    295.296,26D"
            },
            {
                "nomeBeneficio": "                  TOTAL NA DATA                                     944.948,10C"
            },
            {
                "nomeBeneficio": ""
            },
            {
                "nomeBeneficio": "TOTAL POR PARCELA / NATUREZA"
            },
            {
                "nomeBeneficio": ""
            },
            {
                "nomeBeneficio": "                  PARCELA DE IPI                                    285.029,02C"
            },
            {
                "nomeBeneficio": "                  PARCELA DE IR                                   3.479.597,26C"
            },
            {
                "nomeBeneficio": "                  RETENCAO PASEP                                     37.646,24D"
            },
            {
                "nomeBeneficio": "                  RFB-PREV-PARC60                                    63.452,47D"
            },
            {
                "nomeBeneficio": "                  RFB-RET DARF                                      218.500,00D"
            },
            {
                "nomeBeneficio": "                  DEDUCAO SAUDE                                     564.693,92D"
            },
            {
                "nomeBeneficio": "                  DEDUCAO FUNDEB                                    752.925,24D"
            },
            {
                "nomeBeneficio": ""
            },
            {
                "nomeBeneficio": "                  DEBITO FUNDO                                    1.637.217,87D"
            },
            {
                "nomeBeneficio": "                  CREDITO FUNDO                                   3.764.626,28C"
            },
            {
                "nomeBeneficio": ""
            },
            {
                "nomeBeneficio": "TOTAL DISTRIBUIDO NO PERIODO"
            },
            {
                "nomeBeneficio": ""
            },
            {
                "nomeBeneficio": "                  DEBITO BENEF.                                   1.637.217,87D"
            },
            {
                "nomeBeneficio": "                  CREDITO BENEF.                                  3.764.626,28C"
            }
        ]
    },
    "May": {
        "quantidadeBeneficio": 43,
        "indicadorContinuarPesquisa": "N",
        "quantidadeOcorrencia": [
            {
                "nomeBeneficio": "ESPLANADA                                         -BA"
            },
            {
                "nomeBeneficio": ""
            },
            {
                "nomeBeneficio": "FPM   - FUNDO DE PARTICIPACAO DOS MUNICIPIOS"
            },
            {
                "nomeBeneficio": "DATA                PARCELA                                   VALOR DISTRIBUIDO"
            },
            {
                "nomeBeneficio": ""
            },
            {
                "nomeBeneficio": "10.05.2023        PARCELA DE IPI                                    175.450,16C"
            },
            {
                "nomeBeneficio": "                  PARCELA DE IR                                   2.289.387,24C"
            },
            {
                "nomeBeneficio": "                  RETENCAO PASEP                                     24.648,37D"
            },
            {
                "nomeBeneficio": "                  RFB-PREV-PARC60                                    63.452,47D"
            },
            {
                "nomeBeneficio": "                  DEDUCAO SAUDE                                     369.725,60D"
            },
            {
                "nomeBeneficio": "                  DEDUCAO FUNDEB                                    492.967,47D"
            },
            {
                "nomeBeneficio": "                  TOTAL NA DATA                                   1.514.043,49C"
            },
            {
                "nomeBeneficio": ""
            },
            {
                "nomeBeneficio": "19.05.2023        PARCELA DE IPI                                     49.630,46C"
            },
            {
                "nomeBeneficio": "                  PARCELA DE IR                                     437.349,67C"
            },
            {
                "nomeBeneficio": "                  RETENCAO PASEP                                      4.869,79D"
            },
            {
                "nomeBeneficio": "                  DEDUCAO SAUDE                                      73.047,01D"
            },
            {
                "nomeBeneficio": "                  DEDUCAO FUNDEB                                     97.396,02D"
            },
            {
                "nomeBeneficio": "                  TOTAL NA DATA                                     311.667,31C"
            },
            {
                "nomeBeneficio": ""
            },
            {
                "nomeBeneficio": "30.05.2023        PARCELA DE IPI                                     31.234,17C"
            },
            {
                "nomeBeneficio": "                  PARCELA DE IR                                   1.201.934,79C"
            },
            {
                "nomeBeneficio": "                  RETENCAO PASEP                                     12.331,68D"
            },
            {
                "nomeBeneficio": "                  DEDUCAO SAUDE                                     184.975,33D"
            },
            {
                "nomeBeneficio": "                  DEDUCAO FUNDEB                                    246.633,78D"
            },
            {
                "nomeBeneficio": "                  TOTAL NA DATA                                     789.228,17C"
            },
            {
                "nomeBeneficio": ""
            },
            {
                "nomeBeneficio": "TOTAL POR PARCELA / NATUREZA"
            },
            {
                "nomeBeneficio": ""
            },
            {
                "nomeBeneficio": "                  PARCELA DE IPI                                    256.314,79C"
            },
            {
                "nomeBeneficio": "                  PARCELA DE IR                                   3.928.671,70C"
            },
            {
                "nomeBeneficio": "                  RETENCAO PASEP                                     41.849,84D"
            },
            {
                "nomeBeneficio": "                  RFB-PREV-PARC60                                    63.452,47D"
            },
            {
                "nomeBeneficio": "                  DEDUCAO SAUDE                                     627.747,94D"
            },
            {
                "nomeBeneficio": "                  DEDUCAO FUNDEB                                    836.997,27D"
            },
            {
                "nomeBeneficio": ""
            },
            {
                "nomeBeneficio": "                  DEBITO FUNDO                                    1.570.047,52D"
            },
            {
                "nomeBeneficio": "                  CREDITO FUNDO                                   4.184.986,49C"
            },
            {
                "nomeBeneficio": ""
            },
            {
                "nomeBeneficio": "TOTAL DISTRIBUIDO NO PERIODO"
            },
            {
                "nomeBeneficio": ""
            },
            {
                "nomeBeneficio": "                  DEBITO BENEF.                                   1.570.047,52D"
            },
            {
                "nomeBeneficio": "                  CREDITO BENEF.                                  4.184.986,49C"
            }
        ]
    },
    "June": {
        "quantidadeBeneficio": 43,
        "indicadorContinuarPesquisa": "N",
        "quantidadeOcorrencia": [
            {
                "nomeBeneficio": "ESPLANADA                                         -BA"
            },
            {
                "nomeBeneficio": ""
            },
            {
                "nomeBeneficio": "FPM   - FUNDO DE PARTICIPACAO DOS MUNICIPIOS"
            },
            {
                "nomeBeneficio": "DATA                PARCELA                                   VALOR DISTRIBUIDO"
            },
            {
                "nomeBeneficio": ""
            },
            {
                "nomeBeneficio": "09.06.2023        PARCELA DE IPI                                    216.463,85C"
            },
            {
                "nomeBeneficio": "                  PARCELA DE IR                                   1.499.936,74C"
            },
            {
                "nomeBeneficio": "                  RETENCAO PASEP                                     17.163,99D"
            },
            {
                "nomeBeneficio": "                  RFB-PREV-PARC60                                    63.452,47D"
            },
            {
                "nomeBeneficio": "                  DEDUCAO SAUDE                                     257.460,08D"
            },
            {
                "nomeBeneficio": "                  DEDUCAO FUNDEB                                    343.280,11D"
            },
            {
                "nomeBeneficio": "                  TOTAL NA DATA                                   1.035.043,94C"
            },
            {
                "nomeBeneficio": ""
            },
            {
                "nomeBeneficio": "20.06.2023        PARCELA DE IPI                                     54.364,77C"
            },
            {
                "nomeBeneficio": "                  PARCELA DE IR                                     937.084,69C"
            },
            {
                "nomeBeneficio": "                  RETENCAO PASEP                                      9.914,48D"
            },
            {
                "nomeBeneficio": "                  DEDUCAO SAUDE                                     148.717,41D"
            },
            {
                "nomeBeneficio": "                  DEDUCAO FUNDEB                                    198.289,88D"
            },
            {
                "nomeBeneficio": "                  TOTAL NA DATA                                     634.527,69C"
            },
            {
                "nomeBeneficio": ""
            },
            {
                "nomeBeneficio": "30.06.2023        PARCELA DE IPI                                     48.789,13C"
            },
            {
                "nomeBeneficio": "                  PARCELA DE IR                                   1.152.106,83C"
            },
            {
                "nomeBeneficio": "                  RETENCAO PASEP                                     12.008,95D"
            },
            {
                "nomeBeneficio": "                  DEDUCAO SAUDE                                     180.134,38D"
            },
            {
                "nomeBeneficio": "                  DEDUCAO FUNDEB                                    240.179,18D"
            },
            {
                "nomeBeneficio": "                  TOTAL NA DATA                                     768.573,45C"
            },
            {
                "nomeBeneficio": ""
            },
            {
                "nomeBeneficio": "TOTAL POR PARCELA / NATUREZA"
            },
            {
                "nomeBeneficio": ""
            },
            {
                "nomeBeneficio": "                  PARCELA DE IPI                                    319.617,75C"
            },
            {
                "nomeBeneficio": "                  PARCELA DE IR                                   3.589.128,26C"
            },
            {
                "nomeBeneficio": "                  RETENCAO PASEP                                     39.087,42D"
            },
            {
                "nomeBeneficio": "                  RFB-PREV-PARC60                                    63.452,47D"
            },
            {
                "nomeBeneficio": "                  DEDUCAO SAUDE                                     586.311,87D"
            },
            {
                "nomeBeneficio": "                  DEDUCAO FUNDEB                                    781.749,17D"
            },
            {
                "nomeBeneficio": ""
            },
            {
                "nomeBeneficio": "                  DEBITO FUNDO                                    1.470.600,93D"
            },
            {
                "nomeBeneficio": "                  CREDITO FUNDO                                   3.908.746,01C"
            },
            {
                "nomeBeneficio": ""
            },
            {
                "nomeBeneficio": "TOTAL DISTRIBUIDO NO PERIODO"
            },
            {
                "nomeBeneficio": ""
            },
            {
                "nomeBeneficio": "                  DEBITO BENEF.                                   1.470.600,93D"
            },
            {
                "nomeBeneficio": "                  CREDITO BENEF.                                  3.908.746,01C"
            }
        ]
    },
    "July": {
        "quantidadeBeneficio": 49,
        "indicadorContinuarPesquisa": "N",
        "quantidadeOcorrencia": [
            {
                "nomeBeneficio": "ESPLANADA                                         -BA"
            },
            {
                "nomeBeneficio": ""
            },
            {
                "nomeBeneficio": "FPM   - FUNDO DE PARTICIPACAO DOS MUNICIPIOS"
            },
            {
                "nomeBeneficio": "DATA                PARCELA                                   VALOR DISTRIBUIDO"
            },
            {
                "nomeBeneficio": ""
            },
            {
                "nomeBeneficio": "10.07.2023        PARCELA DE IPI                                    355.300,33C"
            },
            {
                "nomeBeneficio": "                  PARCELA DE IR                                   2.877.737,06C"
            },
            {
                "nomeBeneficio": "                  AJUSTE FPM                                        209.342,47C"
            },
            {
                "nomeBeneficio": "                  RETENCAO PASEP                                     32.330,35D"
            },
            {
                "nomeBeneficio": "                  RFB-PREV-PARC60                                    63.452,47D"
            },
            {
                "nomeBeneficio": "                  DEDUCAO SAUDE                                     186.153,09D"
            },
            {
                "nomeBeneficio": "                  DEDUCAO FUNDEB                                    248.204,13D"
            },
            {
                "nomeBeneficio": "                  AJ DED FUNDEB                                      41.868,50D"
            },
            {
                "nomeBeneficio": "                  AJ DED PASEP                                        2.093,44D"
            },
            {
                "nomeBeneficio": "                  TOTAL NA DATA                                   2.868.277,88C"
            },
            {
                "nomeBeneficio": ""
            },
            {
                "nomeBeneficio": "20.07.2023        PARCELA DE IPI                                     54.631,13C"
            },
            {
                "nomeBeneficio": "                  PARCELA DE IR                                     385.730,01C"
            },
            {
                "nomeBeneficio": "                  RETENCAO PASEP                                      4.403,61D"
            },
            {
                "nomeBeneficio": "                  DEDUCAO SAUDE                                      66.054,16D"
            },
            {
                "nomeBeneficio": "                  DEDUCAO FUNDEB                                     88.072,22D"
            },
            {
                "nomeBeneficio": "                  TOTAL NA DATA                                     281.831,15C"
            },
            {
                "nomeBeneficio": ""
            },
            {
                "nomeBeneficio": "28.07.2023        PARCELA DE IPI                                     27.340,15C"
            },
            {
                "nomeBeneficio": "                  PARCELA DE IR                                   1.176.908,33C"
            },
            {
                "nomeBeneficio": "                  RETENCAO PASEP                                     12.042,48D"
            },
            {
                "nomeBeneficio": "                  DEDUCAO SAUDE                                     180.637,26D"
            },
            {
                "nomeBeneficio": "                  DEDUCAO FUNDEB                                    240.849,69D"
            },
            {
                "nomeBeneficio": "                  TOTAL NA DATA                                     770.719,05C"
            },
            {
                "nomeBeneficio": ""
            },
            {
                "nomeBeneficio": "TOTAL POR PARCELA / NATUREZA"
            },
            {
                "nomeBeneficio": ""
            },
            {
                "nomeBeneficio": "                  PARCELA DE IPI                                    437.271,61C"
            },
            {
                "nomeBeneficio": "                  PARCELA DE IR                                   4.440.375,40C"
            },
            {
                "nomeBeneficio": "                  RETENCAO PASEP                                     48.776,44D"
            },
            {
                "nomeBeneficio": "                  RFB-PREV-PARC60                                    63.452,47D"
            },
            {
                "nomeBeneficio": "                  DEDUCAO SAUDE                                     432.844,51D"
            },
            {
                "nomeBeneficio": "                  DEDUCAO FUNDEB                                    577.126,04D"
            },
            {
                "nomeBeneficio": "                  AJ DED FUNDEB                                      41.868,50D"
            },
            {
                "nomeBeneficio": "                  AJ DED PASEP                                        2.093,44D"
            },
            {
                "nomeBeneficio": "                  AJUSTE FPM                                        209.342,47C"
            },
            {
                "nomeBeneficio": ""
            },
            {
                "nomeBeneficio": "                  DEBITO FUNDO                                    1.166.161,40D"
            },
            {
                "nomeBeneficio": "                  CREDITO FUNDO                                   5.086.989,48C"
            },
            {
                "nomeBeneficio": ""
            },
            {
                "nomeBeneficio": "TOTAL DISTRIBUIDO NO PERIODO"
            },
            {
                "nomeBeneficio": ""
            },
            {
                "nomeBeneficio": "                  DEBITO BENEF.                                   1.166.161,40D"
            },
            {
                "nomeBeneficio": "                  CREDITO BENEF.                                  5.086.989,48C"
            }
        ]
    },
    "August": {
        "quantidadeBeneficio": 43,
        "indicadorContinuarPesquisa": "N",
        "quantidadeOcorrencia": [
            {
                "nomeBeneficio": "ESPLANADA                                         -BA"
            },
            {
                "nomeBeneficio": ""
            },
            {
                "nomeBeneficio": "FPM   - FUNDO DE PARTICIPACAO DOS MUNICIPIOS"
            },
            {
                "nomeBeneficio": "DATA                PARCELA                                   VALOR DISTRIBUIDO"
            },
            {
                "nomeBeneficio": ""
            },
            {
                "nomeBeneficio": "10.08.2023        PARCELA DE IPI                                    185.461,82C"
            },
            {
                "nomeBeneficio": "                  PARCELA DE IR                                   1.701.575,73C"
            },
            {
                "nomeBeneficio": "                  RETENCAO PASEP                                     18.870,36D"
            },
            {
                "nomeBeneficio": "                  RFB-PREV-PARC60                                    63.452,47D"
            },
            {
                "nomeBeneficio": "                  DEDUCAO SAUDE                                     283.055,62D"
            },
            {
                "nomeBeneficio": "                  DEDUCAO FUNDEB                                    377.407,50D"
            },
            {
                "nomeBeneficio": "                  TOTAL NA DATA                                   1.144.251,60C"
            },
            {
                "nomeBeneficio": ""
            },
            {
                "nomeBeneficio": "18.08.2023        PARCELA DE IPI                                     44.606,66C"
            },
            {
                "nomeBeneficio": "                  PARCELA DE IR                                     386.083,15C"
            },
            {
                "nomeBeneficio": "                  RETENCAO PASEP                                      4.306,89D"
            },
            {
                "nomeBeneficio": "                  DEDUCAO SAUDE                                      64.603,46D"
            },
            {
                "nomeBeneficio": "                  DEDUCAO FUNDEB                                     86.137,96D"
            },
            {
                "nomeBeneficio": "                  TOTAL NA DATA                                     275.641,50C"
            },
            {
                "nomeBeneficio": ""
            },
            {
                "nomeBeneficio": "30.08.2023        PARCELA DE IPI                                     25.916,02C"
            },
            {
                "nomeBeneficio": "                  PARCELA DE IR                                     970.934,47C"
            },
            {
                "nomeBeneficio": "                  RETENCAO PASEP                                      9.968,50D"
            },
            {
                "nomeBeneficio": "                  DEDUCAO SAUDE                                     149.527,57D"
            },
            {
                "nomeBeneficio": "                  DEDUCAO FUNDEB                                    199.370,09D"
            },
            {
                "nomeBeneficio": "                  TOTAL NA DATA                                     637.984,33C"
            },
            {
                "nomeBeneficio": ""
            },
            {
                "nomeBeneficio": "TOTAL POR PARCELA / NATUREZA"
            },
            {
                "nomeBeneficio": ""
            },
            {
                "nomeBeneficio": "                  PARCELA DE IPI                                    255.984,50C"
            },
            {
                "nomeBeneficio": "                  PARCELA DE IR                                   3.058.593,35C"
            },
            {
                "nomeBeneficio": "                  RETENCAO PASEP                                     33.145,75D"
            },
            {
                "nomeBeneficio": "                  RFB-PREV-PARC60                                    63.452,47D"
            },
            {
                "nomeBeneficio": "                  DEDUCAO SAUDE                                     497.186,65D"
            },
            {
                "nomeBeneficio": "                  DEDUCAO FUNDEB                                    662.915,55D"
            },
            {
                "nomeBeneficio": ""
            },
            {
                "nomeBeneficio": "                  DEBITO FUNDO                                    1.256.700,42D"
            },
            {
                "nomeBeneficio": "                  CREDITO FUNDO                                   3.314.577,85C"
            },
            {
                "nomeBeneficio": ""
            },
            {
                "nomeBeneficio": "TOTAL DISTRIBUIDO NO PERIODO"
            },
            {
                "nomeBeneficio": ""
            },
            {
                "nomeBeneficio": "                  DEBITO BENEF.                                   1.256.700,42D"
            },
            {
                "nomeBeneficio": "                  CREDITO BENEF.                                  3.314.577,85C"
            }
        ]
    },
    "September": {
        "quantidadeBeneficio": 43,
        "indicadorContinuarPesquisa": "N",
        "quantidadeOcorrencia": [
            {
                "nomeBeneficio": "ESPLANADA                                         -BA"
            },
            {
                "nomeBeneficio": ""
            },
            {
                "nomeBeneficio": "FPM   - FUNDO DE PARTICIPACAO DOS MUNICIPIOS"
            },
            {
                "nomeBeneficio": "DATA                PARCELA                                   VALOR DISTRIBUIDO"
            },
            {
                "nomeBeneficio": ""
            },
            {
                "nomeBeneficio": "08.09.2023        PARCELA DE IPI                                    252.054,25C"
            },
            {
                "nomeBeneficio": "                  PARCELA DE IR                                   1.460.670,65C"
            },
            {
                "nomeBeneficio": "                  RETENCAO PASEP                                     17.127,23D"
            },
            {
                "nomeBeneficio": "                  RFB-PREV-PARC60                                    63.452,47D"
            },
            {
                "nomeBeneficio": "                  DEDUCAO SAUDE                                     182.949,33D"
            },
            {
                "nomeBeneficio": "                  DEDUCAO FUNDEB                                    243.932,44D"
            },
            {
                "nomeBeneficio": "                  TOTAL NA DATA                                   1.205.263,43C"
            },
            {
                "nomeBeneficio": ""
            },
            {
                "nomeBeneficio": "20.09.2023        PARCELA DE IPI                                     33.731,18C"
            },
            {
                "nomeBeneficio": "                  PARCELA DE IR                                     278.945,66C"
            },
            {
                "nomeBeneficio": "                  RETENCAO PASEP                                      3.126,76D"
            },
            {
                "nomeBeneficio": "                  DEDUCAO SAUDE                                      46.901,51D"
            },
            {
                "nomeBeneficio": "                  DEDUCAO FUNDEB                                     62.535,36D"
            },
            {
                "nomeBeneficio": "                  TOTAL NA DATA                                     200.113,21C"
            },
            {
                "nomeBeneficio": ""
            },
            {
                "nomeBeneficio": "29.09.2023        PARCELA DE IPI                                     83.654,40C"
            },
            {
                "nomeBeneficio": "                  PARCELA DE IR                                   1.269.820,13C"
            },
            {
                "nomeBeneficio": "                  RETENCAO PASEP                                     13.534,74D"
            },
            {
                "nomeBeneficio": "                  DEDUCAO SAUDE                                     203.021,17D"
            },
            {
                "nomeBeneficio": "                  DEDUCAO FUNDEB                                    270.694,90D"
            },
            {
                "nomeBeneficio": "                  TOTAL NA DATA                                     866.223,72C"
            },
            {
                "nomeBeneficio": ""
            },
            {
                "nomeBeneficio": "TOTAL POR PARCELA / NATUREZA"
            },
            {
                "nomeBeneficio": ""
            },
            {
                "nomeBeneficio": "                  PARCELA DE IPI                                    369.439,83C"
            },
            {
                "nomeBeneficio": "                  PARCELA DE IR                                   3.009.436,44C"
            },
            {
                "nomeBeneficio": "                  RETENCAO PASEP                                     33.788,73D"
            },
            {
                "nomeBeneficio": "                  RFB-PREV-PARC60                                    63.452,47D"
            },
            {
                "nomeBeneficio": "                  DEDUCAO SAUDE                                     432.872,01D"
            },
            {
                "nomeBeneficio": "                  DEDUCAO FUNDEB                                    577.162,70D"
            },
            {
                "nomeBeneficio": ""
            },
            {
                "nomeBeneficio": "                  DEBITO FUNDO                                    1.107.275,91D"
            },
            {
                "nomeBeneficio": "                  CREDITO FUNDO                                   3.378.876,27C"
            },
            {
                "nomeBeneficio": ""
            },
            {
                "nomeBeneficio": "TOTAL DISTRIBUIDO NO PERIODO"
            },
            {
                "nomeBeneficio": ""
            },
            {
                "nomeBeneficio": "                  DEBITO BENEF.                                   1.107.275,91D"
            },
            {
                "nomeBeneficio": "                  CREDITO BENEF.                                  3.378.876,27C"
            }
        ]
    },
    "October": {
        "quantidadeBeneficio": 43,
        "indicadorContinuarPesquisa": "N",
        "quantidadeOcorrencia": [
            {
                "nomeBeneficio": "ESPLANADA                                         -BA"
            },
            {
                "nomeBeneficio": ""
            },
            {
                "nomeBeneficio": "FPM   - FUNDO DE PARTICIPACAO DOS MUNICIPIOS"
            },
            {
                "nomeBeneficio": "DATA                PARCELA                                   VALOR DISTRIBUIDO"
            },
            {
                "nomeBeneficio": ""
            },
            {
                "nomeBeneficio": "10.10.2023        PARCELA DE IPI                                    214.160,46C"
            },
            {
                "nomeBeneficio": "                  PARCELA DE IR                                   1.153.904,89C"
            },
            {
                "nomeBeneficio": "                  RETENCAO PASEP                                     13.680,64D"
            },
            {
                "nomeBeneficio": "                  RFB-PREV-PARC60                                    63.452,47D"
            },
            {
                "nomeBeneficio": "                  DEDUCAO SAUDE                                     205.209,79D"
            },
            {
                "nomeBeneficio": "                  DEDUCAO FUNDEB                                    273.613,06D"
            },
            {
                "nomeBeneficio": "                  TOTAL NA DATA                                     812.109,39C"
            },
            {
                "nomeBeneficio": ""
            },
            {
                "nomeBeneficio": "20.10.2023        PARCELA DE IPI                                     97.788,65C"
            },
            {
                "nomeBeneficio": "                  PARCELA DE IR                                     432.074,70C"
            },
            {
                "nomeBeneficio": "                  RETENCAO PASEP                                      5.298,62D"
            },
            {
                "nomeBeneficio": "                  DEDUCAO SAUDE                                      79.479,49D"
            },
            {
                "nomeBeneficio": "                  DEDUCAO FUNDEB                                    105.972,67D"
            },
            {
                "nomeBeneficio": "                  TOTAL NA DATA                                     339.112,57C"
            },
            {
                "nomeBeneficio": ""
            },
            {
                "nomeBeneficio": "30.10.2023        PARCELA DE IPI                                     58.666,75C"
            },
            {
                "nomeBeneficio": "                  PARCELA DE IR                                   1.181.578,33C"
            },
            {
                "nomeBeneficio": "                  RETENCAO PASEP                                     12.402,44D"
            },
            {
                "nomeBeneficio": "                  DEDUCAO SAUDE                                     186.036,75D"
            },
            {
                "nomeBeneficio": "                  DEDUCAO FUNDEB                                    248.049,01D"
            },
            {
                "nomeBeneficio": "                  TOTAL NA DATA                                     793.756,88C"
            },
            {
                "nomeBeneficio": ""
            },
            {
                "nomeBeneficio": "TOTAL POR PARCELA / NATUREZA"
            },
            {
                "nomeBeneficio": ""
            },
            {
                "nomeBeneficio": "                  PARCELA DE IPI                                    370.615,86C"
            },
            {
                "nomeBeneficio": "                  PARCELA DE IR                                   2.767.557,92C"
            },
            {
                "nomeBeneficio": "                  RETENCAO PASEP                                     31.381,70D"
            },
            {
                "nomeBeneficio": "                  RFB-PREV-PARC60                                    63.452,47D"
            },
            {
                "nomeBeneficio": "                  DEDUCAO SAUDE                                     470.726,03D"
            },
            {
                "nomeBeneficio": "                  DEDUCAO FUNDEB                                    627.634,74D"
            },
            {
                "nomeBeneficio": ""
            },
            {
                "nomeBeneficio": "                  DEBITO FUNDO                                    1.193.194,94D"
            },
            {
                "nomeBeneficio": "                  CREDITO FUNDO                                   3.138.173,78C"
            },
            {
                "nomeBeneficio": ""
            },
            {
                "nomeBeneficio": "TOTAL DISTRIBUIDO NO PERIODO"
            },
            {
                "nomeBeneficio": ""
            },
            {
                "nomeBeneficio": "                  DEBITO BENEF.                                   1.193.194,94D"
            },
            {
                "nomeBeneficio": "                  CREDITO BENEF.                                  3.138.173,78C"
            }
        ]
    },
    "November": {
        "quantidadeBeneficio": 43,
        "indicadorContinuarPesquisa": "N",
        "quantidadeOcorrencia": [
            {
                "nomeBeneficio": "ESPLANADA                                         -BA"
            },
            {
                "nomeBeneficio": ""
            },
            {
                "nomeBeneficio": "FPM   - FUNDO DE PARTICIPACAO DOS MUNICIPIOS"
            },
            {
                "nomeBeneficio": "DATA                PARCELA                                   VALOR DISTRIBUIDO"
            },
            {
                "nomeBeneficio": ""
            },
            {
                "nomeBeneficio": "10.11.2023        PARCELA DE IPI                                    179.193,00C"
            },
            {
                "nomeBeneficio": "                  PARCELA DE IR                                   2.246.242,96C"
            },
            {
                "nomeBeneficio": "                  RETENCAO PASEP                                     24.254,35D"
            },
            {
                "nomeBeneficio": "                  RFB-PREV-PARC60                                    63.452,47D"
            },
            {
                "nomeBeneficio": "                  DEDUCAO SAUDE                                     363.815,39D"
            },
            {
                "nomeBeneficio": "                  DEDUCAO FUNDEB                                    485.087,19D"
            },
            {
                "nomeBeneficio": "                  TOTAL NA DATA                                   1.488.826,56C"
            },
            {
                "nomeBeneficio": ""
            },
            {
                "nomeBeneficio": "20.11.2023        PARCELA DE IPI                                     63.243,06C"
            },
            {
                "nomeBeneficio": "                  PARCELA DE IR                                     462.912,11C"
            },
            {
                "nomeBeneficio": "                  RETENCAO PASEP                                      5.261,55D"
            },
            {
                "nomeBeneficio": "                  DEDUCAO SAUDE                                      78.923,26D"
            },
            {
                "nomeBeneficio": "                  DEDUCAO FUNDEB                                    105.231,03D"
            },
            {
                "nomeBeneficio": "                  TOTAL NA DATA                                     336.739,33C"
            },
            {
                "nomeBeneficio": ""
            },
            {
                "nomeBeneficio": "30.11.2023        PARCELA DE IPI                                     61.237,39C"
            },
            {
                "nomeBeneficio": "                  PARCELA DE IR                                   1.058.840,39C"
            },
            {
                "nomeBeneficio": "                  RETENCAO PASEP                                     11.200,77D"
            },
            {
                "nomeBeneficio": "                  DEDUCAO SAUDE                                     168.011,65D"
            },
            {
                "nomeBeneficio": "                  DEDUCAO FUNDEB                                    224.015,54D"
            },
            {
                "nomeBeneficio": "                  TOTAL NA DATA                                     716.849,82C"
            },
            {
                "nomeBeneficio": ""
            },
            {
                "nomeBeneficio": "TOTAL POR PARCELA / NATUREZA"
            },
            {
                "nomeBeneficio": ""
            },
            {
                "nomeBeneficio": "                  PARCELA DE IPI                                    303.673,45C"
            },
            {
                "nomeBeneficio": "                  PARCELA DE IR                                   3.767.995,46C"
            },
            {
                "nomeBeneficio": "                  RETENCAO PASEP                                     40.716,67D"
            },
            {
                "nomeBeneficio": "                  RFB-PREV-PARC60                                    63.452,47D"
            },
            {
                "nomeBeneficio": "                  DEDUCAO SAUDE                                     610.750,30D"
            },
            {
                "nomeBeneficio": "                  DEDUCAO FUNDEB                                    814.333,76D"
            },
            {
                "nomeBeneficio": ""
            },
            {
                "nomeBeneficio": "                  DEBITO FUNDO                                    1.529.253,20D"
            },
            {
                "nomeBeneficio": "                  CREDITO FUNDO                                   4.071.668,91C"
            },
            {
                "nomeBeneficio": ""
            },
            {
                "nomeBeneficio": "TOTAL DISTRIBUIDO NO PERIODO"
            },
            {
                "nomeBeneficio": ""
            },
            {
                "nomeBeneficio": "                  DEBITO BENEF.                                   1.529.253,20D"
            },
            {
                "nomeBeneficio": "                  CREDITO BENEF.                                  4.071.668,91C"
            }
        ]
    },
    "December": {
        "quantidadeBeneficio": 50,
        "indicadorContinuarPesquisa": "N",
        "quantidadeOcorrencia": [
            {
                "nomeBeneficio": "ESPLANADA                                         -BA"
            },
            {
                "nomeBeneficio": ""
            },
            {
                "nomeBeneficio": "FPM   - FUNDO DE PARTICIPACAO DOS MUNICIPIOS"
            },
            {
                "nomeBeneficio": "DATA                PARCELA                                   VALOR DISTRIBUIDO"
            },
            {
                "nomeBeneficio": ""
            },
            {
                "nomeBeneficio": "07.12.2023        PARCELA DE IPI                                    154.499,81C"
            },
            {
                "nomeBeneficio": "                  PARCELA DE IR                                   1.831.690,75C"
            },
            {
                "nomeBeneficio": "                  RETENCAO PASEP                                     19.861,89D"
            },
            {
                "nomeBeneficio": "                  TOTAL NA DATA                                   1.966.328,67C"
            },
            {
                "nomeBeneficio": ""
            },
            {
                "nomeBeneficio": "08.12.2023        PARCELA DE IPI                                    175.247,73C"
            },
            {
                "nomeBeneficio": "                  PARCELA DE IR                                   1.575.760,50C"
            },
            {
                "nomeBeneficio": "                  RETENCAO PASEP                                     17.510,07D"
            },
            {
                "nomeBeneficio": "                  RFB-PREV-PARC60                                    63.452,47D"
            },
            {
                "nomeBeneficio": "                  DEDUCAO SAUDE                                     262.651,22D"
            },
            {
                "nomeBeneficio": "                  DEDUCAO FUNDEB                                    350.201,64D"
            },
            {
                "nomeBeneficio": "                  TOTAL NA DATA                                   1.057.192,83C"
            },
            {
                "nomeBeneficio": ""
            },
            {
                "nomeBeneficio": "20.12.2023        PARCELA DE IPI                                     82.953,42C"
            },
            {
                "nomeBeneficio": "                  PARCELA DE IR                                   1.122.339,98C"
            },
            {
                "nomeBeneficio": "                  RETENCAO PASEP                                     12.052,92D"
            },
            {
                "nomeBeneficio": "                  RFB-RET DARF                                      495.000,00D"
            },
            {
                "nomeBeneficio": "                  DEDUCAO SAUDE                                     180.794,00D"
            },
            {
                "nomeBeneficio": "                  DEDUCAO FUNDEB                                    241.058,67D"
            },
            {
                "nomeBeneficio": "                  TOTAL NA DATA                                     276.387,81C"
            },
            {
                "nomeBeneficio": ""
            },
            {
                "nomeBeneficio": "28.12.2023        PARCELA DE IPI                                     72.405,33C"
            },
            {
                "nomeBeneficio": "                  PARCELA DE IR                                   1.451.198,44C"
            },
            {
                "nomeBeneficio": "                  RETENCAO PASEP                                     15.236,03D"
            },
            {
                "nomeBeneficio": "                  DEDUCAO SAUDE                                     228.540,55D"
            },
            {
                "nomeBeneficio": "                  DEDUCAO FUNDEB                                    304.720,74D"
            },
            {
                "nomeBeneficio": "                  TOTAL NA DATA                                     975.106,45C"
            },
            {
                "nomeBeneficio": ""
            },
            {
                "nomeBeneficio": "TOTAL POR PARCELA / NATUREZA"
            },
            {
                "nomeBeneficio": ""
            },
            {
                "nomeBeneficio": "                  PARCELA DE IPI                                    485.106,29C"
            },
            {
                "nomeBeneficio": "                  PARCELA DE IR                                   5.980.989,67C"
            },
            {
                "nomeBeneficio": "                  RETENCAO PASEP                                     64.660,91D"
            },
            {
                "nomeBeneficio": "                  RFB-PREV-PARC60                                    63.452,47D"
            },
            {
                "nomeBeneficio": "                  RFB-RET DARF                                      495.000,00D"
            },
            {
                "nomeBeneficio": "                  DEDUCAO SAUDE                                     671.985,77D"
            },
            {
                "nomeBeneficio": "                  DEDUCAO FUNDEB                                    895.981,05D"
            },
            {
                "nomeBeneficio": ""
            },
            {
                "nomeBeneficio": "                  DEBITO FUNDO                                    2.191.080,20D"
            },
            {
                "nomeBeneficio": "                  CREDITO FUNDO                                   6.466.095,96C"
            },
            {
                "nomeBeneficio": ""
            },
            {
                "nomeBeneficio": "TOTAL DISTRIBUIDO NO PERIODO"
            },
            {
                "nomeBeneficio": ""
            },
            {
                "nomeBeneficio": "                  DEBITO BENEF.                                   2.191.080,20D"
            },
            {
                "nomeBeneficio": "                  CREDITO BENEF.                                  6.466.095,96C"
            }
        ]
    }
}