{
    "January": {
        "quantidadeBeneficio": 45,
        "indicadorContinuarPesquisa": "N",
        "quantidadeOcorrencia": [
            {
                "nomeBeneficio": "ITAJUIPE                                          -BA"
            },
            {
                "nomeBeneficio": ""
            },
            {
                "nomeBeneficio": "FPM   - FUNDO DE PARTICIPACAO DOS MUNICIPIOS"
            },
            {
                "nomeBeneficio": "DATA                PARCELA                                   VALOR DISTRIBUIDO"
            },
            {
                "nomeBeneficio": ""
            },
            {
                "nomeBeneficio": "10.01.2023        PARCELA DE IPI                                    117.353,44C"
            },
            {
                "nomeBeneficio": "                  PARCELA DE IR                                   1.081.352,38C"
            },
            {
                "nomeBeneficio": "                  RETENCAO PASEP                                     11.987,05D"
            },
            {
                "nomeBeneficio": "                  RFB-PREV-PARC60                                    50.028,59D"
            },
            {
                "nomeBeneficio": "                  RFB-RET DARF                                       92.880,20D"
            },
            {
                "nomeBeneficio": "                  DEDUCAO SAUDE                                     122.267,99D"
            },
            {
                "nomeBeneficio": "                  DEDUCAO FUNDEB                                    239.741,15D"
            },
            {
                "nomeBeneficio": "                  TOTAL NA DATA                                     681.800,84C"
            },
            {
                "nomeBeneficio": ""
            },
            {
                "nomeBeneficio": "20.01.2023        PARCELA DE IPI                                     58.124,68C"
            },
            {
                "nomeBeneficio": "                  PARCELA DE IR                                     403.826,97C"
            },
            {
                "nomeBeneficio": "                  RETENCAO PASEP                                      4.619,50D"
            },
            {
                "nomeBeneficio": "                  DEDUCAO SAUDE                                      47.119,06D"
            },
            {
                "nomeBeneficio": "                  DEDUCAO FUNDEB                                     92.390,32D"
            },
            {
                "nomeBeneficio": "                  TOTAL NA DATA                                     317.822,77C"
            },
            {
                "nomeBeneficio": ""
            },
            {
                "nomeBeneficio": "30.01.2023        PARCELA DE IPI                                     30.923,14C"
            },
            {
                "nomeBeneficio": "                  PARCELA DE IR                                   1.019.847,84C"
            },
            {
                "nomeBeneficio": "                  RETENCAO PASEP                                     10.507,70D"
            },
            {
                "nomeBeneficio": "                  DEDUCAO SAUDE                                     107.178,63D"
            },
            {
                "nomeBeneficio": "                  DEDUCAO FUNDEB                                    210.154,18D"
            },
            {
                "nomeBeneficio": "                  TOTAL NA DATA                                     722.930,47C"
            },
            {
                "nomeBeneficio": ""
            },
            {
                "nomeBeneficio": "TOTAL POR PARCELA / NATUREZA"
            },
            {
                "nomeBeneficio": ""
            },
            {
                "nomeBeneficio": "                  PARCELA DE IPI                                    206.401,26C"
            },
            {
                "nomeBeneficio": "                  PARCELA DE IR                                   2.505.027,19C"
            },
            {
                "nomeBeneficio": "                  RETENCAO PASEP                                     27.114,25D"
            },
            {
                "nomeBeneficio": "                  RFB-PREV-PARC60                                    50.028,59D"
            },
            {
                "nomeBeneficio": "                  RFB-RET DARF                                       92.880,20D"
            },
            {
                "nomeBeneficio": "                  DEDUCAO SAUDE                                     276.565,68D"
            },
            {
                "nomeBeneficio": "                  DEDUCAO FUNDEB                                    542.285,65D"
            },
            {
                "nomeBeneficio": ""
            },
            {
                "nomeBeneficio": "                  DEBITO FUNDO                                      988.874,37D"
            },
            {
                "nomeBeneficio": "                  CREDITO FUNDO                                   2.711.428,45C"
            },
            {
                "nomeBeneficio": ""
            },
            {
                "nomeBeneficio": "TOTAL DISTRIBUIDO NO PERIODO"
            },
            {
                "nomeBeneficio": ""
            },
            {
                "nomeBeneficio": "                  DEBITO BENEF.                                     988.874,37D"
            },
            {
                "nomeBeneficio": "                  CREDITO BENEF.                                  2.711.428,45C"
            }
        ]
    },
    "February": {
        "quantidadeBeneficio": 47,
        "indicadorContinuarPesquisa": "N",
        "quantidadeOcorrencia": [
            {
                "nomeBeneficio": "ITAJUIPE                                          -BA"
            },
            {
                "nomeBeneficio": ""
            },
            {
                "nomeBeneficio": "FPM   - FUNDO DE PARTICIPACAO DOS MUNICIPIOS"
            },
            {
                "nomeBeneficio": "DATA                PARCELA                                   VALOR DISTRIBUIDO"
            },
            {
                "nomeBeneficio": ""
            },
            {
                "nomeBeneficio": "10.02.2023        PARCELA DE IPI                                    109.348,00C"
            },
            {
                "nomeBeneficio": "                  PARCELA DE IR                                   2.578.620,80C"
            },
            {
                "nomeBeneficio": "                  RETENCAO PASEP                                     26.879,68D"
            },
            {
                "nomeBeneficio": "                  RFB-PREV-PARC60                                    50.028,59D"
            },
            {
                "nomeBeneficio": "                  CEF-FGTS-INADIM                                    29.706,18D"
            },
            {
                "nomeBeneficio": "                  RFB-RET DARF                                       92.880,20D"
            },
            {
                "nomeBeneficio": "                  DEDUCAO SAUDE                                     274.172,81D"
            },
            {
                "nomeBeneficio": "                  DEDUCAO FUNDEB                                    537.593,76D"
            },
            {
                "nomeBeneficio": "                  TOTAL NA DATA                                   1.676.707,58C"
            },
            {
                "nomeBeneficio": ""
            },
            {
                "nomeBeneficio": "17.02.2023        PARCELA DE IPI                                     19.872,30C"
            },
            {
                "nomeBeneficio": "                  PARCELA DE IR                                     238.885,84C"
            },
            {
                "nomeBeneficio": "                  RETENCAO PASEP                                      2.587,57D"
            },
            {
                "nomeBeneficio": "                  DEDUCAO SAUDE                                      26.393,32D"
            },
            {
                "nomeBeneficio": "                  DEDUCAO FUNDEB                                     51.751,62D"
            },
            {
                "nomeBeneficio": "                  TOTAL NA DATA                                     178.025,63C"
            },
            {
                "nomeBeneficio": ""
            },
            {
                "nomeBeneficio": "28.02.2023        PARCELA DE IPI                                     14.603,35C"
            },
            {
                "nomeBeneficio": "                  PARCELA DE IR                                     627.019,51C"
            },
            {
                "nomeBeneficio": "                  RETENCAO PASEP                                      6.416,22D"
            },
            {
                "nomeBeneficio": "                  DEDUCAO SAUDE                                      65.445,53D"
            },
            {
                "nomeBeneficio": "                  DEDUCAO FUNDEB                                    128.324,57D"
            },
            {
                "nomeBeneficio": "                  TOTAL NA DATA                                     441.436,54C"
            },
            {
                "nomeBeneficio": ""
            },
            {
                "nomeBeneficio": "TOTAL POR PARCELA / NATUREZA"
            },
            {
                "nomeBeneficio": ""
            },
            {
                "nomeBeneficio": "                  PARCELA DE IPI                                    143.823,65C"
            },
            {
                "nomeBeneficio": "                  PARCELA DE IR                                   3.444.526,15C"
            },
            {
                "nomeBeneficio": "                  RETENCAO PASEP                                     35.883,47D"
            },
            {
                "nomeBeneficio": "                  RFB-PREV-PARC60                                    50.028,59D"
            },
            {
                "nomeBeneficio": "                  CEF-FGTS-INADIM                                    29.706,18D"
            },
            {
                "nomeBeneficio": "                  RFB-RET DARF                                       92.880,20D"
            },
            {
                "nomeBeneficio": "                  DEDUCAO SAUDE                                     366.011,66D"
            },
            {
                "nomeBeneficio": "                  DEDUCAO FUNDEB                                    717.669,95D"
            },
            {
                "nomeBeneficio": ""
            },
            {
                "nomeBeneficio": "                  DEBITO FUNDO                                    1.292.180,05D"
            },
            {
                "nomeBeneficio": "                  CREDITO FUNDO                                   3.588.349,80C"
            },
            {
                "nomeBeneficio": ""
            },
            {
                "nomeBeneficio": "TOTAL DISTRIBUIDO NO PERIODO"
            },
            {
                "nomeBeneficio": ""
            },
            {
                "nomeBeneficio": "                  DEBITO BENEF.                                   1.292.180,05D"
            },
            {
                "nomeBeneficio": "                  CREDITO BENEF.                                  3.588.349,80C"
            }
        ]
    },
    "March": {
        "quantidadeBeneficio": 47,
        "indicadorContinuarPesquisa": "N",
        "quantidadeOcorrencia": [
            {
                "nomeBeneficio": "ITAJUIPE                                          -BA"
            },
            {
                "nomeBeneficio": ""
            },
            {
                "nomeBeneficio": "FPM   - FUNDO DE PARTICIPACAO DOS MUNICIPIOS"
            },
            {
                "nomeBeneficio": "DATA                PARCELA                                   VALOR DISTRIBUIDO"
            },
            {
                "nomeBeneficio": ""
            },
            {
                "nomeBeneficio": "10.03.2023        PARCELA DE IPI                                    123.335,62C"
            },
            {
                "nomeBeneficio": "                  PARCELA DE IR                                   1.001.983,96C"
            },
            {
                "nomeBeneficio": "                  RETENCAO PASEP                                     11.253,18D"
            },
            {
                "nomeBeneficio": "                  RFB-PREV-PARC60                                    50.028,59D"
            },
            {
                "nomeBeneficio": "                  CEF-FGTS-INADIM                                    30.434,65D"
            },
            {
                "nomeBeneficio": "                  RFB-RET DARF                                       92.880,20D"
            },
            {
                "nomeBeneficio": "                  DEDUCAO SAUDE                                     114.782,59D"
            },
            {
                "nomeBeneficio": "                  DEDUCAO FUNDEB                                    225.063,91D"
            },
            {
                "nomeBeneficio": "                  TOTAL NA DATA                                     600.876,46C"
            },
            {
                "nomeBeneficio": ""
            },
            {
                "nomeBeneficio": "20.03.2023        PARCELA DE IPI                                     24.791,32C"
            },
            {
                "nomeBeneficio": "                  PARCELA DE IR                                     223.270,78C"
            },
            {
                "nomeBeneficio": "                  RETENCAO PASEP                                      2.480,61D"
            },
            {
                "nomeBeneficio": "                  DEDUCAO SAUDE                                      25.302,32D"
            },
            {
                "nomeBeneficio": "                  DEDUCAO FUNDEB                                     49.612,41D"
            },
            {
                "nomeBeneficio": "                  TOTAL NA DATA                                     170.666,76C"
            },
            {
                "nomeBeneficio": ""
            },
            {
                "nomeBeneficio": "30.03.2023        PARCELA DE IPI                                     30.115,59C"
            },
            {
                "nomeBeneficio": "                  PARCELA DE IR                                     791.660,91C"
            },
            {
                "nomeBeneficio": "                  RETENCAO PASEP                                      8.217,75D"
            },
            {
                "nomeBeneficio": "                  DEDUCAO SAUDE                                      83.821,20D"
            },
            {
                "nomeBeneficio": "                  DEDUCAO FUNDEB                                    164.355,29D"
            },
            {
                "nomeBeneficio": "                  TOTAL NA DATA                                     565.382,26C"
            },
            {
                "nomeBeneficio": ""
            },
            {
                "nomeBeneficio": "TOTAL POR PARCELA / NATUREZA"
            },
            {
                "nomeBeneficio": ""
            },
            {
                "nomeBeneficio": "                  PARCELA DE IPI                                    178.242,53C"
            },
            {
                "nomeBeneficio": "                  PARCELA DE IR                                   2.016.915,65C"
            },
            {
                "nomeBeneficio": "                  RETENCAO PASEP                                     21.951,54D"
            },
            {
                "nomeBeneficio": "                  RFB-PREV-PARC60                                    50.028,59D"
            },
            {
                "nomeBeneficio": "                  CEF-FGTS-INADIM                                    30.434,65D"
            },
            {
                "nomeBeneficio": "                  RFB-RET DARF                                       92.880,20D"
            },
            {
                "nomeBeneficio": "                  DEDUCAO SAUDE                                     223.906,11D"
            },
            {
                "nomeBeneficio": "                  DEDUCAO FUNDEB                                    439.031,61D"
            },
            {
                "nomeBeneficio": ""
            },
            {
                "nomeBeneficio": "                  DEBITO FUNDO                                      858.232,70D"
            },
            {
                "nomeBeneficio": "                  CREDITO FUNDO                                   2.195.158,18C"
            },
            {
                "nomeBeneficio": ""
            },
            {
                "nomeBeneficio": "TOTAL DISTRIBUIDO NO PERIODO"
            },
            {
                "nomeBeneficio": ""
            },
            {
                "nomeBeneficio": "                  DEBITO BENEF.                                     858.232,70D"
            },
            {
                "nomeBeneficio": "                  CREDITO BENEF.                                  2.195.158,18C"
            }
        ]
    },
    "April": {
        "quantidadeBeneficio": 46,
        "indicadorContinuarPesquisa": "N",
        "quantidadeOcorrencia": [
            {
                "nomeBeneficio": "ITAJUIPE                                          -BA"
            },
            {
                "nomeBeneficio": ""
            },
            {
                "nomeBeneficio": "FPM   - FUNDO DE PARTICIPACAO DOS MUNICIPIOS"
            },
            {
                "nomeBeneficio": "DATA                PARCELA                                   VALOR DISTRIBUIDO"
            },
            {
                "nomeBeneficio": ""
            },
            {
                "nomeBeneficio": "10.04.2023        PARCELA DE IPI                                    140.287,47C"
            },
            {
                "nomeBeneficio": "                  PARCELA DE IR                                   1.073.510,68C"
            },
            {
                "nomeBeneficio": "                  RETENCAO PASEP                                     12.137,97D"
            },
            {
                "nomeBeneficio": "                  RFB-PREV-PARC60                                    52.782,70D"
            },
            {
                "nomeBeneficio": "                  CEF-FGTS-INADIM                                    30.453,16D"
            },
            {
                "nomeBeneficio": "                  DEDUCAO SAUDE                                     123.807,40D"
            },
            {
                "nomeBeneficio": "                  DEDUCAO FUNDEB                                    242.759,62D"
            },
            {
                "nomeBeneficio": "                  TOTAL NA DATA                                     751.857,30C"
            },
            {
                "nomeBeneficio": ""
            },
            {
                "nomeBeneficio": "20.04.2023        PARCELA DE IPI                                     22.115,57C"
            },
            {
                "nomeBeneficio": "                  PARCELA DE IR                                     289.516,24C"
            },
            {
                "nomeBeneficio": "                  RETENCAO PASEP                                      3.116,31D"
            },
            {
                "nomeBeneficio": "                  DEDUCAO SAUDE                                      31.786,43D"
            },
            {
                "nomeBeneficio": "                  DEDUCAO FUNDEB                                     62.326,35D"
            },
            {
                "nomeBeneficio": "                  TOTAL NA DATA                                     214.402,72C"
            },
            {
                "nomeBeneficio": ""
            },
            {
                "nomeBeneficio": "28.04.2023        PARCELA DE IPI                                     27.616,31C"
            },
            {
                "nomeBeneficio": "                  PARCELA DE IR                                     956.704,59C"
            },
            {
                "nomeBeneficio": "                  RETENCAO PASEP                                      9.843,20D"
            },
            {
                "nomeBeneficio": "                  CEF-FGTS-INADIM                                    30.559,81D"
            },
            {
                "nomeBeneficio": "                  DEDUCAO SAUDE                                     100.400,72D"
            },
            {
                "nomeBeneficio": "                  DEDUCAO FUNDEB                                    196.864,17D"
            },
            {
                "nomeBeneficio": "                  TOTAL NA DATA                                     646.653,00C"
            },
            {
                "nomeBeneficio": ""
            },
            {
                "nomeBeneficio": "TOTAL POR PARCELA / NATUREZA"
            },
            {
                "nomeBeneficio": ""
            },
            {
                "nomeBeneficio": "                  PARCELA DE IPI                                    190.019,35C"
            },
            {
                "nomeBeneficio": "                  PARCELA DE IR                                   2.319.731,51C"
            },
            {
                "nomeBeneficio": "                  RETENCAO PASEP                                     25.097,48D"
            },
            {
                "nomeBeneficio": "                  RFB-PREV-PARC60                                    52.782,70D"
            },
            {
                "nomeBeneficio": "                  CEF-FGTS-INADIM                                    61.012,97D"
            },
            {
                "nomeBeneficio": "                  DEDUCAO SAUDE                                     255.994,55D"
            },
            {
                "nomeBeneficio": "                  DEDUCAO FUNDEB                                    501.950,14D"
            },
            {
                "nomeBeneficio": ""
            },
            {
                "nomeBeneficio": "                  DEBITO FUNDO                                      896.837,84D"
            },
            {
                "nomeBeneficio": "                  CREDITO FUNDO                                   2.509.750,86C"
            },
            {
                "nomeBeneficio": ""
            },
            {
                "nomeBeneficio": "TOTAL DISTRIBUIDO NO PERIODO"
            },
            {
                "nomeBeneficio": ""
            },
            {
                "nomeBeneficio": "                  DEBITO BENEF.                                     896.837,84D"
            },
            {
                "nomeBeneficio": "                  CREDITO BENEF.                                  2.509.750,86C"
            }
        ]
    },
    "May": {
        "quantidadeBeneficio": 43,
        "indicadorContinuarPesquisa": "N",
        "quantidadeOcorrencia": [
            {
                "nomeBeneficio": "ITAJUIPE                                          -BA"
            },
            {
                "nomeBeneficio": ""
            },
            {
                "nomeBeneficio": "FPM   - FUNDO DE PARTICIPACAO DOS MUNICIPIOS"
            },
            {
                "nomeBeneficio": "DATA                PARCELA                                   VALOR DISTRIBUIDO"
            },
            {
                "nomeBeneficio": ""
            },
            {
                "nomeBeneficio": "10.05.2023        PARCELA DE IPI                                    116.966,78C"
            },
            {
                "nomeBeneficio": "                  PARCELA DE IR                                   1.526.258,16C"
            },
            {
                "nomeBeneficio": "                  RETENCAO PASEP                                     16.432,24D"
            },
            {
                "nomeBeneficio": "                  RFB-PREV-PARC60                                    52.782,70D"
            },
            {
                "nomeBeneficio": "                  DEDUCAO SAUDE                                     167.608,94D"
            },
            {
                "nomeBeneficio": "                  DEDUCAO FUNDEB                                    328.644,98D"
            },
            {
                "nomeBeneficio": "                  TOTAL NA DATA                                   1.077.756,08C"
            },
            {
                "nomeBeneficio": ""
            },
            {
                "nomeBeneficio": "19.05.2023        PARCELA DE IPI                                     33.086,97C"
            },
            {
                "nomeBeneficio": "                  PARCELA DE IR                                     291.566,45C"
            },
            {
                "nomeBeneficio": "                  RETENCAO PASEP                                      3.246,52D"
            },
            {
                "nomeBeneficio": "                  DEDUCAO SAUDE                                      33.114,64D"
            },
            {
                "nomeBeneficio": "                  DEDUCAO FUNDEB                                     64.930,68D"
            },
            {
                "nomeBeneficio": "                  TOTAL NA DATA                                     223.361,58C"
            },
            {
                "nomeBeneficio": ""
            },
            {
                "nomeBeneficio": "30.05.2023        PARCELA DE IPI                                     20.822,78C"
            },
            {
                "nomeBeneficio": "                  PARCELA DE IR                                     801.289,86C"
            },
            {
                "nomeBeneficio": "                  RETENCAO PASEP                                      8.221,11D"
            },
            {
                "nomeBeneficio": "                  DEDUCAO SAUDE                                      83.855,48D"
            },
            {
                "nomeBeneficio": "                  DEDUCAO FUNDEB                                    164.422,52D"
            },
            {
                "nomeBeneficio": "                  TOTAL NA DATA                                     565.613,53C"
            },
            {
                "nomeBeneficio": ""
            },
            {
                "nomeBeneficio": "TOTAL POR PARCELA / NATUREZA"
            },
            {
                "nomeBeneficio": ""
            },
            {
                "nomeBeneficio": "                  PARCELA DE IPI                                    170.876,53C"
            },
            {
                "nomeBeneficio": "                  PARCELA DE IR                                   2.619.114,47C"
            },
            {
                "nomeBeneficio": "                  RETENCAO PASEP                                     27.899,87D"
            },
            {
                "nomeBeneficio": "                  RFB-PREV-PARC60                                    52.782,70D"
            },
            {
                "nomeBeneficio": "                  DEDUCAO SAUDE                                     284.579,06D"
            },
            {
                "nomeBeneficio": "                  DEDUCAO FUNDEB                                    557.998,18D"
            },
            {
                "nomeBeneficio": ""
            },
            {
                "nomeBeneficio": "                  DEBITO FUNDO                                      923.259,81D"
            },
            {
                "nomeBeneficio": "                  CREDITO FUNDO                                   2.789.991,00C"
            },
            {
                "nomeBeneficio": ""
            },
            {
                "nomeBeneficio": "TOTAL DISTRIBUIDO NO PERIODO"
            },
            {
                "nomeBeneficio": ""
            },
            {
                "nomeBeneficio": "                  DEBITO BENEF.                                     923.259,81D"
            },
            {
                "nomeBeneficio": "                  CREDITO BENEF.                                  2.789.991,00C"
            }
        ]
    },
    "June": {
        "quantidadeBeneficio": 46,
        "indicadorContinuarPesquisa": "N",
        "quantidadeOcorrencia": [
            {
                "nomeBeneficio": "ITAJUIPE                                          -BA"
            },
            {
                "nomeBeneficio": ""
            },
            {
                "nomeBeneficio": "FPM   - FUNDO DE PARTICIPACAO DOS MUNICIPIOS"
            },
            {
                "nomeBeneficio": "DATA                PARCELA                                   VALOR DISTRIBUIDO"
            },
            {
                "nomeBeneficio": ""
            },
            {
                "nomeBeneficio": "09.06.2023        PARCELA DE IPI                                    144.309,24C"
            },
            {
                "nomeBeneficio": "                  PARCELA DE IR                                     999.957,83C"
            },
            {
                "nomeBeneficio": "                  RETENCAO PASEP                                     11.442,66D"
            },
            {
                "nomeBeneficio": "                  RFB-PREV-PARC60                                    52.782,70D"
            },
            {
                "nomeBeneficio": "                  CEF-FGTS-INADIM                                    30.783,50D"
            },
            {
                "nomeBeneficio": "                  DEDUCAO SAUDE                                     116.715,23D"
            },
            {
                "nomeBeneficio": "                  DEDUCAO FUNDEB                                    228.853,40D"
            },
            {
                "nomeBeneficio": "                  TOTAL NA DATA                                     703.689,58C"
            },
            {
                "nomeBeneficio": ""
            },
            {
                "nomeBeneficio": "20.06.2023        PARCELA DE IPI                                     36.243,18C"
            },
            {
                "nomeBeneficio": "                  PARCELA DE IR                                     624.723,12C"
            },
            {
                "nomeBeneficio": "                  RETENCAO PASEP                                      6.609,66D"
            },
            {
                "nomeBeneficio": "                  CEF-FGTS-INADIM                                    30.785,09D"
            },
            {
                "nomeBeneficio": "                  DEDUCAO SAUDE                                      67.418,55D"
            },
            {
                "nomeBeneficio": "                  DEDUCAO FUNDEB                                    132.193,25D"
            },
            {
                "nomeBeneficio": "                  TOTAL NA DATA                                     423.959,75C"
            },
            {
                "nomeBeneficio": ""
            },
            {
                "nomeBeneficio": "30.06.2023        PARCELA DE IPI                                     32.526,09C"
            },
            {
                "nomeBeneficio": "                  PARCELA DE IR                                     768.071,22C"
            },
            {
                "nomeBeneficio": "                  RETENCAO PASEP                                      8.005,97D"
            },
            {
                "nomeBeneficio": "                  DEDUCAO SAUDE                                      81.660,92D"
            },
            {
                "nomeBeneficio": "                  DEDUCAO FUNDEB                                    160.119,45D"
            },
            {
                "nomeBeneficio": "                  TOTAL NA DATA                                     550.810,97C"
            },
            {
                "nomeBeneficio": ""
            },
            {
                "nomeBeneficio": "TOTAL POR PARCELA / NATUREZA"
            },
            {
                "nomeBeneficio": ""
            },
            {
                "nomeBeneficio": "                  PARCELA DE IPI                                    213.078,51C"
            },
            {
                "nomeBeneficio": "                  PARCELA DE IR                                   2.392.752,17C"
            },
            {
                "nomeBeneficio": "                  RETENCAO PASEP                                     26.058,29D"
            },
            {
                "nomeBeneficio": "                  RFB-PREV-PARC60                                    52.782,70D"
            },
            {
                "nomeBeneficio": "                  CEF-FGTS-INADIM                                    61.568,59D"
            },
            {
                "nomeBeneficio": "                  DEDUCAO SAUDE                                     265.794,70D"
            },
            {
                "nomeBeneficio": "                  DEDUCAO FUNDEB                                    521.166,10D"
            },
            {
                "nomeBeneficio": ""
            },
            {
                "nomeBeneficio": "                  DEBITO FUNDO                                      927.370,38D"
            },
            {
                "nomeBeneficio": "                  CREDITO FUNDO                                   2.605.830,68C"
            },
            {
                "nomeBeneficio": ""
            },
            {
                "nomeBeneficio": "TOTAL DISTRIBUIDO NO PERIODO"
            },
            {
                "nomeBeneficio": ""
            },
            {
                "nomeBeneficio": "                  DEBITO BENEF.                                     927.370,38D"
            },
            {
                "nomeBeneficio": "                  CREDITO BENEF.                                  2.605.830,68C"
            }
        ]
    },
    "July": {
        "quantidadeBeneficio": 51,
        "indicadorContinuarPesquisa": "N",
        "quantidadeOcorrencia": [
            {
                "nomeBeneficio": "ITAJUIPE                                          -BA"
            },
            {
                "nomeBeneficio": ""
            },
            {
                "nomeBeneficio": "FPM   - FUNDO DE PARTICIPACAO DOS MUNICIPIOS"
            },
            {
                "nomeBeneficio": "DATA                PARCELA                                   VALOR DISTRIBUIDO"
            },
            {
                "nomeBeneficio": ""
            },
            {
                "nomeBeneficio": "10.07.2023        PARCELA DE IPI                                    236.866,89C"
            },
            {
                "nomeBeneficio": "                  PARCELA DE IR                                   1.918.491,37C"
            },
            {
                "nomeBeneficio": "                  AJ DED FUNDEB                                       8.991,15C"
            },
            {
                "nomeBeneficio": "                  AJ DED PASEP                                          449,55C"
            },
            {
                "nomeBeneficio": "                  RETENCAO PASEP                                     21.553,57D"
            },
            {
                "nomeBeneficio": "                  RFB-PREV-PARC60                                    52.782,70D"
            },
            {
                "nomeBeneficio": "                  RFB-RET DARF                                      104.722,43D"
            },
            {
                "nomeBeneficio": "                  DEDUCAO SAUDE                                      84.389,39D"
            },
            {
                "nomeBeneficio": "                  DEDUCAO FUNDEB                                    165.469,42D"
            },
            {
                "nomeBeneficio": "                  AJUSTE FPM                                         44.955,84D"
            },
            {
                "nomeBeneficio": "                  TOTAL NA DATA                                   1.690.925,61C"
            },
            {
                "nomeBeneficio": ""
            },
            {
                "nomeBeneficio": "20.07.2023        PARCELA DE IPI                                     36.420,75C"
            },
            {
                "nomeBeneficio": "                  PARCELA DE IR                                     257.153,34C"
            },
            {
                "nomeBeneficio": "                  RETENCAO PASEP                                      2.935,73D"
            },
            {
                "nomeBeneficio": "                  DEDUCAO SAUDE                                      29.944,55D"
            },
            {
                "nomeBeneficio": "                  DEDUCAO FUNDEB                                     58.714,81D"
            },
            {
                "nomeBeneficio": "                  TOTAL NA DATA                                     201.979,00C"
            },
            {
                "nomeBeneficio": ""
            },
            {
                "nomeBeneficio": "28.07.2023        PARCELA DE IPI                                     18.226,77C"
            },
            {
                "nomeBeneficio": "                  PARCELA DE IR                                     784.605,55C"
            },
            {
                "nomeBeneficio": "                  RETENCAO PASEP                                      8.028,31D"
            },
            {
                "nomeBeneficio": "                  DEDUCAO SAUDE                                      81.888,89D"
            },
            {
                "nomeBeneficio": "                  DEDUCAO FUNDEB                                    160.566,46D"
            },
            {
                "nomeBeneficio": "                  TOTAL NA DATA                                     552.348,66C"
            },
            {
                "nomeBeneficio": ""
            },
            {
                "nomeBeneficio": "TOTAL POR PARCELA / NATUREZA"
            },
            {
                "nomeBeneficio": ""
            },
            {
                "nomeBeneficio": "                  PARCELA DE IPI                                    291.514,41C"
            },
            {
                "nomeBeneficio": "                  PARCELA DE IR                                   2.960.250,26C"
            },
            {
                "nomeBeneficio": "                  RETENCAO PASEP                                     32.517,61D"
            },
            {
                "nomeBeneficio": "                  RFB-PREV-PARC60                                    52.782,70D"
            },
            {
                "nomeBeneficio": "                  RFB-RET DARF                                      104.722,43D"
            },
            {
                "nomeBeneficio": "                  DEDUCAO SAUDE                                     196.222,83D"
            },
            {
                "nomeBeneficio": "                  DEDUCAO FUNDEB                                    384.750,69D"
            },
            {
                "nomeBeneficio": "                  AJ DED FUNDEB                                       8.991,15C"
            },
            {
                "nomeBeneficio": "                  AJ DED PASEP                                          449,55C"
            },
            {
                "nomeBeneficio": "                  AJUSTE FPM                                         44.955,84D"
            },
            {
                "nomeBeneficio": ""
            },
            {
                "nomeBeneficio": "                  DEBITO FUNDO                                      815.952,10D"
            },
            {
                "nomeBeneficio": "                  CREDITO FUNDO                                   3.261.205,37C"
            },
            {
                "nomeBeneficio": ""
            },
            {
                "nomeBeneficio": "TOTAL DISTRIBUIDO NO PERIODO"
            },
            {
                "nomeBeneficio": ""
            },
            {
                "nomeBeneficio": "                  DEBITO BENEF.                                     815.952,10D"
            },
            {
                "nomeBeneficio": "                  CREDITO BENEF.                                  3.261.205,37C"
            }
        ]
    },
    "August": {
        "quantidadeBeneficio": 48,
        "indicadorContinuarPesquisa": "N",
        "quantidadeOcorrencia": [
            {
                "nomeBeneficio": "ITAJUIPE                                          -BA"
            },
            {
                "nomeBeneficio": ""
            },
            {
                "nomeBeneficio": "FPM   - FUNDO DE PARTICIPACAO DOS MUNICIPIOS"
            },
            {
                "nomeBeneficio": "DATA                PARCELA                                   VALOR DISTRIBUIDO"
            },
            {
                "nomeBeneficio": ""
            },
            {
                "nomeBeneficio": "10.08.2023        PARCELA DE IPI                                    123.641,21C"
            },
            {
                "nomeBeneficio": "                  PARCELA DE IR                                   1.134.383,82C"
            },
            {
                "nomeBeneficio": "                  RETENCAO PASEP                                     12.580,24D"
            },
            {
                "nomeBeneficio": "                  RFB-PREV-PARC60                                    52.782,70D"
            },
            {
                "nomeBeneficio": "                  CEF-FGTS-INADIM                                    30.967,85D"
            },
            {
                "nomeBeneficio": "                  RFB-RET DARF                                      104.736,60D"
            },
            {
                "nomeBeneficio": "                  DEDUCAO SAUDE                                     128.318,54D"
            },
            {
                "nomeBeneficio": "                  DEDUCAO FUNDEB                                    251.605,00D"
            },
            {
                "nomeBeneficio": "                  TOTAL NA DATA                                     677.034,10C"
            },
            {
                "nomeBeneficio": ""
            },
            {
                "nomeBeneficio": "18.08.2023        PARCELA DE IPI                                     29.737,77C"
            },
            {
                "nomeBeneficio": "                  PARCELA DE IR                                     257.388,77C"
            },
            {
                "nomeBeneficio": "                  RETENCAO PASEP                                      2.871,25D"
            },
            {
                "nomeBeneficio": "                  DEDUCAO SAUDE                                      29.286,90D"
            },
            {
                "nomeBeneficio": "                  DEDUCAO FUNDEB                                     57.425,30D"
            },
            {
                "nomeBeneficio": "                  TOTAL NA DATA                                     197.543,09C"
            },
            {
                "nomeBeneficio": ""
            },
            {
                "nomeBeneficio": "30.08.2023        PARCELA DE IPI                                     17.277,35C"
            },
            {
                "nomeBeneficio": "                  PARCELA DE IR                                     647.289,64C"
            },
            {
                "nomeBeneficio": "                  RETENCAO PASEP                                      6.645,66D"
            },
            {
                "nomeBeneficio": "                  RFB-RET DARF                                       98.900,00D"
            },
            {
                "nomeBeneficio": "                  DEDUCAO SAUDE                                      67.785,82D"
            },
            {
                "nomeBeneficio": "                  DEDUCAO FUNDEB                                    132.913,39D"
            },
            {
                "nomeBeneficio": "                  TOTAL NA DATA                                     358.322,12C"
            },
            {
                "nomeBeneficio": ""
            },
            {
                "nomeBeneficio": "TOTAL POR PARCELA / NATUREZA"
            },
            {
                "nomeBeneficio": ""
            },
            {
                "nomeBeneficio": "                  PARCELA DE IPI                                    170.656,33C"
            },
            {
                "nomeBeneficio": "                  PARCELA DE IR                                   2.039.062,23C"
            },
            {
                "nomeBeneficio": "                  RETENCAO PASEP                                     22.097,15D"
            },
            {
                "nomeBeneficio": "                  RFB-PREV-PARC60                                    52.782,70D"
            },
            {
                "nomeBeneficio": "                  CEF-FGTS-INADIM                                    30.967,85D"
            },
            {
                "nomeBeneficio": "                  RFB-RET DARF                                      203.636,60D"
            },
            {
                "nomeBeneficio": "                  DEDUCAO SAUDE                                     225.391,26D"
            },
            {
                "nomeBeneficio": "                  DEDUCAO FUNDEB                                    441.943,69D"
            },
            {
                "nomeBeneficio": ""
            },
            {
                "nomeBeneficio": "                  DEBITO FUNDO                                      976.819,25D"
            },
            {
                "nomeBeneficio": "                  CREDITO FUNDO                                   2.209.718,56C"
            },
            {
                "nomeBeneficio": ""
            },
            {
                "nomeBeneficio": "TOTAL DISTRIBUIDO NO PERIODO"
            },
            {
                "nomeBeneficio": ""
            },
            {
                "nomeBeneficio": "                  DEBITO BENEF.                                     976.819,25D"
            },
            {
                "nomeBeneficio": "                  CREDITO BENEF.                                  2.209.718,56C"
            }
        ]
    },
    "September": {
        "quantidadeBeneficio": 48,
        "indicadorContinuarPesquisa": "N",
        "quantidadeOcorrencia": [
            {
                "nomeBeneficio": "ITAJUIPE                                          -BA"
            },
            {
                "nomeBeneficio": ""
            },
            {
                "nomeBeneficio": "FPM   - FUNDO DE PARTICIPACAO DOS MUNICIPIOS"
            },
            {
                "nomeBeneficio": "DATA                PARCELA                                   VALOR DISTRIBUIDO"
            },
            {
                "nomeBeneficio": ""
            },
            {
                "nomeBeneficio": "08.09.2023        PARCELA DE IPI                                    168.036,17C"
            },
            {
                "nomeBeneficio": "                  PARCELA DE IR                                     973.780,43C"
            },
            {
                "nomeBeneficio": "                  RETENCAO PASEP                                     11.418,15D"
            },
            {
                "nomeBeneficio": "                  RFB-PREV-PARC60                                    52.782,70D"
            },
            {
                "nomeBeneficio": "                  CEF-FGTS-INADIM                                    31.023,35D"
            },
            {
                "nomeBeneficio": "                  DEDUCAO SAUDE                                      82.937,02D"
            },
            {
                "nomeBeneficio": "                  DEDUCAO FUNDEB                                    162.621,63D"
            },
            {
                "nomeBeneficio": "                  TOTAL NA DATA                                     801.033,75C"
            },
            {
                "nomeBeneficio": ""
            },
            {
                "nomeBeneficio": "20.09.2023        PARCELA DE IPI                                     22.487,46C"
            },
            {
                "nomeBeneficio": "                  PARCELA DE IR                                     185.963,78C"
            },
            {
                "nomeBeneficio": "                  RETENCAO PASEP                                      2.084,50D"
            },
            {
                "nomeBeneficio": "                  RFB-RET DARF                                      105.796,80D"
            },
            {
                "nomeBeneficio": "                  DEDUCAO SAUDE                                      21.262,02D"
            },
            {
                "nomeBeneficio": "                  DEDUCAO FUNDEB                                     41.690,24D"
            },
            {
                "nomeBeneficio": "                  TOTAL NA DATA                                      37.617,68C"
            },
            {
                "nomeBeneficio": ""
            },
            {
                "nomeBeneficio": "29.09.2023        PARCELA DE IPI                                     55.769,60C"
            },
            {
                "nomeBeneficio": "                  PARCELA DE IR                                     846.546,75C"
            },
            {
                "nomeBeneficio": "                  RETENCAO PASEP                                      9.023,15D"
            },
            {
                "nomeBeneficio": "                  RFB-RET DARF                                       98.900,00D"
            },
            {
                "nomeBeneficio": "                  DEDUCAO SAUDE                                      92.036,25D"
            },
            {
                "nomeBeneficio": "                  DEDUCAO FUNDEB                                    180.463,27D"
            },
            {
                "nomeBeneficio": "                  TOTAL NA DATA                                     521.893,68C"
            },
            {
                "nomeBeneficio": ""
            },
            {
                "nomeBeneficio": "TOTAL POR PARCELA / NATUREZA"
            },
            {
                "nomeBeneficio": ""
            },
            {
                "nomeBeneficio": "                  PARCELA DE IPI                                    246.293,23C"
            },
            {
                "nomeBeneficio": "                  PARCELA DE IR                                   2.006.290,96C"
            },
            {
                "nomeBeneficio": "                  RETENCAO PASEP                                     22.525,80D"
            },
            {
                "nomeBeneficio": "                  RFB-PREV-PARC60                                    52.782,70D"
            },
            {
                "nomeBeneficio": "                  CEF-FGTS-INADIM                                    31.023,35D"
            },
            {
                "nomeBeneficio": "                  RFB-RET DARF                                      204.696,80D"
            },
            {
                "nomeBeneficio": "                  DEDUCAO SAUDE                                     196.235,29D"
            },
            {
                "nomeBeneficio": "                  DEDUCAO FUNDEB                                    384.775,14D"
            },
            {
                "nomeBeneficio": ""
            },
            {
                "nomeBeneficio": "                  DEBITO FUNDO                                      892.039,08D"
            },
            {
                "nomeBeneficio": "                  CREDITO FUNDO                                   2.252.584,19C"
            },
            {
                "nomeBeneficio": ""
            },
            {
                "nomeBeneficio": "TOTAL DISTRIBUIDO NO PERIODO"
            },
            {
                "nomeBeneficio": ""
            },
            {
                "nomeBeneficio": "                  DEBITO BENEF.                                     892.039,08D"
            },
            {
                "nomeBeneficio": "                  CREDITO BENEF.                                  2.252.584,19C"
            }
        ]
    },
    "October": {
        "quantidadeBeneficio": 48,
        "indicadorContinuarPesquisa": "N",
        "quantidadeOcorrencia": [
            {
                "nomeBeneficio": "ITAJUIPE                                          -BA"
            },
            {
                "nomeBeneficio": ""
            },
            {
                "nomeBeneficio": "FPM   - FUNDO DE PARTICIPACAO DOS MUNICIPIOS"
            },
            {
                "nomeBeneficio": "DATA                PARCELA                                   VALOR DISTRIBUIDO"
            },
            {
                "nomeBeneficio": ""
            },
            {
                "nomeBeneficio": "10.10.2023        PARCELA DE IPI                                    142.773,64C"
            },
            {
                "nomeBeneficio": "                  PARCELA DE IR                                     769.269,93C"
            },
            {
                "nomeBeneficio": "                  RETENCAO PASEP                                      9.120,42D"
            },
            {
                "nomeBeneficio": "                  RFB-PREV-PARC60                                    52.782,70D"
            },
            {
                "nomeBeneficio": "                  CEF-FGTS-INADIM                                    31.246,16D"
            },
            {
                "nomeBeneficio": "                  RFB-RET DARF                                      116.000,00D"
            },
            {
                "nomeBeneficio": "                  DEDUCAO SAUDE                                      93.028,44D"
            },
            {
                "nomeBeneficio": "                  DEDUCAO FUNDEB                                    182.408,70D"
            },
            {
                "nomeBeneficio": "                  TOTAL NA DATA                                     427.457,15C"
            },
            {
                "nomeBeneficio": ""
            },
            {
                "nomeBeneficio": "20.10.2023        PARCELA DE IPI                                     65.192,43C"
            },
            {
                "nomeBeneficio": "                  PARCELA DE IR                                     288.049,80C"
            },
            {
                "nomeBeneficio": "                  RETENCAO PASEP                                      3.532,41D"
            },
            {
                "nomeBeneficio": "                  RFB-RET DARF                                       98.800,00D"
            },
            {
                "nomeBeneficio": "                  DEDUCAO SAUDE                                      36.030,69D"
            },
            {
                "nomeBeneficio": "                  DEDUCAO FUNDEB                                     70.648,44D"
            },
            {
                "nomeBeneficio": "                  TOTAL NA DATA                                     144.230,69C"
            },
            {
                "nomeBeneficio": ""
            },
            {
                "nomeBeneficio": "30.10.2023        PARCELA DE IPI                                     39.111,17C"
            },
            {
                "nomeBeneficio": "                  PARCELA DE IR                                     787.718,89C"
            },
            {
                "nomeBeneficio": "                  RETENCAO PASEP                                      8.268,29D"
            },
            {
                "nomeBeneficio": "                  DEDUCAO SAUDE                                      84.336,65D"
            },
            {
                "nomeBeneficio": "                  DEDUCAO FUNDEB                                    165.366,00D"
            },
            {
                "nomeBeneficio": "                  TOTAL NA DATA                                     568.859,12C"
            },
            {
                "nomeBeneficio": ""
            },
            {
                "nomeBeneficio": "TOTAL POR PARCELA / NATUREZA"
            },
            {
                "nomeBeneficio": ""
            },
            {
                "nomeBeneficio": "                  PARCELA DE IPI                                    247.077,24C"
            },
            {
                "nomeBeneficio": "                  PARCELA DE IR                                   1.845.038,62C"
            },
            {
                "nomeBeneficio": "                  RETENCAO PASEP                                     20.921,12D"
            },
            {
                "nomeBeneficio": "                  RFB-PREV-PARC60                                    52.782,70D"
            },
            {
                "nomeBeneficio": "                  CEF-FGTS-INADIM                                    31.246,16D"
            },
            {
                "nomeBeneficio": "                  RFB-RET DARF                                      214.800,00D"
            },
            {
                "nomeBeneficio": "                  DEDUCAO SAUDE                                     213.395,78D"
            },
            {
                "nomeBeneficio": "                  DEDUCAO FUNDEB                                    418.423,14D"
            },
            {
                "nomeBeneficio": ""
            },
            {
                "nomeBeneficio": "                  DEBITO FUNDO                                      951.568,90D"
            },
            {
                "nomeBeneficio": "                  CREDITO FUNDO                                   2.092.115,86C"
            },
            {
                "nomeBeneficio": ""
            },
            {
                "nomeBeneficio": "TOTAL DISTRIBUIDO NO PERIODO"
            },
            {
                "nomeBeneficio": ""
            },
            {
                "nomeBeneficio": "                  DEBITO BENEF.                                     951.568,90D"
            },
            {
                "nomeBeneficio": "                  CREDITO BENEF.                                  2.092.115,86C"
            }
        ]
    },
    "November": {
        "quantidadeBeneficio": 47,
        "indicadorContinuarPesquisa": "N",
        "quantidadeOcorrencia": [
            {
                "nomeBeneficio": "ITAJUIPE                                          -BA"
            },
            {
                "nomeBeneficio": ""
            },
            {
                "nomeBeneficio": "FPM   - FUNDO DE PARTICIPACAO DOS MUNICIPIOS"
            },
            {
                "nomeBeneficio": "DATA                PARCELA                                   VALOR DISTRIBUIDO"
            },
            {
                "nomeBeneficio": ""
            },
            {
                "nomeBeneficio": "10.11.2023        PARCELA DE IPI                                    119.462,00C"
            },
            {
                "nomeBeneficio": "                  PARCELA DE IR                                   1.497.495,31C"
            },
            {
                "nomeBeneficio": "                  RETENCAO PASEP                                     16.169,57D"
            },
            {
                "nomeBeneficio": "                  RFB-PREV-PARC60                                    52.782,70D"
            },
            {
                "nomeBeneficio": "                  CEF-FGTS-INADIM                                    31.177,30D"
            },
            {
                "nomeBeneficio": "                  RFB-RET DARF                                      116.000,00D"
            },
            {
                "nomeBeneficio": "                  DEDUCAO SAUDE                                     164.929,64D"
            },
            {
                "nomeBeneficio": "                  DEDUCAO FUNDEB                                    323.391,46D"
            },
            {
                "nomeBeneficio": "                  TOTAL NA DATA                                     912.506,64C"
            },
            {
                "nomeBeneficio": ""
            },
            {
                "nomeBeneficio": "20.11.2023        PARCELA DE IPI                                     42.162,04C"
            },
            {
                "nomeBeneficio": "                  PARCELA DE IR                                     308.608,07C"
            },
            {
                "nomeBeneficio": "                  RETENCAO PASEP                                      3.507,70D"
            },
            {
                "nomeBeneficio": "                  DEDUCAO SAUDE                                      35.778,54D"
            },
            {
                "nomeBeneficio": "                  DEDUCAO FUNDEB                                     70.154,01D"
            },
            {
                "nomeBeneficio": "                  TOTAL NA DATA                                     241.329,86C"
            },
            {
                "nomeBeneficio": ""
            },
            {
                "nomeBeneficio": "30.11.2023        PARCELA DE IPI                                     40.824,93C"
            },
            {
                "nomeBeneficio": "                  PARCELA DE IR                                     705.893,60C"
            },
            {
                "nomeBeneficio": "                  RETENCAO PASEP                                      7.467,17D"
            },
            {
                "nomeBeneficio": "                  DEDUCAO SAUDE                                      76.165,28D"
            },
            {
                "nomeBeneficio": "                  DEDUCAO FUNDEB                                    149.343,70D"
            },
            {
                "nomeBeneficio": "                  TOTAL NA DATA                                     513.742,38C"
            },
            {
                "nomeBeneficio": ""
            },
            {
                "nomeBeneficio": "TOTAL POR PARCELA / NATUREZA"
            },
            {
                "nomeBeneficio": ""
            },
            {
                "nomeBeneficio": "                  PARCELA DE IPI                                    202.448,97C"
            },
            {
                "nomeBeneficio": "                  PARCELA DE IR                                   2.511.996,98C"
            },
            {
                "nomeBeneficio": "                  RETENCAO PASEP                                     27.144,44D"
            },
            {
                "nomeBeneficio": "                  RFB-PREV-PARC60                                    52.782,70D"
            },
            {
                "nomeBeneficio": "                  CEF-FGTS-INADIM                                    31.177,30D"
            },
            {
                "nomeBeneficio": "                  RFB-RET DARF                                      116.000,00D"
            },
            {
                "nomeBeneficio": "                  DEDUCAO SAUDE                                     276.873,46D"
            },
            {
                "nomeBeneficio": "                  DEDUCAO FUNDEB                                    542.889,17D"
            },
            {
                "nomeBeneficio": ""
            },
            {
                "nomeBeneficio": "                  DEBITO FUNDO                                    1.046.867,07D"
            },
            {
                "nomeBeneficio": "                  CREDITO FUNDO                                   2.714.445,95C"
            },
            {
                "nomeBeneficio": ""
            },
            {
                "nomeBeneficio": "TOTAL DISTRIBUIDO NO PERIODO"
            },
            {
                "nomeBeneficio": ""
            },
            {
                "nomeBeneficio": "                  DEBITO BENEF.                                   1.046.867,07D"
            },
            {
                "nomeBeneficio": "                  CREDITO BENEF.                                  2.714.445,95C"
            }
        ]
    },
    "December": {
        "quantidadeBeneficio": 52,
        "indicadorContinuarPesquisa": "N",
        "quantidadeOcorrencia": [
            {
                "nomeBeneficio": "ITAJUIPE                                          -BA"
            },
            {
                "nomeBeneficio": ""
            },
            {
                "nomeBeneficio": "FPM   - FUNDO DE PARTICIPACAO DOS MUNICIPIOS"
            },
            {
                "nomeBeneficio": "DATA                PARCELA                                   VALOR DISTRIBUIDO"
            },
            {
                "nomeBeneficio": ""
            },
            {
                "nomeBeneficio": "07.12.2023        PARCELA DE IPI                                    102.999,87C"
            },
            {
                "nomeBeneficio": "                  PARCELA DE IR                                   1.221.127,17C"
            },
            {
                "nomeBeneficio": "                  RETENCAO PASEP                                     13.241,26D"
            },
            {
                "nomeBeneficio": "                  TOTAL NA DATA                                   1.310.885,78C"
            },
            {
                "nomeBeneficio": ""
            },
            {
                "nomeBeneficio": "08.12.2023        PARCELA DE IPI                                    116.831,82C"
            },
            {
                "nomeBeneficio": "                  PARCELA DE IR                                   1.050.507,00C"
            },
            {
                "nomeBeneficio": "                  RETENCAO PASEP                                     11.673,38D"
            },
            {
                "nomeBeneficio": "                  RFB-PREV-PARC60                                    52.782,70D"
            },
            {
                "nomeBeneficio": "                  CEF-FGTS-INADIM                                    31.243,60D"
            },
            {
                "nomeBeneficio": "                  RFB-RET DARF                                      116.000,00D"
            },
            {
                "nomeBeneficio": "                  DEDUCAO SAUDE                                     119.068,55D"
            },
            {
                "nomeBeneficio": "                  DEDUCAO FUNDEB                                    233.467,76D"
            },
            {
                "nomeBeneficio": "                  TOTAL NA DATA                                     603.102,83C"
            },
            {
                "nomeBeneficio": ""
            },
            {
                "nomeBeneficio": "20.12.2023        PARCELA DE IPI                                     55.302,28C"
            },
            {
                "nomeBeneficio": "                  PARCELA DE IR                                     748.226,65C"
            },
            {
                "nomeBeneficio": "                  RETENCAO PASEP                                      8.035,28D"
            },
            {
                "nomeBeneficio": "                  DEDUCAO SAUDE                                      81.959,94D"
            },
            {
                "nomeBeneficio": "                  DEDUCAO FUNDEB                                    160.705,78D"
            },
            {
                "nomeBeneficio": "                  TOTAL NA DATA                                     552.827,93C"
            },
            {
                "nomeBeneficio": ""
            },
            {
                "nomeBeneficio": "28.12.2023        PARCELA DE IPI                                     48.270,22C"
            },
            {
                "nomeBeneficio": "                  PARCELA DE IR                                     967.465,63C"
            },
            {
                "nomeBeneficio": "                  RETENCAO PASEP                                     10.157,35D"
            },
            {
                "nomeBeneficio": "                  DEDUCAO SAUDE                                     103.605,05D"
            },
            {
                "nomeBeneficio": "                  DEDUCAO FUNDEB                                    203.147,16D"
            },
            {
                "nomeBeneficio": "                  TOTAL NA DATA                                     698.826,29C"
            },
            {
                "nomeBeneficio": ""
            },
            {
                "nomeBeneficio": "TOTAL POR PARCELA / NATUREZA"
            },
            {
                "nomeBeneficio": ""
            },
            {
                "nomeBeneficio": "                  PARCELA DE IPI                                    323.404,19C"
            },
            {
                "nomeBeneficio": "                  PARCELA DE IR                                   3.987.326,45C"
            },
            {
                "nomeBeneficio": "                  RETENCAO PASEP                                     43.107,27D"
            },
            {
                "nomeBeneficio": "                  RFB-PREV-PARC60                                    52.782,70D"
            },
            {
                "nomeBeneficio": "                  CEF-FGTS-INADIM                                    31.243,60D"
            },
            {
                "nomeBeneficio": "                  RFB-RET DARF                                      116.000,00D"
            },
            {
                "nomeBeneficio": "                  DEDUCAO SAUDE                                     304.633,54D"
            },
            {
                "nomeBeneficio": "                  DEDUCAO FUNDEB                                    597.320,70D"
            },
            {
                "nomeBeneficio": ""
            },
            {
                "nomeBeneficio": "                  DEBITO FUNDO                                    1.145.087,81D"
            },
            {
                "nomeBeneficio": "                  CREDITO FUNDO                                   4.310.730,64C"
            },
            {
                "nomeBeneficio": ""
            },
            {
                "nomeBeneficio": "TOTAL DISTRIBUIDO NO PERIODO"
            },
            {
                "nomeBeneficio": ""
            },
            {
                "nomeBeneficio": "                  DEBITO BENEF.                                   1.145.087,81D"
            },
            {
                "nomeBeneficio": "                  CREDITO BENEF.                                  4.310.730,64C"
            }
        ]
    }
}