{
    "January": {
        "quantidadeBeneficio": 41,
        "indicadorContinuarPesquisa": "N",
        "quantidadeOcorrencia": [
            {
                "nomeBeneficio": "SANTO ESTEVAO                                     -BA"
            },
            {
                "nomeBeneficio": ""
            },
            {
                "nomeBeneficio": "FPM   - FUNDO DE PARTICIPACAO DOS MUNICIPIOS"
            },
            {
                "nomeBeneficio": "DATA                PARCELA                                   VALOR DISTRIBUIDO"
            },
            {
                "nomeBeneficio": ""
            },
            {
                "nomeBeneficio": "10.01.2023        PARCELA DE IPI                                    215.147,98C"
            },
            {
                "nomeBeneficio": "                  PARCELA DE IR                                   1.982.479,37C"
            },
            {
                "nomeBeneficio": "                  RETENCAO PASEP                                     21.976,26D"
            },
            {
                "nomeBeneficio": "                  RFB-PREV-PARC60                                    77.202,76D"
            },
            {
                "nomeBeneficio": "                  DEDUCAO FUNDEB                                    439.525,46D"
            },
            {
                "nomeBeneficio": "                  TOTAL NA DATA                                   1.658.922,87C"
            },
            {
                "nomeBeneficio": ""
            },
            {
                "nomeBeneficio": "20.01.2023        PARCELA DE IPI                                    106.561,91C"
            },
            {
                "nomeBeneficio": "                  PARCELA DE IR                                     740.349,45C"
            },
            {
                "nomeBeneficio": "                  RETENCAO PASEP                                      8.469,10D"
            },
            {
                "nomeBeneficio": "                  DEDUCAO FUNDEB                                    169.382,27D"
            },
            {
                "nomeBeneficio": "                  TOTAL NA DATA                                     669.059,99C"
            },
            {
                "nomeBeneficio": ""
            },
            {
                "nomeBeneficio": "30.01.2023        PARCELA DE IPI                                     56.692,43C"
            },
            {
                "nomeBeneficio": "                  PARCELA DE IR                                   1.869.721,04C"
            },
            {
                "nomeBeneficio": "                  RETENCAO PASEP                                     19.264,13D"
            },
            {
                "nomeBeneficio": "                  RFB-RET DARF                                        5.866,42D"
            },
            {
                "nomeBeneficio": "                  DEDUCAO FUNDEB                                    385.282,68D"
            },
            {
                "nomeBeneficio": "                  TOTAL NA DATA                                   1.516.000,24C"
            },
            {
                "nomeBeneficio": ""
            },
            {
                "nomeBeneficio": "TOTAL POR PARCELA / NATUREZA"
            },
            {
                "nomeBeneficio": ""
            },
            {
                "nomeBeneficio": "                  PARCELA DE IPI                                    378.402,32C"
            },
            {
                "nomeBeneficio": "                  PARCELA DE IR                                   4.592.549,86C"
            },
            {
                "nomeBeneficio": "                  RETENCAO PASEP                                     49.709,49D"
            },
            {
                "nomeBeneficio": "                  RFB-PREV-PARC60                                    77.202,76D"
            },
            {
                "nomeBeneficio": "                  RFB-RET DARF                                        5.866,42D"
            },
            {
                "nomeBeneficio": "                  DEDUCAO FUNDEB                                    994.190,41D"
            },
            {
                "nomeBeneficio": ""
            },
            {
                "nomeBeneficio": "                  DEBITO FUNDO                                    1.126.969,08D"
            },
            {
                "nomeBeneficio": "                  CREDITO FUNDO                                   4.970.952,18C"
            },
            {
                "nomeBeneficio": ""
            },
            {
                "nomeBeneficio": "TOTAL DISTRIBUIDO NO PERIODO"
            },
            {
                "nomeBeneficio": ""
            },
            {
                "nomeBeneficio": "                  DEBITO BENEF.                                   1.126.969,08D"
            },
            {
                "nomeBeneficio": "                  CREDITO BENEF.                                  4.970.952,18C"
            }
        ]
    },
    "February": {
        "quantidadeBeneficio": 41,
        "indicadorContinuarPesquisa": "N",
        "quantidadeOcorrencia": [
            {
                "nomeBeneficio": "SANTO ESTEVAO                                     -BA"
            },
            {
                "nomeBeneficio": ""
            },
            {
                "nomeBeneficio": "FPM   - FUNDO DE PARTICIPACAO DOS MUNICIPIOS"
            },
            {
                "nomeBeneficio": "DATA                PARCELA                                   VALOR DISTRIBUIDO"
            },
            {
                "nomeBeneficio": ""
            },
            {
                "nomeBeneficio": "10.02.2023        PARCELA DE IPI                                    200.471,33C"
            },
            {
                "nomeBeneficio": "                  PARCELA DE IR                                   4.727.471,47C"
            },
            {
                "nomeBeneficio": "                  RETENCAO PASEP                                     49.279,42D"
            },
            {
                "nomeBeneficio": "                  RFB-PREV-PARC60                                    77.736,06D"
            },
            {
                "nomeBeneficio": "                  DEDUCAO FUNDEB                                    985.588,55D"
            },
            {
                "nomeBeneficio": "                  TOTAL NA DATA                                   3.815.338,77C"
            },
            {
                "nomeBeneficio": ""
            },
            {
                "nomeBeneficio": "17.02.2023        PARCELA DE IPI                                     36.432,55C"
            },
            {
                "nomeBeneficio": "                  PARCELA DE IR                                     437.957,37C"
            },
            {
                "nomeBeneficio": "                  RETENCAO PASEP                                      4.743,89D"
            },
            {
                "nomeBeneficio": "                  DEDUCAO FUNDEB                                     94.877,98D"
            },
            {
                "nomeBeneficio": "                  TOTAL NA DATA                                     374.768,05C"
            },
            {
                "nomeBeneficio": ""
            },
            {
                "nomeBeneficio": "28.02.2023        PARCELA DE IPI                                     26.772,80C"
            },
            {
                "nomeBeneficio": "                  PARCELA DE IR                                   1.149.535,77C"
            },
            {
                "nomeBeneficio": "                  RETENCAO PASEP                                     11.763,07D"
            },
            {
                "nomeBeneficio": "                  RFB-RET DARF                                        5.866,42D"
            },
            {
                "nomeBeneficio": "                  DEDUCAO FUNDEB                                    235.261,71D"
            },
            {
                "nomeBeneficio": "                  TOTAL NA DATA                                     923.417,37C"
            },
            {
                "nomeBeneficio": ""
            },
            {
                "nomeBeneficio": "TOTAL POR PARCELA / NATUREZA"
            },
            {
                "nomeBeneficio": ""
            },
            {
                "nomeBeneficio": "                  PARCELA DE IPI                                    263.676,68C"
            },
            {
                "nomeBeneficio": "                  PARCELA DE IR                                   6.314.964,61C"
            },
            {
                "nomeBeneficio": "                  RETENCAO PASEP                                     65.786,38D"
            },
            {
                "nomeBeneficio": "                  RFB-PREV-PARC60                                    77.736,06D"
            },
            {
                "nomeBeneficio": "                  RFB-RET DARF                                        5.866,42D"
            },
            {
                "nomeBeneficio": "                  DEDUCAO FUNDEB                                  1.315.728,24D"
            },
            {
                "nomeBeneficio": ""
            },
            {
                "nomeBeneficio": "                  DEBITO FUNDO                                    1.465.117,10D"
            },
            {
                "nomeBeneficio": "                  CREDITO FUNDO                                   6.578.641,29C"
            },
            {
                "nomeBeneficio": ""
            },
            {
                "nomeBeneficio": "TOTAL DISTRIBUIDO NO PERIODO"
            },
            {
                "nomeBeneficio": ""
            },
            {
                "nomeBeneficio": "                  DEBITO BENEF.                                   1.465.117,10D"
            },
            {
                "nomeBeneficio": "                  CREDITO BENEF.                                  6.578.641,29C"
            }
        ]
    },
    "March": {
        "quantidadeBeneficio": 41,
        "indicadorContinuarPesquisa": "N",
        "quantidadeOcorrencia": [
            {
                "nomeBeneficio": "SANTO ESTEVAO                                     -BA"
            },
            {
                "nomeBeneficio": ""
            },
            {
                "nomeBeneficio": "FPM   - FUNDO DE PARTICIPACAO DOS MUNICIPIOS"
            },
            {
                "nomeBeneficio": "DATA                PARCELA                                   VALOR DISTRIBUIDO"
            },
            {
                "nomeBeneficio": ""
            },
            {
                "nomeBeneficio": "10.03.2023        PARCELA DE IPI                                    226.115,30C"
            },
            {
                "nomeBeneficio": "                  PARCELA DE IR                                   1.836.970,59C"
            },
            {
                "nomeBeneficio": "                  RETENCAO PASEP                                     20.630,85D"
            },
            {
                "nomeBeneficio": "                  RFB-PREV-PARC60                                    78.174,13D"
            },
            {
                "nomeBeneficio": "                  DEDUCAO FUNDEB                                    412.617,17D"
            },
            {
                "nomeBeneficio": "                  TOTAL NA DATA                                   1.551.663,74C"
            },
            {
                "nomeBeneficio": ""
            },
            {
                "nomeBeneficio": "20.03.2023        PARCELA DE IPI                                     45.450,76C"
            },
            {
                "nomeBeneficio": "                  PARCELA DE IR                                     409.329,77C"
            },
            {
                "nomeBeneficio": "                  RETENCAO PASEP                                      4.547,79D"
            },
            {
                "nomeBeneficio": "                  DEDUCAO FUNDEB                                     90.956,10D"
            },
            {
                "nomeBeneficio": "                  TOTAL NA DATA                                     359.276,64C"
            },
            {
                "nomeBeneficio": ""
            },
            {
                "nomeBeneficio": "30.03.2023        PARCELA DE IPI                                     55.211,92C"
            },
            {
                "nomeBeneficio": "                  PARCELA DE IR                                   1.451.378,34C"
            },
            {
                "nomeBeneficio": "                  RETENCAO PASEP                                     15.065,89D"
            },
            {
                "nomeBeneficio": "                  RFB-RET DARF                                        5.866,42D"
            },
            {
                "nomeBeneficio": "                  DEDUCAO FUNDEB                                    301.318,04D"
            },
            {
                "nomeBeneficio": "                  TOTAL NA DATA                                   1.184.339,91C"
            },
            {
                "nomeBeneficio": ""
            },
            {
                "nomeBeneficio": "TOTAL POR PARCELA / NATUREZA"
            },
            {
                "nomeBeneficio": ""
            },
            {
                "nomeBeneficio": "                  PARCELA DE IPI                                    326.777,98C"
            },
            {
                "nomeBeneficio": "                  PARCELA DE IR                                   3.697.678,70C"
            },
            {
                "nomeBeneficio": "                  RETENCAO PASEP                                     40.244,53D"
            },
            {
                "nomeBeneficio": "                  RFB-PREV-PARC60                                    78.174,13D"
            },
            {
                "nomeBeneficio": "                  RFB-RET DARF                                        5.866,42D"
            },
            {
                "nomeBeneficio": "                  DEDUCAO FUNDEB                                    804.891,31D"
            },
            {
                "nomeBeneficio": ""
            },
            {
                "nomeBeneficio": "                  DEBITO FUNDO                                      929.176,39D"
            },
            {
                "nomeBeneficio": "                  CREDITO FUNDO                                   4.024.456,68C"
            },
            {
                "nomeBeneficio": ""
            },
            {
                "nomeBeneficio": "TOTAL DISTRIBUIDO NO PERIODO"
            },
            {
                "nomeBeneficio": ""
            },
            {
                "nomeBeneficio": "                  DEBITO BENEF.                                     929.176,39D"
            },
            {
                "nomeBeneficio": "                  CREDITO BENEF.                                  4.024.456,68C"
            }
        ]
    },
    "April": {
        "quantidadeBeneficio": 39,
        "indicadorContinuarPesquisa": "N",
        "quantidadeOcorrencia": [
            {
                "nomeBeneficio": "SANTO ESTEVAO                                     -BA"
            },
            {
                "nomeBeneficio": ""
            },
            {
                "nomeBeneficio": "FPM   - FUNDO DE PARTICIPACAO DOS MUNICIPIOS"
            },
            {
                "nomeBeneficio": "DATA                PARCELA                                   VALOR DISTRIBUIDO"
            },
            {
                "nomeBeneficio": ""
            },
            {
                "nomeBeneficio": "10.04.2023        PARCELA DE IPI                                    257.193,69C"
            },
            {
                "nomeBeneficio": "                  PARCELA DE IR                                   1.968.102,91C"
            },
            {
                "nomeBeneficio": "                  RETENCAO PASEP                                     22.252,95D"
            },
            {
                "nomeBeneficio": "                  RFB-PREV-PARC60                                    78.731,24D"
            },
            {
                "nomeBeneficio": "                  DEDUCAO FUNDEB                                    445.059,31D"
            },
            {
                "nomeBeneficio": "                  TOTAL NA DATA                                   1.679.253,10C"
            },
            {
                "nomeBeneficio": ""
            },
            {
                "nomeBeneficio": "20.04.2023        PARCELA DE IPI                                     40.545,22C"
            },
            {
                "nomeBeneficio": "                  PARCELA DE IR                                     530.779,77C"
            },
            {
                "nomeBeneficio": "                  RETENCAO PASEP                                      5.713,24D"
            },
            {
                "nomeBeneficio": "                  DEDUCAO FUNDEB                                    114.264,99D"
            },
            {
                "nomeBeneficio": "                  TOTAL NA DATA                                     451.346,76C"
            },
            {
                "nomeBeneficio": ""
            },
            {
                "nomeBeneficio": "28.04.2023        PARCELA DE IPI                                     50.629,90C"
            },
            {
                "nomeBeneficio": "                  PARCELA DE IR                                   1.753.958,42C"
            },
            {
                "nomeBeneficio": "                  RETENCAO PASEP                                     18.045,87D"
            },
            {
                "nomeBeneficio": "                  DEDUCAO FUNDEB                                    360.917,66D"
            },
            {
                "nomeBeneficio": "                  TOTAL NA DATA                                   1.425.624,79C"
            },
            {
                "nomeBeneficio": ""
            },
            {
                "nomeBeneficio": "TOTAL POR PARCELA / NATUREZA"
            },
            {
                "nomeBeneficio": ""
            },
            {
                "nomeBeneficio": "                  PARCELA DE IPI                                    348.368,81C"
            },
            {
                "nomeBeneficio": "                  PARCELA DE IR                                   4.252.841,10C"
            },
            {
                "nomeBeneficio": "                  RETENCAO PASEP                                     46.012,06D"
            },
            {
                "nomeBeneficio": "                  RFB-PREV-PARC60                                    78.731,24D"
            },
            {
                "nomeBeneficio": "                  DEDUCAO FUNDEB                                    920.241,96D"
            },
            {
                "nomeBeneficio": ""
            },
            {
                "nomeBeneficio": "                  DEBITO FUNDO                                    1.044.985,26D"
            },
            {
                "nomeBeneficio": "                  CREDITO FUNDO                                   4.601.209,91C"
            },
            {
                "nomeBeneficio": ""
            },
            {
                "nomeBeneficio": "TOTAL DISTRIBUIDO NO PERIODO"
            },
            {
                "nomeBeneficio": ""
            },
            {
                "nomeBeneficio": "                  DEBITO BENEF.                                   1.044.985,26D"
            },
            {
                "nomeBeneficio": "                  CREDITO BENEF.                                  4.601.209,91C"
            }
        ]
    },
    "May": {
        "quantidadeBeneficio": 41,
        "indicadorContinuarPesquisa": "N",
        "quantidadeOcorrencia": [
            {
                "nomeBeneficio": "SANTO ESTEVAO                                     -BA"
            },
            {
                "nomeBeneficio": ""
            },
            {
                "nomeBeneficio": "FPM   - FUNDO DE PARTICIPACAO DOS MUNICIPIOS"
            },
            {
                "nomeBeneficio": "DATA                PARCELA                                   VALOR DISTRIBUIDO"
            },
            {
                "nomeBeneficio": ""
            },
            {
                "nomeBeneficio": "10.05.2023        PARCELA DE IPI                                    214.439,09C"
            },
            {
                "nomeBeneficio": "                  PARCELA DE IR                                   2.798.139,96C"
            },
            {
                "nomeBeneficio": "                  RETENCAO PASEP                                     30.125,78D"
            },
            {
                "nomeBeneficio": "                  RFB-PREV-PARC60                                    79.169,31D"
            },
            {
                "nomeBeneficio": "                  DEDUCAO FUNDEB                                    602.515,80D"
            },
            {
                "nomeBeneficio": "                  TOTAL NA DATA                                   2.300.768,16C"
            },
            {
                "nomeBeneficio": ""
            },
            {
                "nomeBeneficio": "19.05.2023        PARCELA DE IPI                                     60.659,45C"
            },
            {
                "nomeBeneficio": "                  PARCELA DE IR                                     534.538,49C"
            },
            {
                "nomeBeneficio": "                  RETENCAO PASEP                                      5.951,97D"
            },
            {
                "nomeBeneficio": "                  RFB-RET DARF                                       11.732,84D"
            },
            {
                "nomeBeneficio": "                  DEDUCAO FUNDEB                                    119.039,58D"
            },
            {
                "nomeBeneficio": "                  TOTAL NA DATA                                     458.473,55C"
            },
            {
                "nomeBeneficio": ""
            },
            {
                "nomeBeneficio": "30.05.2023        PARCELA DE IPI                                     38.175,09C"
            },
            {
                "nomeBeneficio": "                  PARCELA DE IR                                   1.469.031,41C"
            },
            {
                "nomeBeneficio": "                  RETENCAO PASEP                                     15.072,06D"
            },
            {
                "nomeBeneficio": "                  DEDUCAO FUNDEB                                    301.441,29D"
            },
            {
                "nomeBeneficio": "                  TOTAL NA DATA                                   1.190.693,15C"
            },
            {
                "nomeBeneficio": ""
            },
            {
                "nomeBeneficio": "TOTAL POR PARCELA / NATUREZA"
            },
            {
                "nomeBeneficio": ""
            },
            {
                "nomeBeneficio": "                  PARCELA DE IPI                                    313.273,63C"
            },
            {
                "nomeBeneficio": "                  PARCELA DE IR                                   4.801.709,86C"
            },
            {
                "nomeBeneficio": "                  RETENCAO PASEP                                     51.149,81D"
            },
            {
                "nomeBeneficio": "                  RFB-PREV-PARC60                                    79.169,31D"
            },
            {
                "nomeBeneficio": "                  RFB-RET DARF                                       11.732,84D"
            },
            {
                "nomeBeneficio": "                  DEDUCAO FUNDEB                                  1.022.996,67D"
            },
            {
                "nomeBeneficio": ""
            },
            {
                "nomeBeneficio": "                  DEBITO FUNDO                                    1.165.048,63D"
            },
            {
                "nomeBeneficio": "                  CREDITO FUNDO                                   5.114.983,49C"
            },
            {
                "nomeBeneficio": ""
            },
            {
                "nomeBeneficio": "TOTAL DISTRIBUIDO NO PERIODO"
            },
            {
                "nomeBeneficio": ""
            },
            {
                "nomeBeneficio": "                  DEBITO BENEF.                                   1.165.048,63D"
            },
            {
                "nomeBeneficio": "                  CREDITO BENEF.                                  5.114.983,49C"
            }
        ]
    },
    "June": {
        "quantidadeBeneficio": 41,
        "indicadorContinuarPesquisa": "N",
        "quantidadeOcorrencia": [
            {
                "nomeBeneficio": "SANTO ESTEVAO                                     -BA"
            },
            {
                "nomeBeneficio": ""
            },
            {
                "nomeBeneficio": "FPM   - FUNDO DE PARTICIPACAO DOS MUNICIPIOS"
            },
            {
                "nomeBeneficio": "DATA                PARCELA                                   VALOR DISTRIBUIDO"
            },
            {
                "nomeBeneficio": ""
            },
            {
                "nomeBeneficio": "09.06.2023        PARCELA DE IPI                                    264.566,93C"
            },
            {
                "nomeBeneficio": "                  PARCELA DE IR                                   1.833.256,02C"
            },
            {
                "nomeBeneficio": "                  RETENCAO PASEP                                     20.978,22D"
            },
            {
                "nomeBeneficio": "                  RFB-PREV-PARC60                                    79.702,60D"
            },
            {
                "nomeBeneficio": "                  DEDUCAO FUNDEB                                    419.564,58D"
            },
            {
                "nomeBeneficio": "                  TOTAL NA DATA                                   1.577.577,55C"
            },
            {
                "nomeBeneficio": ""
            },
            {
                "nomeBeneficio": "20.06.2023        PARCELA DE IPI                                     66.445,83C"
            },
            {
                "nomeBeneficio": "                  PARCELA DE IR                                   1.145.325,73C"
            },
            {
                "nomeBeneficio": "                  RETENCAO PASEP                                     12.117,70D"
            },
            {
                "nomeBeneficio": "                  RFB-RET DARF                                        5.866,42D"
            },
            {
                "nomeBeneficio": "                  DEDUCAO FUNDEB                                    242.354,30D"
            },
            {
                "nomeBeneficio": "                  TOTAL NA DATA                                     951.433,14C"
            },
            {
                "nomeBeneficio": ""
            },
            {
                "nomeBeneficio": "30.06.2023        PARCELA DE IPI                                     59.631,16C"
            },
            {
                "nomeBeneficio": "                  PARCELA DE IR                                   1.408.130,57C"
            },
            {
                "nomeBeneficio": "                  RETENCAO PASEP                                     14.677,61D"
            },
            {
                "nomeBeneficio": "                  DEDUCAO FUNDEB                                    293.552,34D"
            },
            {
                "nomeBeneficio": "                  TOTAL NA DATA                                   1.159.531,78C"
            },
            {
                "nomeBeneficio": ""
            },
            {
                "nomeBeneficio": "TOTAL POR PARCELA / NATUREZA"
            },
            {
                "nomeBeneficio": ""
            },
            {
                "nomeBeneficio": "                  PARCELA DE IPI                                    390.643,92C"
            },
            {
                "nomeBeneficio": "                  PARCELA DE IR                                   4.386.712,32C"
            },
            {
                "nomeBeneficio": "                  RETENCAO PASEP                                     47.773,53D"
            },
            {
                "nomeBeneficio": "                  RFB-PREV-PARC60                                    79.702,60D"
            },
            {
                "nomeBeneficio": "                  RFB-RET DARF                                        5.866,42D"
            },
            {
                "nomeBeneficio": "                  DEDUCAO FUNDEB                                    955.471,22D"
            },
            {
                "nomeBeneficio": ""
            },
            {
                "nomeBeneficio": "                  DEBITO FUNDO                                    1.088.813,77D"
            },
            {
                "nomeBeneficio": "                  CREDITO FUNDO                                   4.777.356,24C"
            },
            {
                "nomeBeneficio": ""
            },
            {
                "nomeBeneficio": "TOTAL DISTRIBUIDO NO PERIODO"
            },
            {
                "nomeBeneficio": ""
            },
            {
                "nomeBeneficio": "                  DEBITO BENEF.                                   1.088.813,77D"
            },
            {
                "nomeBeneficio": "                  CREDITO BENEF.                                  4.777.356,24C"
            }
        ]
    },
    "July": {
        "quantidadeBeneficio": 47,
        "indicadorContinuarPesquisa": "N",
        "quantidadeOcorrencia": [
            {
                "nomeBeneficio": "SANTO ESTEVAO                                     -BA"
            },
            {
                "nomeBeneficio": ""
            },
            {
                "nomeBeneficio": "FPM   - FUNDO DE PARTICIPACAO DOS MUNICIPIOS"
            },
            {
                "nomeBeneficio": "DATA                PARCELA                                   VALOR DISTRIBUIDO"
            },
            {
                "nomeBeneficio": ""
            },
            {
                "nomeBeneficio": "10.07.2023        PARCELA DE IPI                                    434.255,96C"
            },
            {
                "nomeBeneficio": "                  PARCELA DE IR                                   3.517.234,18C"
            },
            {
                "nomeBeneficio": "                  AJ DED FUNDEB                                      16.483,80C"
            },
            {
                "nomeBeneficio": "                  AJ DED PASEP                                          824,17C"
            },
            {
                "nomeBeneficio": "                  RETENCAO PASEP                                     39.514,88D"
            },
            {
                "nomeBeneficio": "                  RFB-PREV-PARC60                                    80.212,10D"
            },
            {
                "nomeBeneficio": "                  DEDUCAO FUNDEB                                    303.360,60D"
            },
            {
                "nomeBeneficio": "                  AJUSTE FPM                                         82.419,06D"
            },
            {
                "nomeBeneficio": "                  TOTAL NA DATA                                   3.463.291,47C"
            },
            {
                "nomeBeneficio": ""
            },
            {
                "nomeBeneficio": "20.07.2023        PARCELA DE IPI                                     66.771,38C"
            },
            {
                "nomeBeneficio": "                  PARCELA DE IR                                     471.447,79C"
            },
            {
                "nomeBeneficio": "                  RETENCAO PASEP                                      5.382,18D"
            },
            {
                "nomeBeneficio": "                  RFB-RET DARF                                        5.866,42D"
            },
            {
                "nomeBeneficio": "                  DEDUCAO FUNDEB                                    107.643,82D"
            },
            {
                "nomeBeneficio": "                  TOTAL NA DATA                                     419.326,75C"
            },
            {
                "nomeBeneficio": ""
            },
            {
                "nomeBeneficio": "28.07.2023        PARCELA DE IPI                                     33.415,74C"
            },
            {
                "nomeBeneficio": "                  PARCELA DE IR                                   1.438.443,51C"
            },
            {
                "nomeBeneficio": "                  RETENCAO PASEP                                     14.718,58D"
            },
            {
                "nomeBeneficio": "                  DEDUCAO FUNDEB                                    294.371,84D"
            },
            {
                "nomeBeneficio": "                  TOTAL NA DATA                                   1.162.768,83C"
            },
            {
                "nomeBeneficio": ""
            },
            {
                "nomeBeneficio": "TOTAL POR PARCELA / NATUREZA"
            },
            {
                "nomeBeneficio": ""
            },
            {
                "nomeBeneficio": "                  PARCELA DE IPI                                    534.443,08C"
            },
            {
                "nomeBeneficio": "                  PARCELA DE IR                                   5.427.125,48C"
            },
            {
                "nomeBeneficio": "                  RETENCAO PASEP                                     59.615,64D"
            },
            {
                "nomeBeneficio": "                  RFB-PREV-PARC60                                    80.212,10D"
            },
            {
                "nomeBeneficio": "                  RFB-RET DARF                                        5.866,42D"
            },
            {
                "nomeBeneficio": "                  DEDUCAO FUNDEB                                    705.376,26D"
            },
            {
                "nomeBeneficio": "                  AJ DED FUNDEB                                      16.483,80C"
            },
            {
                "nomeBeneficio": "                  AJ DED PASEP                                          824,17C"
            },
            {
                "nomeBeneficio": "                  AJUSTE FPM                                         82.419,06D"
            },
            {
                "nomeBeneficio": ""
            },
            {
                "nomeBeneficio": "                  DEBITO FUNDO                                      933.489,48D"
            },
            {
                "nomeBeneficio": "                  CREDITO FUNDO                                   5.978.876,53C"
            },
            {
                "nomeBeneficio": ""
            },
            {
                "nomeBeneficio": "TOTAL DISTRIBUIDO NO PERIODO"
            },
            {
                "nomeBeneficio": ""
            },
            {
                "nomeBeneficio": "                  DEBITO BENEF.                                     933.489,48D"
            },
            {
                "nomeBeneficio": "                  CREDITO BENEF.                                  5.978.876,53C"
            }
        ]
    },
    "August": {
        "quantidadeBeneficio": 41,
        "indicadorContinuarPesquisa": "N",
        "quantidadeOcorrencia": [
            {
                "nomeBeneficio": "SANTO ESTEVAO                                     -BA"
            },
            {
                "nomeBeneficio": ""
            },
            {
                "nomeBeneficio": "FPM   - FUNDO DE PARTICIPACAO DOS MUNICIPIOS"
            },
            {
                "nomeBeneficio": "DATA                PARCELA                                   VALOR DISTRIBUIDO"
            },
            {
                "nomeBeneficio": ""
            },
            {
                "nomeBeneficio": "10.08.2023        PARCELA DE IPI                                    226.675,56C"
            },
            {
                "nomeBeneficio": "                  PARCELA DE IR                                   2.079.703,67C"
            },
            {
                "nomeBeneficio": "                  RETENCAO PASEP                                     23.063,78D"
            },
            {
                "nomeBeneficio": "                  RFB-PREV-PARC60                                    80.721,59D"
            },
            {
                "nomeBeneficio": "                  DEDUCAO FUNDEB                                    461.275,84D"
            },
            {
                "nomeBeneficio": "                  TOTAL NA DATA                                   1.741.318,02C"
            },
            {
                "nomeBeneficio": ""
            },
            {
                "nomeBeneficio": "18.08.2023        PARCELA DE IPI                                     54.519,25C"
            },
            {
                "nomeBeneficio": "                  PARCELA DE IR                                     471.879,41C"
            },
            {
                "nomeBeneficio": "                  RETENCAO PASEP                                      5.263,98D"
            },
            {
                "nomeBeneficio": "                  RFB-RET DARF                                        5.866,42D"
            },
            {
                "nomeBeneficio": "                  DEDUCAO FUNDEB                                    105.279,73D"
            },
            {
                "nomeBeneficio": "                  TOTAL NA DATA                                     409.988,53C"
            },
            {
                "nomeBeneficio": ""
            },
            {
                "nomeBeneficio": "30.08.2023        PARCELA DE IPI                                     31.675,14C"
            },
            {
                "nomeBeneficio": "                  PARCELA DE IR                                   1.186.697,68C"
            },
            {
                "nomeBeneficio": "                  RETENCAO PASEP                                     12.183,72D"
            },
            {
                "nomeBeneficio": "                  DEDUCAO FUNDEB                                    243.674,55D"
            },
            {
                "nomeBeneficio": "                  TOTAL NA DATA                                     962.514,55C"
            },
            {
                "nomeBeneficio": ""
            },
            {
                "nomeBeneficio": "TOTAL POR PARCELA / NATUREZA"
            },
            {
                "nomeBeneficio": ""
            },
            {
                "nomeBeneficio": "                  PARCELA DE IPI                                    312.869,95C"
            },
            {
                "nomeBeneficio": "                  PARCELA DE IR                                   3.738.280,76C"
            },
            {
                "nomeBeneficio": "                  RETENCAO PASEP                                     40.511,48D"
            },
            {
                "nomeBeneficio": "                  RFB-PREV-PARC60                                    80.721,59D"
            },
            {
                "nomeBeneficio": "                  RFB-RET DARF                                        5.866,42D"
            },
            {
                "nomeBeneficio": "                  DEDUCAO FUNDEB                                    810.230,12D"
            },
            {
                "nomeBeneficio": ""
            },
            {
                "nomeBeneficio": "                  DEBITO FUNDO                                      937.329,61D"
            },
            {
                "nomeBeneficio": "                  CREDITO FUNDO                                   4.051.150,71C"
            },
            {
                "nomeBeneficio": ""
            },
            {
                "nomeBeneficio": "TOTAL DISTRIBUIDO NO PERIODO"
            },
            {
                "nomeBeneficio": ""
            },
            {
                "nomeBeneficio": "                  DEBITO BENEF.                                     937.329,61D"
            },
            {
                "nomeBeneficio": "                  CREDITO BENEF.                                  4.051.150,71C"
            }
        ]
    },
    "September": {
        "quantidadeBeneficio": 41,
        "indicadorContinuarPesquisa": "N",
        "quantidadeOcorrencia": [
            {
                "nomeBeneficio": "SANTO ESTEVAO                                     -BA"
            },
            {
                "nomeBeneficio": ""
            },
            {
                "nomeBeneficio": "FPM   - FUNDO DE PARTICIPACAO DOS MUNICIPIOS"
            },
            {
                "nomeBeneficio": "DATA                PARCELA                                   VALOR DISTRIBUIDO"
            },
            {
                "nomeBeneficio": ""
            },
            {
                "nomeBeneficio": "08.09.2023        PARCELA DE IPI                                    308.066,31C"
            },
            {
                "nomeBeneficio": "                  PARCELA DE IR                                   1.785.264,14C"
            },
            {
                "nomeBeneficio": "                  RETENCAO PASEP                                     20.933,28D"
            },
            {
                "nomeBeneficio": "                  RFB-PREV-PARC60                                    81.264,41D"
            },
            {
                "nomeBeneficio": "                  DEDUCAO FUNDEB                                    298.139,66D"
            },
            {
                "nomeBeneficio": "                  TOTAL NA DATA                                   1.692.993,10C"
            },
            {
                "nomeBeneficio": ""
            },
            {
                "nomeBeneficio": "20.09.2023        PARCELA DE IPI                                     41.227,00C"
            },
            {
                "nomeBeneficio": "                  PARCELA DE IR                                     340.933,59C"
            },
            {
                "nomeBeneficio": "                  RETENCAO PASEP                                      3.821,60D"
            },
            {
                "nomeBeneficio": "                  RFB-RET DARF                                        5.866,42D"
            },
            {
                "nomeBeneficio": "                  DEDUCAO FUNDEB                                     76.432,11D"
            },
            {
                "nomeBeneficio": "                  TOTAL NA DATA                                     296.040,46C"
            },
            {
                "nomeBeneficio": ""
            },
            {
                "nomeBeneficio": "29.09.2023        PARCELA DE IPI                                    102.244,27C"
            },
            {
                "nomeBeneficio": "                  PARCELA DE IR                                   1.552.002,38C"
            },
            {
                "nomeBeneficio": "                  RETENCAO PASEP                                     16.542,46D"
            },
            {
                "nomeBeneficio": "                  DEDUCAO FUNDEB                                    330.849,32D"
            },
            {
                "nomeBeneficio": "                  TOTAL NA DATA                                   1.306.854,87C"
            },
            {
                "nomeBeneficio": ""
            },
            {
                "nomeBeneficio": "TOTAL POR PARCELA / NATUREZA"
            },
            {
                "nomeBeneficio": ""
            },
            {
                "nomeBeneficio": "                  PARCELA DE IPI                                    451.537,58C"
            },
            {
                "nomeBeneficio": "                  PARCELA DE IR                                   3.678.200,11C"
            },
            {
                "nomeBeneficio": "                  RETENCAO PASEP                                     41.297,34D"
            },
            {
                "nomeBeneficio": "                  RFB-PREV-PARC60                                    81.264,41D"
            },
            {
                "nomeBeneficio": "                  RFB-RET DARF                                        5.866,42D"
            },
            {
                "nomeBeneficio": "                  DEDUCAO FUNDEB                                    705.421,09D"
            },
            {
                "nomeBeneficio": ""
            },
            {
                "nomeBeneficio": "                  DEBITO FUNDO                                      833.849,26D"
            },
            {
                "nomeBeneficio": "                  CREDITO FUNDO                                   4.129.737,69C"
            },
            {
                "nomeBeneficio": ""
            },
            {
                "nomeBeneficio": "TOTAL DISTRIBUIDO NO PERIODO"
            },
            {
                "nomeBeneficio": ""
            },
            {
                "nomeBeneficio": "                  DEBITO BENEF.                                     833.849,26D"
            },
            {
                "nomeBeneficio": "                  CREDITO BENEF.                                  4.129.737,69C"
            }
        ]
    },
    "October": {
        "quantidadeBeneficio": 41,
        "indicadorContinuarPesquisa": "N",
        "quantidadeOcorrencia": [
            {
                "nomeBeneficio": "SANTO ESTEVAO                                     -BA"
            },
            {
                "nomeBeneficio": ""
            },
            {
                "nomeBeneficio": "FPM   - FUNDO DE PARTICIPACAO DOS MUNICIPIOS"
            },
            {
                "nomeBeneficio": "DATA                PARCELA                                   VALOR DISTRIBUIDO"
            },
            {
                "nomeBeneficio": ""
            },
            {
                "nomeBeneficio": "10.10.2023        PARCELA DE IPI                                    261.751,67C"
            },
            {
                "nomeBeneficio": "                  PARCELA DE IR                                   1.410.328,20C"
            },
            {
                "nomeBeneficio": "                  RETENCAO PASEP                                     16.720,79D"
            },
            {
                "nomeBeneficio": "                  RFB-PREV-PARC60                                    81.726,30D"
            },
            {
                "nomeBeneficio": "                  DEDUCAO FUNDEB                                    334.415,97D"
            },
            {
                "nomeBeneficio": "                  TOTAL NA DATA                                   1.239.216,81C"
            },
            {
                "nomeBeneficio": ""
            },
            {
                "nomeBeneficio": "20.10.2023        PARCELA DE IPI                                    119.519,46C"
            },
            {
                "nomeBeneficio": "                  PARCELA DE IR                                     528.091,30C"
            },
            {
                "nomeBeneficio": "                  RETENCAO PASEP                                      6.476,10D"
            },
            {
                "nomeBeneficio": "                  RFB-RET DARF                                        5.866,42D"
            },
            {
                "nomeBeneficio": "                  DEDUCAO FUNDEB                                    129.522,15D"
            },
            {
                "nomeBeneficio": "                  TOTAL NA DATA                                     505.746,09C"
            },
            {
                "nomeBeneficio": ""
            },
            {
                "nomeBeneficio": "30.10.2023        PARCELA DE IPI                                     71.703,81C"
            },
            {
                "nomeBeneficio": "                  PARCELA DE IR                                   1.444.151,29C"
            },
            {
                "nomeBeneficio": "                  RETENCAO PASEP                                     15.158,54D"
            },
            {
                "nomeBeneficio": "                  DEDUCAO FUNDEB                                    303.171,01D"
            },
            {
                "nomeBeneficio": "                  TOTAL NA DATA                                   1.197.525,55C"
            },
            {
                "nomeBeneficio": ""
            },
            {
                "nomeBeneficio": "TOTAL POR PARCELA / NATUREZA"
            },
            {
                "nomeBeneficio": ""
            },
            {
                "nomeBeneficio": "                  PARCELA DE IPI                                    452.974,94C"
            },
            {
                "nomeBeneficio": "                  PARCELA DE IR                                   3.382.570,79C"
            },
            {
                "nomeBeneficio": "                  RETENCAO PASEP                                     38.355,43D"
            },
            {
                "nomeBeneficio": "                  RFB-PREV-PARC60                                    81.726,30D"
            },
            {
                "nomeBeneficio": "                  RFB-RET DARF                                        5.866,42D"
            },
            {
                "nomeBeneficio": "                  DEDUCAO FUNDEB                                    767.109,13D"
            },
            {
                "nomeBeneficio": ""
            },
            {
                "nomeBeneficio": "                  DEBITO FUNDO                                      893.057,28D"
            },
            {
                "nomeBeneficio": "                  CREDITO FUNDO                                   3.835.545,73C"
            },
            {
                "nomeBeneficio": ""
            },
            {
                "nomeBeneficio": "TOTAL DISTRIBUIDO NO PERIODO"
            },
            {
                "nomeBeneficio": ""
            },
            {
                "nomeBeneficio": "                  DEBITO BENEF.                                     893.057,28D"
            },
            {
                "nomeBeneficio": "                  CREDITO BENEF.                                  3.835.545,73C"
            }
        ]
    },
    "November": {
        "quantidadeBeneficio": 41,
        "indicadorContinuarPesquisa": "N",
        "quantidadeOcorrencia": [
            {
                "nomeBeneficio": "SANTO ESTEVAO                                     -BA"
            },
            {
                "nomeBeneficio": ""
            },
            {
                "nomeBeneficio": "FPM   - FUNDO DE PARTICIPACAO DOS MUNICIPIOS"
            },
            {
                "nomeBeneficio": "DATA                PARCELA                                   VALOR DISTRIBUIDO"
            },
            {
                "nomeBeneficio": ""
            },
            {
                "nomeBeneficio": "10.11.2023        PARCELA DE IPI                                    219.013,67C"
            },
            {
                "nomeBeneficio": "                  PARCELA DE IR                                   2.745.408,07C"
            },
            {
                "nomeBeneficio": "                  RETENCAO PASEP                                     29.644,21D"
            },
            {
                "nomeBeneficio": "                  RFB-PREV-PARC60                                    58.677,44D"
            },
            {
                "nomeBeneficio": "                  DEDUCAO FUNDEB                                    592.884,34D"
            },
            {
                "nomeBeneficio": "                  TOTAL NA DATA                                   2.283.215,75C"
            },
            {
                "nomeBeneficio": ""
            },
            {
                "nomeBeneficio": "20.11.2023        PARCELA DE IPI                                     77.297,07C"
            },
            {
                "nomeBeneficio": "                  PARCELA DE IR                                     565.781,47C"
            },
            {
                "nomeBeneficio": "                  RETENCAO PASEP                                      6.430,78D"
            },
            {
                "nomeBeneficio": "                  RFB-RET DARF                                        5.866,42D"
            },
            {
                "nomeBeneficio": "                  DEDUCAO FUNDEB                                    128.615,70D"
            },
            {
                "nomeBeneficio": "                  TOTAL NA DATA                                     502.165,64C"
            },
            {
                "nomeBeneficio": ""
            },
            {
                "nomeBeneficio": "30.11.2023        PARCELA DE IPI                                     74.845,70C"
            },
            {
                "nomeBeneficio": "                  PARCELA DE IR                                   1.294.138,26C"
            },
            {
                "nomeBeneficio": "                  RETENCAO PASEP                                     13.689,83D"
            },
            {
                "nomeBeneficio": "                  DEDUCAO FUNDEB                                    273.796,79D"
            },
            {
                "nomeBeneficio": "                  TOTAL NA DATA                                   1.081.497,34C"
            },
            {
                "nomeBeneficio": ""
            },
            {
                "nomeBeneficio": "TOTAL POR PARCELA / NATUREZA"
            },
            {
                "nomeBeneficio": ""
            },
            {
                "nomeBeneficio": "                  PARCELA DE IPI                                    371.156,44C"
            },
            {
                "nomeBeneficio": "                  PARCELA DE IR                                   4.605.327,80C"
            },
            {
                "nomeBeneficio": "                  RETENCAO PASEP                                     49.764,82D"
            },
            {
                "nomeBeneficio": "                  RFB-PREV-PARC60                                    58.677,44D"
            },
            {
                "nomeBeneficio": "                  RFB-RET DARF                                        5.866,42D"
            },
            {
                "nomeBeneficio": "                  DEDUCAO FUNDEB                                    995.296,83D"
            },
            {
                "nomeBeneficio": ""
            },
            {
                "nomeBeneficio": "                  DEBITO FUNDO                                    1.109.605,51D"
            },
            {
                "nomeBeneficio": "                  CREDITO FUNDO                                   4.976.484,24C"
            },
            {
                "nomeBeneficio": ""
            },
            {
                "nomeBeneficio": "TOTAL DISTRIBUIDO NO PERIODO"
            },
            {
                "nomeBeneficio": ""
            },
            {
                "nomeBeneficio": "                  DEBITO BENEF.                                   1.109.605,51D"
            },
            {
                "nomeBeneficio": "                  CREDITO BENEF.                                  4.976.484,24C"
            }
        ]
    },
    "December": {
        "quantidadeBeneficio": 47,
        "indicadorContinuarPesquisa": "N",
        "quantidadeOcorrencia": [
            {
                "nomeBeneficio": "SANTO ESTEVAO                                     -BA"
            },
            {
                "nomeBeneficio": ""
            },
            {
                "nomeBeneficio": "FPM   - FUNDO DE PARTICIPACAO DOS MUNICIPIOS"
            },
            {
                "nomeBeneficio": "DATA                PARCELA                                   VALOR DISTRIBUIDO"
            },
            {
                "nomeBeneficio": ""
            },
            {
                "nomeBeneficio": "07.12.2023        PARCELA DE IPI                                    188.833,10C"
            },
            {
                "nomeBeneficio": "                  PARCELA DE IR                                   2.238.733,14C"
            },
            {
                "nomeBeneficio": "                  RETENCAO PASEP                                     24.275,66D"
            },
            {
                "nomeBeneficio": "                  TOTAL NA DATA                                   2.403.290,58C"
            },
            {
                "nomeBeneficio": ""
            },
            {
                "nomeBeneficio": "08.12.2023        PARCELA DE IPI                                    214.191,67C"
            },
            {
                "nomeBeneficio": "                  PARCELA DE IR                                   1.925.929,50C"
            },
            {
                "nomeBeneficio": "                  RETENCAO PASEP                                     21.401,20D"
            },
            {
                "nomeBeneficio": "                  RFB-PREV-PARC60                                    58.957,05D"
            },
            {
                "nomeBeneficio": "                  DEDUCAO FUNDEB                                    428.024,23D"
            },
            {
                "nomeBeneficio": "                  TOTAL NA DATA                                   1.631.738,69C"
            },
            {
                "nomeBeneficio": ""
            },
            {
                "nomeBeneficio": "20.12.2023        PARCELA DE IPI                                    101.387,51C"
            },
            {
                "nomeBeneficio": "                  PARCELA DE IR                                   1.371.748,86C"
            },
            {
                "nomeBeneficio": "                  RETENCAO PASEP                                     14.731,35D"
            },
            {
                "nomeBeneficio": "                  RFB-RET DARF                                        5.866,42D"
            },
            {
                "nomeBeneficio": "                  DEDUCAO FUNDEB                                    294.627,27D"
            },
            {
                "nomeBeneficio": "                  TOTAL NA DATA                                   1.157.911,33C"
            },
            {
                "nomeBeneficio": ""
            },
            {
                "nomeBeneficio": "28.12.2023        PARCELA DE IPI                                     88.495,41C"
            },
            {
                "nomeBeneficio": "                  PARCELA DE IR                                   1.773.686,99C"
            },
            {
                "nomeBeneficio": "                  RETENCAO PASEP                                     18.621,81D"
            },
            {
                "nomeBeneficio": "                  RFB-RET DARF                                          819,60D"
            },
            {
                "nomeBeneficio": "                  DEDUCAO FUNDEB                                    372.436,47D"
            },
            {
                "nomeBeneficio": "                  TOTAL NA DATA                                   1.470.304,52C"
            },
            {
                "nomeBeneficio": ""
            },
            {
                "nomeBeneficio": "TOTAL POR PARCELA / NATUREZA"
            },
            {
                "nomeBeneficio": ""
            },
            {
                "nomeBeneficio": "                  PARCELA DE IPI                                    592.907,69C"
            },
            {
                "nomeBeneficio": "                  PARCELA DE IR                                   7.310.098,49C"
            },
            {
                "nomeBeneficio": "                  RETENCAO PASEP                                     79.030,02D"
            },
            {
                "nomeBeneficio": "                  RFB-PREV-PARC60                                    58.957,05D"
            },
            {
                "nomeBeneficio": "                  RFB-RET DARF                                        6.686,02D"
            },
            {
                "nomeBeneficio": "                  DEDUCAO FUNDEB                                  1.095.087,97D"
            },
            {
                "nomeBeneficio": ""
            },
            {
                "nomeBeneficio": "                  DEBITO FUNDO                                    1.239.761,06D"
            },
            {
                "nomeBeneficio": "                  CREDITO FUNDO                                   7.903.006,18C"
            },
            {
                "nomeBeneficio": ""
            },
            {
                "nomeBeneficio": "TOTAL DISTRIBUIDO NO PERIODO"
            },
            {
                "nomeBeneficio": ""
            },
            {
                "nomeBeneficio": "                  DEBITO BENEF.                                   1.239.761,06D"
            },
            {
                "nomeBeneficio": "                  CREDITO BENEF.                                  7.903.006,18C"
            }
        ]
    }
}