{
    "January": {
        "quantidadeBeneficio": 45,
        "indicadorContinuarPesquisa": "N",
        "quantidadeOcorrencia": [
            {
                "nomeBeneficio": "JUSSIAPE                                          -BA"
            },
            {
                "nomeBeneficio": ""
            },
            {
                "nomeBeneficio": "FPM   - FUNDO DE PARTICIPACAO DOS MUNICIPIOS"
            },
            {
                "nomeBeneficio": "DATA                PARCELA                                   VALOR DISTRIBUIDO"
            },
            {
                "nomeBeneficio": ""
            },
            {
                "nomeBeneficio": "10.01.2023        PARCELA DE IPI                                     58.676,72C"
            },
            {
                "nomeBeneficio": "                  PARCELA DE IR                                     540.676,19C"
            },
            {
                "nomeBeneficio": "                  RETENCAO PASEP                                      5.993,52D"
            },
            {
                "nomeBeneficio": "                  RFB-PREV-PARC60                                    20.525,22D"
            },
            {
                "nomeBeneficio": "                  RFB-RET DARF                                       58.243,11D"
            },
            {
                "nomeBeneficio": "                  DEDUCAO SAUDE                                      89.902,92D"
            },
            {
                "nomeBeneficio": "                  DEDUCAO FUNDEB                                    119.870,57D"
            },
            {
                "nomeBeneficio": "                  TOTAL NA DATA                                     304.817,57C"
            },
            {
                "nomeBeneficio": ""
            },
            {
                "nomeBeneficio": "20.01.2023        PARCELA DE IPI                                     29.062,34C"
            },
            {
                "nomeBeneficio": "                  PARCELA DE IR                                     201.913,49C"
            },
            {
                "nomeBeneficio": "                  RETENCAO PASEP                                      2.309,75D"
            },
            {
                "nomeBeneficio": "                  DEDUCAO SAUDE                                      34.646,37D"
            },
            {
                "nomeBeneficio": "                  DEDUCAO FUNDEB                                     46.195,15D"
            },
            {
                "nomeBeneficio": "                  TOTAL NA DATA                                     147.824,56C"
            },
            {
                "nomeBeneficio": ""
            },
            {
                "nomeBeneficio": "30.01.2023        PARCELA DE IPI                                     15.461,57C"
            },
            {
                "nomeBeneficio": "                  PARCELA DE IR                                     509.923,92C"
            },
            {
                "nomeBeneficio": "                  RETENCAO PASEP                                      5.253,84D"
            },
            {
                "nomeBeneficio": "                  DEDUCAO SAUDE                                      78.807,81D"
            },
            {
                "nomeBeneficio": "                  DEDUCAO FUNDEB                                    105.077,09D"
            },
            {
                "nomeBeneficio": "                  TOTAL NA DATA                                     336.246,75C"
            },
            {
                "nomeBeneficio": ""
            },
            {
                "nomeBeneficio": "TOTAL POR PARCELA / NATUREZA"
            },
            {
                "nomeBeneficio": ""
            },
            {
                "nomeBeneficio": "                  PARCELA DE IPI                                    103.200,63C"
            },
            {
                "nomeBeneficio": "                  PARCELA DE IR                                   1.252.513,60C"
            },
            {
                "nomeBeneficio": "                  RETENCAO PASEP                                     13.557,11D"
            },
            {
                "nomeBeneficio": "                  RFB-PREV-PARC60                                    20.525,22D"
            },
            {
                "nomeBeneficio": "                  RFB-RET DARF                                       58.243,11D"
            },
            {
                "nomeBeneficio": "                  DEDUCAO SAUDE                                     203.357,10D"
            },
            {
                "nomeBeneficio": "                  DEDUCAO FUNDEB                                    271.142,81D"
            },
            {
                "nomeBeneficio": ""
            },
            {
                "nomeBeneficio": "                  DEBITO FUNDO                                      566.825,35D"
            },
            {
                "nomeBeneficio": "                  CREDITO FUNDO                                   1.355.714,23C"
            },
            {
                "nomeBeneficio": ""
            },
            {
                "nomeBeneficio": "TOTAL DISTRIBUIDO NO PERIODO"
            },
            {
                "nomeBeneficio": ""
            },
            {
                "nomeBeneficio": "                  DEBITO BENEF.                                     566.825,35D"
            },
            {
                "nomeBeneficio": "                  CREDITO BENEF.                                  1.355.714,23C"
            }
        ]
    },
    "February": {
        "quantidadeBeneficio": 45,
        "indicadorContinuarPesquisa": "N",
        "quantidadeOcorrencia": [
            {
                "nomeBeneficio": "JUSSIAPE                                          -BA"
            },
            {
                "nomeBeneficio": ""
            },
            {
                "nomeBeneficio": "FPM   - FUNDO DE PARTICIPACAO DOS MUNICIPIOS"
            },
            {
                "nomeBeneficio": "DATA                PARCELA                                   VALOR DISTRIBUIDO"
            },
            {
                "nomeBeneficio": ""
            },
            {
                "nomeBeneficio": "10.02.2023        PARCELA DE IPI                                     54.674,00C"
            },
            {
                "nomeBeneficio": "                  PARCELA DE IR                                   1.289.310,40C"
            },
            {
                "nomeBeneficio": "                  RETENCAO PASEP                                     13.439,84D"
            },
            {
                "nomeBeneficio": "                  RFB-PREV-PARC60                                    20.525,22D"
            },
            {
                "nomeBeneficio": "                  RFB-RET DARF                                       58.243,11D"
            },
            {
                "nomeBeneficio": "                  DEDUCAO SAUDE                                     201.597,66D"
            },
            {
                "nomeBeneficio": "                  DEDUCAO FUNDEB                                    268.796,88D"
            },
            {
                "nomeBeneficio": "                  TOTAL NA DATA                                     781.381,69C"
            },
            {
                "nomeBeneficio": ""
            },
            {
                "nomeBeneficio": "17.02.2023        PARCELA DE IPI                                      9.936,15C"
            },
            {
                "nomeBeneficio": "                  PARCELA DE IR                                     119.442,92C"
            },
            {
                "nomeBeneficio": "                  RETENCAO PASEP                                      1.293,78D"
            },
            {
                "nomeBeneficio": "                  DEDUCAO SAUDE                                      19.406,85D"
            },
            {
                "nomeBeneficio": "                  DEDUCAO FUNDEB                                     25.875,81D"
            },
            {
                "nomeBeneficio": "                  TOTAL NA DATA                                      82.802,63C"
            },
            {
                "nomeBeneficio": ""
            },
            {
                "nomeBeneficio": "28.02.2023        PARCELA DE IPI                                      7.301,67C"
            },
            {
                "nomeBeneficio": "                  PARCELA DE IR                                     313.509,76C"
            },
            {
                "nomeBeneficio": "                  RETENCAO PASEP                                      3.208,10D"
            },
            {
                "nomeBeneficio": "                  DEDUCAO SAUDE                                      48.121,71D"
            },
            {
                "nomeBeneficio": "                  DEDUCAO FUNDEB                                     64.162,28D"
            },
            {
                "nomeBeneficio": "                  TOTAL NA DATA                                     205.319,34C"
            },
            {
                "nomeBeneficio": ""
            },
            {
                "nomeBeneficio": "TOTAL POR PARCELA / NATUREZA"
            },
            {
                "nomeBeneficio": ""
            },
            {
                "nomeBeneficio": "                  PARCELA DE IPI                                     71.911,82C"
            },
            {
                "nomeBeneficio": "                  PARCELA DE IR                                   1.722.263,08C"
            },
            {
                "nomeBeneficio": "                  RETENCAO PASEP                                     17.941,72D"
            },
            {
                "nomeBeneficio": "                  RFB-PREV-PARC60                                    20.525,22D"
            },
            {
                "nomeBeneficio": "                  RFB-RET DARF                                       58.243,11D"
            },
            {
                "nomeBeneficio": "                  DEDUCAO SAUDE                                     269.126,22D"
            },
            {
                "nomeBeneficio": "                  DEDUCAO FUNDEB                                    358.834,97D"
            },
            {
                "nomeBeneficio": ""
            },
            {
                "nomeBeneficio": "                  DEBITO FUNDO                                      724.671,24D"
            },
            {
                "nomeBeneficio": "                  CREDITO FUNDO                                   1.794.174,90C"
            },
            {
                "nomeBeneficio": ""
            },
            {
                "nomeBeneficio": "TOTAL DISTRIBUIDO NO PERIODO"
            },
            {
                "nomeBeneficio": ""
            },
            {
                "nomeBeneficio": "                  DEBITO BENEF.                                     724.671,24D"
            },
            {
                "nomeBeneficio": "                  CREDITO BENEF.                                  1.794.174,90C"
            }
        ]
    },
    "March": {
        "quantidadeBeneficio": 45,
        "indicadorContinuarPesquisa": "N",
        "quantidadeOcorrencia": [
            {
                "nomeBeneficio": "JUSSIAPE                                          -BA"
            },
            {
                "nomeBeneficio": ""
            },
            {
                "nomeBeneficio": "FPM   - FUNDO DE PARTICIPACAO DOS MUNICIPIOS"
            },
            {
                "nomeBeneficio": "DATA                PARCELA                                   VALOR DISTRIBUIDO"
            },
            {
                "nomeBeneficio": ""
            },
            {
                "nomeBeneficio": "10.03.2023        PARCELA DE IPI                                     61.667,81C"
            },
            {
                "nomeBeneficio": "                  PARCELA DE IR                                     500.991,98C"
            },
            {
                "nomeBeneficio": "                  RETENCAO PASEP                                      5.626,58D"
            },
            {
                "nomeBeneficio": "                  RFB-PREV-PARC60                                    20.525,22D"
            },
            {
                "nomeBeneficio": "                  RFB-RET DARF                                       58.243,11D"
            },
            {
                "nomeBeneficio": "                  DEDUCAO SAUDE                                      84.398,96D"
            },
            {
                "nomeBeneficio": "                  DEDUCAO FUNDEB                                    112.531,95D"
            },
            {
                "nomeBeneficio": "                  TOTAL NA DATA                                     281.333,97C"
            },
            {
                "nomeBeneficio": ""
            },
            {
                "nomeBeneficio": "20.03.2023        PARCELA DE IPI                                     12.395,66C"
            },
            {
                "nomeBeneficio": "                  PARCELA DE IR                                     111.635,39C"
            },
            {
                "nomeBeneficio": "                  RETENCAO PASEP                                      1.240,30D"
            },
            {
                "nomeBeneficio": "                  DEDUCAO SAUDE                                      18.604,64D"
            },
            {
                "nomeBeneficio": "                  DEDUCAO FUNDEB                                     24.806,20D"
            },
            {
                "nomeBeneficio": "                  TOTAL NA DATA                                      79.379,91C"
            },
            {
                "nomeBeneficio": ""
            },
            {
                "nomeBeneficio": "30.03.2023        PARCELA DE IPI                                     15.057,80C"
            },
            {
                "nomeBeneficio": "                  PARCELA DE IR                                     395.830,46C"
            },
            {
                "nomeBeneficio": "                  RETENCAO PASEP                                      4.108,87D"
            },
            {
                "nomeBeneficio": "                  DEDUCAO SAUDE                                      61.633,23D"
            },
            {
                "nomeBeneficio": "                  DEDUCAO FUNDEB                                     82.177,65D"
            },
            {
                "nomeBeneficio": "                  TOTAL NA DATA                                     262.968,51C"
            },
            {
                "nomeBeneficio": ""
            },
            {
                "nomeBeneficio": "TOTAL POR PARCELA / NATUREZA"
            },
            {
                "nomeBeneficio": ""
            },
            {
                "nomeBeneficio": "                  PARCELA DE IPI                                     89.121,27C"
            },
            {
                "nomeBeneficio": "                  PARCELA DE IR                                   1.008.457,83C"
            },
            {
                "nomeBeneficio": "                  RETENCAO PASEP                                     10.975,75D"
            },
            {
                "nomeBeneficio": "                  RFB-PREV-PARC60                                    20.525,22D"
            },
            {
                "nomeBeneficio": "                  RFB-RET DARF                                       58.243,11D"
            },
            {
                "nomeBeneficio": "                  DEDUCAO SAUDE                                     164.636,83D"
            },
            {
                "nomeBeneficio": "                  DEDUCAO FUNDEB                                    219.515,80D"
            },
            {
                "nomeBeneficio": ""
            },
            {
                "nomeBeneficio": "                  DEBITO FUNDO                                      473.896,71D"
            },
            {
                "nomeBeneficio": "                  CREDITO FUNDO                                   1.097.579,10C"
            },
            {
                "nomeBeneficio": ""
            },
            {
                "nomeBeneficio": "TOTAL DISTRIBUIDO NO PERIODO"
            },
            {
                "nomeBeneficio": ""
            },
            {
                "nomeBeneficio": "                  DEBITO BENEF.                                     473.896,71D"
            },
            {
                "nomeBeneficio": "                  CREDITO BENEF.                                  1.097.579,10C"
            }
        ]
    },
    "April": {
        "quantidadeBeneficio": 45,
        "indicadorContinuarPesquisa": "N",
        "quantidadeOcorrencia": [
            {
                "nomeBeneficio": "JUSSIAPE                                          -BA"
            },
            {
                "nomeBeneficio": ""
            },
            {
                "nomeBeneficio": "FPM   - FUNDO DE PARTICIPACAO DOS MUNICIPIOS"
            },
            {
                "nomeBeneficio": "DATA                PARCELA                                   VALOR DISTRIBUIDO"
            },
            {
                "nomeBeneficio": ""
            },
            {
                "nomeBeneficio": "10.04.2023        PARCELA DE IPI                                     70.143,73C"
            },
            {
                "nomeBeneficio": "                  PARCELA DE IR                                     536.755,34C"
            },
            {
                "nomeBeneficio": "                  RETENCAO PASEP                                      6.068,98D"
            },
            {
                "nomeBeneficio": "                  RFB-PREV-PARC60                                    28.722,66D"
            },
            {
                "nomeBeneficio": "                  RFB-RET DARF                                       58.243,11D"
            },
            {
                "nomeBeneficio": "                  DEDUCAO SAUDE                                      91.034,85D"
            },
            {
                "nomeBeneficio": "                  DEDUCAO FUNDEB                                    121.379,80D"
            },
            {
                "nomeBeneficio": "                  TOTAL NA DATA                                     301.449,67C"
            },
            {
                "nomeBeneficio": ""
            },
            {
                "nomeBeneficio": "20.04.2023        PARCELA DE IPI                                     11.057,79C"
            },
            {
                "nomeBeneficio": "                  PARCELA DE IR                                     144.758,12C"
            },
            {
                "nomeBeneficio": "                  RETENCAO PASEP                                      1.558,15D"
            },
            {
                "nomeBeneficio": "                  DEDUCAO SAUDE                                      23.372,37D"
            },
            {
                "nomeBeneficio": "                  DEDUCAO FUNDEB                                     31.163,17D"
            },
            {
                "nomeBeneficio": "                  TOTAL NA DATA                                      99.722,22C"
            },
            {
                "nomeBeneficio": ""
            },
            {
                "nomeBeneficio": "28.04.2023        PARCELA DE IPI                                     13.808,15C"
            },
            {
                "nomeBeneficio": "                  PARCELA DE IR                                     478.352,30C"
            },
            {
                "nomeBeneficio": "                  RETENCAO PASEP                                      4.921,60D"
            },
            {
                "nomeBeneficio": "                  DEDUCAO SAUDE                                      73.824,06D"
            },
            {
                "nomeBeneficio": "                  DEDUCAO FUNDEB                                     98.432,09D"
            },
            {
                "nomeBeneficio": "                  TOTAL NA DATA                                     314.982,70C"
            },
            {
                "nomeBeneficio": ""
            },
            {
                "nomeBeneficio": "TOTAL POR PARCELA / NATUREZA"
            },
            {
                "nomeBeneficio": ""
            },
            {
                "nomeBeneficio": "                  PARCELA DE IPI                                     95.009,67C"
            },
            {
                "nomeBeneficio": "                  PARCELA DE IR                                   1.159.865,76C"
            },
            {
                "nomeBeneficio": "                  RETENCAO PASEP                                     12.548,73D"
            },
            {
                "nomeBeneficio": "                  RFB-PREV-PARC60                                    28.722,66D"
            },
            {
                "nomeBeneficio": "                  RFB-RET DARF                                       58.243,11D"
            },
            {
                "nomeBeneficio": "                  DEDUCAO SAUDE                                     188.231,28D"
            },
            {
                "nomeBeneficio": "                  DEDUCAO FUNDEB                                    250.975,06D"
            },
            {
                "nomeBeneficio": ""
            },
            {
                "nomeBeneficio": "                  DEBITO FUNDO                                      538.720,84D"
            },
            {
                "nomeBeneficio": "                  CREDITO FUNDO                                   1.254.875,43C"
            },
            {
                "nomeBeneficio": ""
            },
            {
                "nomeBeneficio": "TOTAL DISTRIBUIDO NO PERIODO"
            },
            {
                "nomeBeneficio": ""
            },
            {
                "nomeBeneficio": "                  DEBITO BENEF.                                     538.720,84D"
            },
            {
                "nomeBeneficio": "                  CREDITO BENEF.                                  1.254.875,43C"
            }
        ]
    },
    "May": {
        "quantidadeBeneficio": 45,
        "indicadorContinuarPesquisa": "N",
        "quantidadeOcorrencia": [
            {
                "nomeBeneficio": "JUSSIAPE                                          -BA"
            },
            {
                "nomeBeneficio": ""
            },
            {
                "nomeBeneficio": "FPM   - FUNDO DE PARTICIPACAO DOS MUNICIPIOS"
            },
            {
                "nomeBeneficio": "DATA                PARCELA                                   VALOR DISTRIBUIDO"
            },
            {
                "nomeBeneficio": ""
            },
            {
                "nomeBeneficio": "10.05.2023        PARCELA DE IPI                                     58.483,39C"
            },
            {
                "nomeBeneficio": "                  PARCELA DE IR                                     763.129,08C"
            },
            {
                "nomeBeneficio": "                  RETENCAO PASEP                                      8.216,12D"
            },
            {
                "nomeBeneficio": "                  RFB-PREV-PARC60                                    28.722,66D"
            },
            {
                "nomeBeneficio": "                  RFB-RET DARF                                       58.243,11D"
            },
            {
                "nomeBeneficio": "                  DEDUCAO SAUDE                                     123.241,86D"
            },
            {
                "nomeBeneficio": "                  DEDUCAO FUNDEB                                    164.322,48D"
            },
            {
                "nomeBeneficio": "                  TOTAL NA DATA                                     438.866,24C"
            },
            {
                "nomeBeneficio": ""
            },
            {
                "nomeBeneficio": "19.05.2023        PARCELA DE IPI                                     16.543,49C"
            },
            {
                "nomeBeneficio": "                  PARCELA DE IR                                     145.783,22C"
            },
            {
                "nomeBeneficio": "                  RETENCAO PASEP                                      1.623,26D"
            },
            {
                "nomeBeneficio": "                  DEDUCAO SAUDE                                      24.349,00D"
            },
            {
                "nomeBeneficio": "                  DEDUCAO FUNDEB                                     32.465,33D"
            },
            {
                "nomeBeneficio": "                  TOTAL NA DATA                                     103.889,12C"
            },
            {
                "nomeBeneficio": ""
            },
            {
                "nomeBeneficio": "30.05.2023        PARCELA DE IPI                                     10.411,39C"
            },
            {
                "nomeBeneficio": "                  PARCELA DE IR                                     400.644,93C"
            },
            {
                "nomeBeneficio": "                  RETENCAO PASEP                                      4.110,55D"
            },
            {
                "nomeBeneficio": "                  DEDUCAO SAUDE                                      61.658,43D"
            },
            {
                "nomeBeneficio": "                  DEDUCAO FUNDEB                                     82.211,25D"
            },
            {
                "nomeBeneficio": "                  TOTAL NA DATA                                     263.076,09C"
            },
            {
                "nomeBeneficio": ""
            },
            {
                "nomeBeneficio": "TOTAL POR PARCELA / NATUREZA"
            },
            {
                "nomeBeneficio": ""
            },
            {
                "nomeBeneficio": "                  PARCELA DE IPI                                     85.438,27C"
            },
            {
                "nomeBeneficio": "                  PARCELA DE IR                                   1.309.557,23C"
            },
            {
                "nomeBeneficio": "                  RETENCAO PASEP                                     13.949,93D"
            },
            {
                "nomeBeneficio": "                  RFB-PREV-PARC60                                    28.722,66D"
            },
            {
                "nomeBeneficio": "                  RFB-RET DARF                                       58.243,11D"
            },
            {
                "nomeBeneficio": "                  DEDUCAO SAUDE                                     209.249,29D"
            },
            {
                "nomeBeneficio": "                  DEDUCAO FUNDEB                                    278.999,06D"
            },
            {
                "nomeBeneficio": ""
            },
            {
                "nomeBeneficio": "                  DEBITO FUNDO                                      589.164,05D"
            },
            {
                "nomeBeneficio": "                  CREDITO FUNDO                                   1.394.995,50C"
            },
            {
                "nomeBeneficio": ""
            },
            {
                "nomeBeneficio": "TOTAL DISTRIBUIDO NO PERIODO"
            },
            {
                "nomeBeneficio": ""
            },
            {
                "nomeBeneficio": "                  DEBITO BENEF.                                     589.164,05D"
            },
            {
                "nomeBeneficio": "                  CREDITO BENEF.                                  1.394.995,50C"
            }
        ]
    },
    "June": {
        "quantidadeBeneficio": 45,
        "indicadorContinuarPesquisa": "N",
        "quantidadeOcorrencia": [
            {
                "nomeBeneficio": "JUSSIAPE                                          -BA"
            },
            {
                "nomeBeneficio": ""
            },
            {
                "nomeBeneficio": "FPM   - FUNDO DE PARTICIPACAO DOS MUNICIPIOS"
            },
            {
                "nomeBeneficio": "DATA                PARCELA                                   VALOR DISTRIBUIDO"
            },
            {
                "nomeBeneficio": ""
            },
            {
                "nomeBeneficio": "09.06.2023        PARCELA DE IPI                                     72.154,62C"
            },
            {
                "nomeBeneficio": "                  PARCELA DE IR                                     499.978,91C"
            },
            {
                "nomeBeneficio": "                  RETENCAO PASEP                                      5.721,32D"
            },
            {
                "nomeBeneficio": "                  RFB-PREV-PARC60                                    28.722,66D"
            },
            {
                "nomeBeneficio": "                  RFB-RET DARF                                       69.908,86D"
            },
            {
                "nomeBeneficio": "                  DEDUCAO SAUDE                                      85.820,02D"
            },
            {
                "nomeBeneficio": "                  DEDUCAO FUNDEB                                    114.426,70D"
            },
            {
                "nomeBeneficio": "                  TOTAL NA DATA                                     267.533,97C"
            },
            {
                "nomeBeneficio": ""
            },
            {
                "nomeBeneficio": "20.06.2023        PARCELA DE IPI                                     18.121,59C"
            },
            {
                "nomeBeneficio": "                  PARCELA DE IR                                     312.361,56C"
            },
            {
                "nomeBeneficio": "                  RETENCAO PASEP                                      3.304,82D"
            },
            {
                "nomeBeneficio": "                  DEDUCAO SAUDE                                      49.572,46D"
            },
            {
                "nomeBeneficio": "                  DEDUCAO FUNDEB                                     66.096,62D"
            },
            {
                "nomeBeneficio": "                  TOTAL NA DATA                                     211.509,25C"
            },
            {
                "nomeBeneficio": ""
            },
            {
                "nomeBeneficio": "30.06.2023        PARCELA DE IPI                                     16.263,04C"
            },
            {
                "nomeBeneficio": "                  PARCELA DE IR                                     384.035,61C"
            },
            {
                "nomeBeneficio": "                  RETENCAO PASEP                                      4.002,98D"
            },
            {
                "nomeBeneficio": "                  DEDUCAO SAUDE                                      60.044,79D"
            },
            {
                "nomeBeneficio": "                  DEDUCAO FUNDEB                                     80.059,72D"
            },
            {
                "nomeBeneficio": "                  TOTAL NA DATA                                     256.191,16C"
            },
            {
                "nomeBeneficio": ""
            },
            {
                "nomeBeneficio": "TOTAL POR PARCELA / NATUREZA"
            },
            {
                "nomeBeneficio": ""
            },
            {
                "nomeBeneficio": "                  PARCELA DE IPI                                    106.539,25C"
            },
            {
                "nomeBeneficio": "                  PARCELA DE IR                                   1.196.376,08C"
            },
            {
                "nomeBeneficio": "                  RETENCAO PASEP                                     13.029,12D"
            },
            {
                "nomeBeneficio": "                  RFB-PREV-PARC60                                    28.722,66D"
            },
            {
                "nomeBeneficio": "                  RFB-RET DARF                                       69.908,86D"
            },
            {
                "nomeBeneficio": "                  DEDUCAO SAUDE                                     195.437,27D"
            },
            {
                "nomeBeneficio": "                  DEDUCAO FUNDEB                                    260.583,04D"
            },
            {
                "nomeBeneficio": ""
            },
            {
                "nomeBeneficio": "                  DEBITO FUNDO                                      567.680,95D"
            },
            {
                "nomeBeneficio": "                  CREDITO FUNDO                                   1.302.915,33C"
            },
            {
                "nomeBeneficio": ""
            },
            {
                "nomeBeneficio": "TOTAL DISTRIBUIDO NO PERIODO"
            },
            {
                "nomeBeneficio": ""
            },
            {
                "nomeBeneficio": "                  DEBITO BENEF.                                     567.680,95D"
            },
            {
                "nomeBeneficio": "                  CREDITO BENEF.                                  1.302.915,33C"
            }
        ]
    },
    "July": {
        "quantidadeBeneficio": 51,
        "indicadorContinuarPesquisa": "N",
        "quantidadeOcorrencia": [
            {
                "nomeBeneficio": "JUSSIAPE                                          -BA"
            },
            {
                "nomeBeneficio": ""
            },
            {
                "nomeBeneficio": "FPM   - FUNDO DE PARTICIPACAO DOS MUNICIPIOS"
            },
            {
                "nomeBeneficio": "DATA                PARCELA                                   VALOR DISTRIBUIDO"
            },
            {
                "nomeBeneficio": ""
            },
            {
                "nomeBeneficio": "10.07.2023        PARCELA DE IPI                                    118.433,44C"
            },
            {
                "nomeBeneficio": "                  PARCELA DE IR                                     959.245,69C"
            },
            {
                "nomeBeneficio": "                  AJ DED FUNDEB                                       4.495,56C"
            },
            {
                "nomeBeneficio": "                  AJ DED PASEP                                          224,77C"
            },
            {
                "nomeBeneficio": "                  RETENCAO PASEP                                     10.776,77D"
            },
            {
                "nomeBeneficio": "                  RFB-PREV-PARC60                                    28.722,66D"
            },
            {
                "nomeBeneficio": "                  RFB-RET DARF                                       70.572,71D"
            },
            {
                "nomeBeneficio": "                  DEDUCAO SAUDE                                      62.051,02D"
            },
            {
                "nomeBeneficio": "                  DEDUCAO FUNDEB                                     82.734,71D"
            },
            {
                "nomeBeneficio": "                  AJUSTE FPM                                         22.477,93D"
            },
            {
                "nomeBeneficio": "                  TOTAL NA DATA                                     805.063,66C"
            },
            {
                "nomeBeneficio": ""
            },
            {
                "nomeBeneficio": "20.07.2023        PARCELA DE IPI                                     18.210,38C"
            },
            {
                "nomeBeneficio": "                  PARCELA DE IR                                     128.576,67C"
            },
            {
                "nomeBeneficio": "                  RETENCAO PASEP                                      1.467,86D"
            },
            {
                "nomeBeneficio": "                  DEDUCAO SAUDE                                      22.018,05D"
            },
            {
                "nomeBeneficio": "                  DEDUCAO FUNDEB                                     29.357,40D"
            },
            {
                "nomeBeneficio": "                  TOTAL NA DATA                                      93.943,74C"
            },
            {
                "nomeBeneficio": ""
            },
            {
                "nomeBeneficio": "28.07.2023        PARCELA DE IPI                                      9.113,38C"
            },
            {
                "nomeBeneficio": "                  PARCELA DE IR                                     392.302,78C"
            },
            {
                "nomeBeneficio": "                  RETENCAO PASEP                                      4.014,15D"
            },
            {
                "nomeBeneficio": "                  DEDUCAO SAUDE                                      60.212,41D"
            },
            {
                "nomeBeneficio": "                  DEDUCAO FUNDEB                                     80.283,22D"
            },
            {
                "nomeBeneficio": "                  TOTAL NA DATA                                     256.906,38C"
            },
            {
                "nomeBeneficio": ""
            },
            {
                "nomeBeneficio": "TOTAL POR PARCELA / NATUREZA"
            },
            {
                "nomeBeneficio": ""
            },
            {
                "nomeBeneficio": "                  PARCELA DE IPI                                    145.757,20C"
            },
            {
                "nomeBeneficio": "                  PARCELA DE IR                                   1.480.125,14C"
            },
            {
                "nomeBeneficio": "                  RETENCAO PASEP                                     16.258,78D"
            },
            {
                "nomeBeneficio": "                  RFB-PREV-PARC60                                    28.722,66D"
            },
            {
                "nomeBeneficio": "                  RFB-RET DARF                                       70.572,71D"
            },
            {
                "nomeBeneficio": "                  DEDUCAO SAUDE                                     144.281,48D"
            },
            {
                "nomeBeneficio": "                  DEDUCAO FUNDEB                                    192.375,33D"
            },
            {
                "nomeBeneficio": "                  AJ DED FUNDEB                                       4.495,56C"
            },
            {
                "nomeBeneficio": "                  AJ DED PASEP                                          224,77C"
            },
            {
                "nomeBeneficio": "                  AJUSTE FPM                                         22.477,93D"
            },
            {
                "nomeBeneficio": ""
            },
            {
                "nomeBeneficio": "                  DEBITO FUNDO                                      474.688,89D"
            },
            {
                "nomeBeneficio": "                  CREDITO FUNDO                                   1.630.602,67C"
            },
            {
                "nomeBeneficio": ""
            },
            {
                "nomeBeneficio": "TOTAL DISTRIBUIDO NO PERIODO"
            },
            {
                "nomeBeneficio": ""
            },
            {
                "nomeBeneficio": "                  DEBITO BENEF.                                     474.688,89D"
            },
            {
                "nomeBeneficio": "                  CREDITO BENEF.                                  1.630.602,67C"
            }
        ]
    },
    "August": {
        "quantidadeBeneficio": 45,
        "indicadorContinuarPesquisa": "N",
        "quantidadeOcorrencia": [
            {
                "nomeBeneficio": "JUSSIAPE                                          -BA"
            },
            {
                "nomeBeneficio": ""
            },
            {
                "nomeBeneficio": "FPM   - FUNDO DE PARTICIPACAO DOS MUNICIPIOS"
            },
            {
                "nomeBeneficio": "DATA                PARCELA                                   VALOR DISTRIBUIDO"
            },
            {
                "nomeBeneficio": ""
            },
            {
                "nomeBeneficio": "10.08.2023        PARCELA DE IPI                                     61.820,61C"
            },
            {
                "nomeBeneficio": "                  PARCELA DE IR                                     567.191,91C"
            },
            {
                "nomeBeneficio": "                  RETENCAO PASEP                                      6.290,11D"
            },
            {
                "nomeBeneficio": "                  RFB-PREV-PARC60                                    28.722,66D"
            },
            {
                "nomeBeneficio": "                  RFB-RET DARF                                       71.236,56D"
            },
            {
                "nomeBeneficio": "                  DEDUCAO SAUDE                                      94.351,87D"
            },
            {
                "nomeBeneficio": "                  DEDUCAO FUNDEB                                    125.802,50D"
            },
            {
                "nomeBeneficio": "                  TOTAL NA DATA                                     302.608,82C"
            },
            {
                "nomeBeneficio": ""
            },
            {
                "nomeBeneficio": "18.08.2023        PARCELA DE IPI                                     14.868,89C"
            },
            {
                "nomeBeneficio": "                  PARCELA DE IR                                     128.694,38C"
            },
            {
                "nomeBeneficio": "                  RETENCAO PASEP                                      1.435,62D"
            },
            {
                "nomeBeneficio": "                  DEDUCAO SAUDE                                      21.534,48D"
            },
            {
                "nomeBeneficio": "                  DEDUCAO FUNDEB                                     28.712,64D"
            },
            {
                "nomeBeneficio": "                  TOTAL NA DATA                                      91.880,53C"
            },
            {
                "nomeBeneficio": ""
            },
            {
                "nomeBeneficio": "30.08.2023        PARCELA DE IPI                                      8.638,67C"
            },
            {
                "nomeBeneficio": "                  PARCELA DE IR                                     323.644,82C"
            },
            {
                "nomeBeneficio": "                  RETENCAO PASEP                                      3.322,82D"
            },
            {
                "nomeBeneficio": "                  DEDUCAO SAUDE                                      49.842,52D"
            },
            {
                "nomeBeneficio": "                  DEDUCAO FUNDEB                                     66.456,69D"
            },
            {
                "nomeBeneficio": "                  TOTAL NA DATA                                     212.661,46C"
            },
            {
                "nomeBeneficio": ""
            },
            {
                "nomeBeneficio": "TOTAL POR PARCELA / NATUREZA"
            },
            {
                "nomeBeneficio": ""
            },
            {
                "nomeBeneficio": "                  PARCELA DE IPI                                     85.328,17C"
            },
            {
                "nomeBeneficio": "                  PARCELA DE IR                                   1.019.531,11C"
            },
            {
                "nomeBeneficio": "                  RETENCAO PASEP                                     11.048,55D"
            },
            {
                "nomeBeneficio": "                  RFB-PREV-PARC60                                    28.722,66D"
            },
            {
                "nomeBeneficio": "                  RFB-RET DARF                                       71.236,56D"
            },
            {
                "nomeBeneficio": "                  DEDUCAO SAUDE                                     165.728,87D"
            },
            {
                "nomeBeneficio": "                  DEDUCAO FUNDEB                                    220.971,83D"
            },
            {
                "nomeBeneficio": ""
            },
            {
                "nomeBeneficio": "                  DEBITO FUNDO                                      497.708,47D"
            },
            {
                "nomeBeneficio": "                  CREDITO FUNDO                                   1.104.859,28C"
            },
            {
                "nomeBeneficio": ""
            },
            {
                "nomeBeneficio": "TOTAL DISTRIBUIDO NO PERIODO"
            },
            {
                "nomeBeneficio": ""
            },
            {
                "nomeBeneficio": "                  DEBITO BENEF.                                     497.708,47D"
            },
            {
                "nomeBeneficio": "                  CREDITO BENEF.                                  1.104.859,28C"
            }
        ]
    },
    "September": {
        "quantidadeBeneficio": 45,
        "indicadorContinuarPesquisa": "N",
        "quantidadeOcorrencia": [
            {
                "nomeBeneficio": "JUSSIAPE                                          -BA"
            },
            {
                "nomeBeneficio": ""
            },
            {
                "nomeBeneficio": "FPM   - FUNDO DE PARTICIPACAO DOS MUNICIPIOS"
            },
            {
                "nomeBeneficio": "DATA                PARCELA                                   VALOR DISTRIBUIDO"
            },
            {
                "nomeBeneficio": ""
            },
            {
                "nomeBeneficio": "08.09.2023        PARCELA DE IPI                                     84.018,08C"
            },
            {
                "nomeBeneficio": "                  PARCELA DE IR                                     486.890,22C"
            },
            {
                "nomeBeneficio": "                  RETENCAO PASEP                                      5.709,07D"
            },
            {
                "nomeBeneficio": "                  RFB-PREV-PARC60                                    28.722,66D"
            },
            {
                "nomeBeneficio": "                  DEDUCAO SAUDE                                      60.983,10D"
            },
            {
                "nomeBeneficio": "                  DEDUCAO FUNDEB                                     81.310,81D"
            },
            {
                "nomeBeneficio": "                  TOTAL NA DATA                                     394.182,66C"
            },
            {
                "nomeBeneficio": ""
            },
            {
                "nomeBeneficio": "20.09.2023        PARCELA DE IPI                                     11.243,73C"
            },
            {
                "nomeBeneficio": "                  PARCELA DE IR                                      92.981,89C"
            },
            {
                "nomeBeneficio": "                  RETENCAO PASEP                                      1.042,24D"
            },
            {
                "nomeBeneficio": "                  RFB-RET DARF                                       66.704,44D"
            },
            {
                "nomeBeneficio": "                  DEDUCAO SAUDE                                      15.633,83D"
            },
            {
                "nomeBeneficio": "                  DEDUCAO FUNDEB                                     20.845,11D"
            },
            {
                "nomeBeneficio": "                  TOTAL NA DATA                                           0,00C"
            },
            {
                "nomeBeneficio": ""
            },
            {
                "nomeBeneficio": "29.09.2023        PARCELA DE IPI                                     27.884,80C"
            },
            {
                "nomeBeneficio": "                  PARCELA DE IR                                     423.273,38C"
            },
            {
                "nomeBeneficio": "                  RETENCAO PASEP                                      4.511,57D"
            },
            {
                "nomeBeneficio": "                  DEDUCAO SAUDE                                      67.673,72D"
            },
            {
                "nomeBeneficio": "                  DEDUCAO FUNDEB                                     90.231,63D"
            },
            {
                "nomeBeneficio": "                  TOTAL NA DATA                                     288.741,26C"
            },
            {
                "nomeBeneficio": ""
            },
            {
                "nomeBeneficio": "TOTAL POR PARCELA / NATUREZA"
            },
            {
                "nomeBeneficio": ""
            },
            {
                "nomeBeneficio": "                  PARCELA DE IPI                                    123.146,61C"
            },
            {
                "nomeBeneficio": "                  PARCELA DE IR                                   1.003.145,49C"
            },
            {
                "nomeBeneficio": "                  RETENCAO PASEP                                     11.262,88D"
            },
            {
                "nomeBeneficio": "                  RFB-PREV-PARC60                                    28.722,66D"
            },
            {
                "nomeBeneficio": "                  RFB-RET DARF                                       66.704,44D"
            },
            {
                "nomeBeneficio": "                  DEDUCAO SAUDE                                     144.290,65D"
            },
            {
                "nomeBeneficio": "                  DEDUCAO FUNDEB                                    192.387,55D"
            },
            {
                "nomeBeneficio": ""
            },
            {
                "nomeBeneficio": "                  DEBITO FUNDO                                      443.368,18D"
            },
            {
                "nomeBeneficio": "                  CREDITO FUNDO                                   1.126.292,10C"
            },
            {
                "nomeBeneficio": ""
            },
            {
                "nomeBeneficio": "TOTAL DISTRIBUIDO NO PERIODO"
            },
            {
                "nomeBeneficio": ""
            },
            {
                "nomeBeneficio": "                  DEBITO BENEF.                                     443.368,18D"
            },
            {
                "nomeBeneficio": "                  CREDITO BENEF.                                  1.126.292,10C"
            }
        ]
    },
    "October": {
        "quantidadeBeneficio": 46,
        "indicadorContinuarPesquisa": "N",
        "quantidadeOcorrencia": [
            {
                "nomeBeneficio": "JUSSIAPE                                          -BA"
            },
            {
                "nomeBeneficio": ""
            },
            {
                "nomeBeneficio": "FPM   - FUNDO DE PARTICIPACAO DOS MUNICIPIOS"
            },
            {
                "nomeBeneficio": "DATA                PARCELA                                   VALOR DISTRIBUIDO"
            },
            {
                "nomeBeneficio": ""
            },
            {
                "nomeBeneficio": "10.10.2023        PARCELA DE IPI                                     71.386,82C"
            },
            {
                "nomeBeneficio": "                  PARCELA DE IR                                     384.634,96C"
            },
            {
                "nomeBeneficio": "                  RETENCAO PASEP                                      4.560,20D"
            },
            {
                "nomeBeneficio": "                  RFB-PREV-PARC60                                    28.722,66D"
            },
            {
                "nomeBeneficio": "                  RFB-RET DARF                                       71.323,42D"
            },
            {
                "nomeBeneficio": "                  DEDUCAO SAUDE                                      68.403,26D"
            },
            {
                "nomeBeneficio": "                  DEDUCAO FUNDEB                                     91.204,35D"
            },
            {
                "nomeBeneficio": "                  TOTAL NA DATA                                     191.807,89C"
            },
            {
                "nomeBeneficio": ""
            },
            {
                "nomeBeneficio": "20.10.2023        PARCELA DE IPI                                     32.596,22C"
            },
            {
                "nomeBeneficio": "                  PARCELA DE IR                                     144.024,90C"
            },
            {
                "nomeBeneficio": "                  RETENCAO PASEP                                      1.766,20D"
            },
            {
                "nomeBeneficio": "                  RFB-RET DARF                                        5.239,39D"
            },
            {
                "nomeBeneficio": "                  DEDUCAO SAUDE                                      26.493,16D"
            },
            {
                "nomeBeneficio": "                  DEDUCAO FUNDEB                                     35.324,22D"
            },
            {
                "nomeBeneficio": "                  TOTAL NA DATA                                     107.798,15C"
            },
            {
                "nomeBeneficio": ""
            },
            {
                "nomeBeneficio": "30.10.2023        PARCELA DE IPI                                     19.555,58C"
            },
            {
                "nomeBeneficio": "                  PARCELA DE IR                                     393.859,44C"
            },
            {
                "nomeBeneficio": "                  RETENCAO PASEP                                      4.134,14D"
            },
            {
                "nomeBeneficio": "                  DEDUCAO SAUDE                                      62.012,24D"
            },
            {
                "nomeBeneficio": "                  DEDUCAO FUNDEB                                     82.682,99D"
            },
            {
                "nomeBeneficio": "                  TOTAL NA DATA                                     264.585,65C"
            },
            {
                "nomeBeneficio": ""
            },
            {
                "nomeBeneficio": "TOTAL POR PARCELA / NATUREZA"
            },
            {
                "nomeBeneficio": ""
            },
            {
                "nomeBeneficio": "                  PARCELA DE IPI                                    123.538,62C"
            },
            {
                "nomeBeneficio": "                  PARCELA DE IR                                     922.519,30C"
            },
            {
                "nomeBeneficio": "                  RETENCAO PASEP                                     10.460,54D"
            },
            {
                "nomeBeneficio": "                  RFB-PREV-PARC60                                    28.722,66D"
            },
            {
                "nomeBeneficio": "                  RFB-RET DARF                                       76.562,81D"
            },
            {
                "nomeBeneficio": "                  DEDUCAO SAUDE                                     156.908,66D"
            },
            {
                "nomeBeneficio": "                  DEDUCAO FUNDEB                                    209.211,56D"
            },
            {
                "nomeBeneficio": ""
            },
            {
                "nomeBeneficio": "                  DEBITO FUNDO                                      481.866,23D"
            },
            {
                "nomeBeneficio": "                  CREDITO FUNDO                                   1.046.057,92C"
            },
            {
                "nomeBeneficio": ""
            },
            {
                "nomeBeneficio": "TOTAL DISTRIBUIDO NO PERIODO"
            },
            {
                "nomeBeneficio": ""
            },
            {
                "nomeBeneficio": "                  DEBITO BENEF.                                     481.866,23D"
            },
            {
                "nomeBeneficio": "                  CREDITO BENEF.                                  1.046.057,92C"
            }
        ]
    },
    "November": {
        "quantidadeBeneficio": 45,
        "indicadorContinuarPesquisa": "N",
        "quantidadeOcorrencia": [
            {
                "nomeBeneficio": "JUSSIAPE                                          -BA"
            },
            {
                "nomeBeneficio": ""
            },
            {
                "nomeBeneficio": "FPM   - FUNDO DE PARTICIPACAO DOS MUNICIPIOS"
            },
            {
                "nomeBeneficio": "DATA                PARCELA                                   VALOR DISTRIBUIDO"
            },
            {
                "nomeBeneficio": ""
            },
            {
                "nomeBeneficio": "10.11.2023        PARCELA DE IPI                                     59.731,00C"
            },
            {
                "nomeBeneficio": "                  PARCELA DE IR                                     748.747,65C"
            },
            {
                "nomeBeneficio": "                  RETENCAO PASEP                                      8.084,78D"
            },
            {
                "nomeBeneficio": "                  RFB-PREV-PARC60                                    28.722,66D"
            },
            {
                "nomeBeneficio": "                  RFB-RET DARF                                       71.323,42D"
            },
            {
                "nomeBeneficio": "                  DEDUCAO SAUDE                                     121.271,79D"
            },
            {
                "nomeBeneficio": "                  DEDUCAO FUNDEB                                    161.695,73D"
            },
            {
                "nomeBeneficio": "                  TOTAL NA DATA                                     417.380,27C"
            },
            {
                "nomeBeneficio": ""
            },
            {
                "nomeBeneficio": "20.11.2023        PARCELA DE IPI                                     21.081,02C"
            },
            {
                "nomeBeneficio": "                  PARCELA DE IR                                     154.304,04C"
            },
            {
                "nomeBeneficio": "                  RETENCAO PASEP                                      1.753,85D"
            },
            {
                "nomeBeneficio": "                  DEDUCAO SAUDE                                      26.307,75D"
            },
            {
                "nomeBeneficio": "                  DEDUCAO FUNDEB                                     35.077,00D"
            },
            {
                "nomeBeneficio": "                  TOTAL NA DATA                                     112.246,46C"
            },
            {
                "nomeBeneficio": ""
            },
            {
                "nomeBeneficio": "30.11.2023        PARCELA DE IPI                                     20.412,46C"
            },
            {
                "nomeBeneficio": "                  PARCELA DE IR                                     352.946,80C"
            },
            {
                "nomeBeneficio": "                  RETENCAO PASEP                                      3.733,58D"
            },
            {
                "nomeBeneficio": "                  DEDUCAO SAUDE                                      56.003,88D"
            },
            {
                "nomeBeneficio": "                  DEDUCAO FUNDEB                                     74.671,85D"
            },
            {
                "nomeBeneficio": "                  TOTAL NA DATA                                     238.949,95C"
            },
            {
                "nomeBeneficio": ""
            },
            {
                "nomeBeneficio": "TOTAL POR PARCELA / NATUREZA"
            },
            {
                "nomeBeneficio": ""
            },
            {
                "nomeBeneficio": "                  PARCELA DE IPI                                    101.224,48C"
            },
            {
                "nomeBeneficio": "                  PARCELA DE IR                                   1.255.998,49C"
            },
            {
                "nomeBeneficio": "                  RETENCAO PASEP                                     13.572,21D"
            },
            {
                "nomeBeneficio": "                  RFB-PREV-PARC60                                    28.722,66D"
            },
            {
                "nomeBeneficio": "                  RFB-RET DARF                                       71.323,42D"
            },
            {
                "nomeBeneficio": "                  DEDUCAO SAUDE                                     203.583,42D"
            },
            {
                "nomeBeneficio": "                  DEDUCAO FUNDEB                                    271.444,58D"
            },
            {
                "nomeBeneficio": ""
            },
            {
                "nomeBeneficio": "                  DEBITO FUNDO                                      588.646,29D"
            },
            {
                "nomeBeneficio": "                  CREDITO FUNDO                                   1.357.222,97C"
            },
            {
                "nomeBeneficio": ""
            },
            {
                "nomeBeneficio": "TOTAL DISTRIBUIDO NO PERIODO"
            },
            {
                "nomeBeneficio": ""
            },
            {
                "nomeBeneficio": "                  DEBITO BENEF.                                     588.646,29D"
            },
            {
                "nomeBeneficio": "                  CREDITO BENEF.                                  1.357.222,97C"
            }
        ]
    },
    "December": {
        "quantidadeBeneficio": 50,
        "indicadorContinuarPesquisa": "N",
        "quantidadeOcorrencia": [
            {
                "nomeBeneficio": "JUSSIAPE                                          -BA"
            },
            {
                "nomeBeneficio": ""
            },
            {
                "nomeBeneficio": "FPM   - FUNDO DE PARTICIPACAO DOS MUNICIPIOS"
            },
            {
                "nomeBeneficio": "DATA                PARCELA                                   VALOR DISTRIBUIDO"
            },
            {
                "nomeBeneficio": ""
            },
            {
                "nomeBeneficio": "07.12.2023        PARCELA DE IPI                                     51.499,94C"
            },
            {
                "nomeBeneficio": "                  PARCELA DE IR                                     610.563,58C"
            },
            {
                "nomeBeneficio": "                  RETENCAO PASEP                                      6.620,62D"
            },
            {
                "nomeBeneficio": "                  TOTAL NA DATA                                     655.442,90C"
            },
            {
                "nomeBeneficio": ""
            },
            {
                "nomeBeneficio": "08.12.2023        PARCELA DE IPI                                     58.415,91C"
            },
            {
                "nomeBeneficio": "                  PARCELA DE IR                                     525.253,50C"
            },
            {
                "nomeBeneficio": "                  RETENCAO PASEP                                      5.836,68D"
            },
            {
                "nomeBeneficio": "                  RFB-PREV-PARC60                                    28.722,66D"
            },
            {
                "nomeBeneficio": "                  RFB-RET DARF                                       71.323,42D"
            },
            {
                "nomeBeneficio": "                  DEDUCAO SAUDE                                      87.550,40D"
            },
            {
                "nomeBeneficio": "                  DEDUCAO FUNDEB                                    116.733,88D"
            },
            {
                "nomeBeneficio": "                  TOTAL NA DATA                                     273.502,37C"
            },
            {
                "nomeBeneficio": ""
            },
            {
                "nomeBeneficio": "20.12.2023        PARCELA DE IPI                                     27.651,14C"
            },
            {
                "nomeBeneficio": "                  PARCELA DE IR                                     374.113,33C"
            },
            {
                "nomeBeneficio": "                  RETENCAO PASEP                                      4.017,64D"
            },
            {
                "nomeBeneficio": "                  DEDUCAO SAUDE                                      60.264,66D"
            },
            {
                "nomeBeneficio": "                  DEDUCAO FUNDEB                                     80.352,88D"
            },
            {
                "nomeBeneficio": "                  TOTAL NA DATA                                     257.129,29C"
            },
            {
                "nomeBeneficio": ""
            },
            {
                "nomeBeneficio": "28.12.2023        PARCELA DE IPI                                     24.135,11C"
            },
            {
                "nomeBeneficio": "                  PARCELA DE IR                                     483.732,81C"
            },
            {
                "nomeBeneficio": "                  RETENCAO PASEP                                      5.078,67D"
            },
            {
                "nomeBeneficio": "                  DEDUCAO SAUDE                                      76.180,18D"
            },
            {
                "nomeBeneficio": "                  DEDUCAO FUNDEB                                    101.573,58D"
            },
            {
                "nomeBeneficio": "                  TOTAL NA DATA                                     325.035,49C"
            },
            {
                "nomeBeneficio": ""
            },
            {
                "nomeBeneficio": "TOTAL POR PARCELA / NATUREZA"
            },
            {
                "nomeBeneficio": ""
            },
            {
                "nomeBeneficio": "                  PARCELA DE IPI                                    161.702,10C"
            },
            {
                "nomeBeneficio": "                  PARCELA DE IR                                   1.993.663,22C"
            },
            {
                "nomeBeneficio": "                  RETENCAO PASEP                                     21.553,61D"
            },
            {
                "nomeBeneficio": "                  RFB-PREV-PARC60                                    28.722,66D"
            },
            {
                "nomeBeneficio": "                  RFB-RET DARF                                       71.323,42D"
            },
            {
                "nomeBeneficio": "                  DEDUCAO SAUDE                                     223.995,24D"
            },
            {
                "nomeBeneficio": "                  DEDUCAO FUNDEB                                    298.660,34D"
            },
            {
                "nomeBeneficio": ""
            },
            {
                "nomeBeneficio": "                  DEBITO FUNDO                                      644.255,27D"
            },
            {
                "nomeBeneficio": "                  CREDITO FUNDO                                   2.155.365,32C"
            },
            {
                "nomeBeneficio": ""
            },
            {
                "nomeBeneficio": "TOTAL DISTRIBUIDO NO PERIODO"
            },
            {
                "nomeBeneficio": ""
            },
            {
                "nomeBeneficio": "                  DEBITO BENEF.                                     644.255,27D"
            },
            {
                "nomeBeneficio": "                  CREDITO BENEF.                                  2.155.365,32C"
            }
        ]
    }
}