{
    "January": {
        "quantidadeBeneficio": 43,
        "indicadorContinuarPesquisa": "N",
        "quantidadeOcorrencia": [
            {
                "nomeBeneficio": "NORDESTINA                                        -BA"
            },
            {
                "nomeBeneficio": ""
            },
            {
                "nomeBeneficio": "FPM   - FUNDO DE PARTICIPACAO DOS MUNICIPIOS"
            },
            {
                "nomeBeneficio": "DATA                PARCELA                                   VALOR DISTRIBUIDO"
            },
            {
                "nomeBeneficio": ""
            },
            {
                "nomeBeneficio": "10.01.2023        PARCELA DE IPI                                    117.353,44C"
            },
            {
                "nomeBeneficio": "                  PARCELA DE IR                                   1.081.352,38C"
            },
            {
                "nomeBeneficio": "                  RETENCAO PASEP                                     11.987,05D"
            },
            {
                "nomeBeneficio": "                  RFB-PREV-PARC60                                    53.366,25D"
            },
            {
                "nomeBeneficio": "                  DEDUCAO SAUDE                                     179.805,86D"
            },
            {
                "nomeBeneficio": "                  DEDUCAO FUNDEB                                    239.741,15D"
            },
            {
                "nomeBeneficio": "                  TOTAL NA DATA                                     713.805,51C"
            },
            {
                "nomeBeneficio": ""
            },
            {
                "nomeBeneficio": "20.01.2023        PARCELA DE IPI                                     58.124,68C"
            },
            {
                "nomeBeneficio": "                  PARCELA DE IR                                     403.826,97C"
            },
            {
                "nomeBeneficio": "                  RETENCAO PASEP                                      4.619,50D"
            },
            {
                "nomeBeneficio": "                  DEDUCAO SAUDE                                      69.292,74D"
            },
            {
                "nomeBeneficio": "                  DEDUCAO FUNDEB                                     92.390,32D"
            },
            {
                "nomeBeneficio": "                  TOTAL NA DATA                                     295.649,09C"
            },
            {
                "nomeBeneficio": ""
            },
            {
                "nomeBeneficio": "30.01.2023        PARCELA DE IPI                                     25.769,29C"
            },
            {
                "nomeBeneficio": "                  PARCELA DE IR                                     849.873,20C"
            },
            {
                "nomeBeneficio": "                  RETENCAO PASEP                                      8.756,42D"
            },
            {
                "nomeBeneficio": "                  DEDUCAO SAUDE                                     131.346,37D"
            },
            {
                "nomeBeneficio": "                  DEDUCAO FUNDEB                                    175.128,49D"
            },
            {
                "nomeBeneficio": "                  TOTAL NA DATA                                     560.411,21C"
            },
            {
                "nomeBeneficio": ""
            },
            {
                "nomeBeneficio": "TOTAL POR PARCELA / NATUREZA"
            },
            {
                "nomeBeneficio": ""
            },
            {
                "nomeBeneficio": "                  PARCELA DE IPI                                    201.247,41C"
            },
            {
                "nomeBeneficio": "                  PARCELA DE IR                                   2.335.052,55C"
            },
            {
                "nomeBeneficio": "                  RETENCAO PASEP                                     25.362,97D"
            },
            {
                "nomeBeneficio": "                  RFB-PREV-PARC60                                    53.366,25D"
            },
            {
                "nomeBeneficio": "                  DEDUCAO SAUDE                                     380.444,97D"
            },
            {
                "nomeBeneficio": "                  DEDUCAO FUNDEB                                    507.259,96D"
            },
            {
                "nomeBeneficio": ""
            },
            {
                "nomeBeneficio": "                  DEBITO FUNDO                                      966.434,15D"
            },
            {
                "nomeBeneficio": "                  CREDITO FUNDO                                   2.536.299,96C"
            },
            {
                "nomeBeneficio": ""
            },
            {
                "nomeBeneficio": "TOTAL DISTRIBUIDO NO PERIODO"
            },
            {
                "nomeBeneficio": ""
            },
            {
                "nomeBeneficio": "                  DEBITO BENEF.                                     966.434,15D"
            },
            {
                "nomeBeneficio": "                  CREDITO BENEF.                                  2.536.299,96C"
            }
        ]
    },
    "February": {
        "quantidadeBeneficio": 43,
        "indicadorContinuarPesquisa": "N",
        "quantidadeOcorrencia": [
            {
                "nomeBeneficio": "NORDESTINA                                        -BA"
            },
            {
                "nomeBeneficio": ""
            },
            {
                "nomeBeneficio": "FPM   - FUNDO DE PARTICIPACAO DOS MUNICIPIOS"
            },
            {
                "nomeBeneficio": "DATA                PARCELA                                   VALOR DISTRIBUIDO"
            },
            {
                "nomeBeneficio": ""
            },
            {
                "nomeBeneficio": "10.02.2023        PARCELA DE IPI                                     91.123,33C"
            },
            {
                "nomeBeneficio": "                  PARCELA DE IR                                   2.148.850,67C"
            },
            {
                "nomeBeneficio": "                  RETENCAO PASEP                                     22.399,73D"
            },
            {
                "nomeBeneficio": "                  RFB-PREV-PARC60                                    53.447,25D"
            },
            {
                "nomeBeneficio": "                  DEDUCAO SAUDE                                     335.996,09D"
            },
            {
                "nomeBeneficio": "                  DEDUCAO FUNDEB                                    447.994,79D"
            },
            {
                "nomeBeneficio": "                  TOTAL NA DATA                                   1.380.136,14C"
            },
            {
                "nomeBeneficio": ""
            },
            {
                "nomeBeneficio": "17.02.2023        PARCELA DE IPI                                     16.560,25C"
            },
            {
                "nomeBeneficio": "                  PARCELA DE IR                                     199.071,53C"
            },
            {
                "nomeBeneficio": "                  RETENCAO PASEP                                      2.156,31D"
            },
            {
                "nomeBeneficio": "                  DEDUCAO SAUDE                                      32.344,75D"
            },
            {
                "nomeBeneficio": "                  DEDUCAO FUNDEB                                     43.126,35D"
            },
            {
                "nomeBeneficio": "                  TOTAL NA DATA                                     138.004,37C"
            },
            {
                "nomeBeneficio": ""
            },
            {
                "nomeBeneficio": "28.02.2023        PARCELA DE IPI                                     12.169,46C"
            },
            {
                "nomeBeneficio": "                  PARCELA DE IR                                     522.516,26C"
            },
            {
                "nomeBeneficio": "                  RETENCAO PASEP                                      5.346,85D"
            },
            {
                "nomeBeneficio": "                  DEDUCAO SAUDE                                      80.202,84D"
            },
            {
                "nomeBeneficio": "                  DEDUCAO FUNDEB                                    106.937,14D"
            },
            {
                "nomeBeneficio": "                  TOTAL NA DATA                                     342.198,89C"
            },
            {
                "nomeBeneficio": ""
            },
            {
                "nomeBeneficio": "TOTAL POR PARCELA / NATUREZA"
            },
            {
                "nomeBeneficio": ""
            },
            {
                "nomeBeneficio": "                  PARCELA DE IPI                                    119.853,04C"
            },
            {
                "nomeBeneficio": "                  PARCELA DE IR                                   2.870.438,46C"
            },
            {
                "nomeBeneficio": "                  RETENCAO PASEP                                     29.902,89D"
            },
            {
                "nomeBeneficio": "                  RFB-PREV-PARC60                                    53.447,25D"
            },
            {
                "nomeBeneficio": "                  DEDUCAO SAUDE                                     448.543,68D"
            },
            {
                "nomeBeneficio": "                  DEDUCAO FUNDEB                                    598.058,28D"
            },
            {
                "nomeBeneficio": ""
            },
            {
                "nomeBeneficio": "                  DEBITO FUNDO                                    1.129.952,10D"
            },
            {
                "nomeBeneficio": "                  CREDITO FUNDO                                   2.990.291,50C"
            },
            {
                "nomeBeneficio": ""
            },
            {
                "nomeBeneficio": "TOTAL DISTRIBUIDO NO PERIODO"
            },
            {
                "nomeBeneficio": ""
            },
            {
                "nomeBeneficio": "                  DEBITO BENEF.                                   1.129.952,10D"
            },
            {
                "nomeBeneficio": "                  CREDITO BENEF.                                  2.990.291,50C"
            }
        ]
    },
    "March": {
        "quantidadeBeneficio": 43,
        "indicadorContinuarPesquisa": "N",
        "quantidadeOcorrencia": [
            {
                "nomeBeneficio": "NORDESTINA                                        -BA"
            },
            {
                "nomeBeneficio": ""
            },
            {
                "nomeBeneficio": "FPM   - FUNDO DE PARTICIPACAO DOS MUNICIPIOS"
            },
            {
                "nomeBeneficio": "DATA                PARCELA                                   VALOR DISTRIBUIDO"
            },
            {
                "nomeBeneficio": ""
            },
            {
                "nomeBeneficio": "10.03.2023        PARCELA DE IPI                                    102.779,68C"
            },
            {
                "nomeBeneficio": "                  PARCELA DE IR                                     834.986,63C"
            },
            {
                "nomeBeneficio": "                  RETENCAO PASEP                                      9.377,65D"
            },
            {
                "nomeBeneficio": "                  RFB-PREV-PARC60                                    53.513,79D"
            },
            {
                "nomeBeneficio": "                  DEDUCAO SAUDE                                     140.664,94D"
            },
            {
                "nomeBeneficio": "                  DEDUCAO FUNDEB                                    187.553,25D"
            },
            {
                "nomeBeneficio": "                  TOTAL NA DATA                                     546.656,68C"
            },
            {
                "nomeBeneficio": ""
            },
            {
                "nomeBeneficio": "20.03.2023        PARCELA DE IPI                                     20.659,44C"
            },
            {
                "nomeBeneficio": "                  PARCELA DE IR                                     186.058,98C"
            },
            {
                "nomeBeneficio": "                  RETENCAO PASEP                                      2.067,17D"
            },
            {
                "nomeBeneficio": "                  DEDUCAO SAUDE                                      31.007,75D"
            },
            {
                "nomeBeneficio": "                  DEDUCAO FUNDEB                                     41.343,67D"
            },
            {
                "nomeBeneficio": "                  TOTAL NA DATA                                     132.299,83C"
            },
            {
                "nomeBeneficio": ""
            },
            {
                "nomeBeneficio": "30.03.2023        PARCELA DE IPI                                     25.096,33C"
            },
            {
                "nomeBeneficio": "                  PARCELA DE IR                                     659.717,43C"
            },
            {
                "nomeBeneficio": "                  RETENCAO PASEP                                      6.848,13D"
            },
            {
                "nomeBeneficio": "                  DEDUCAO SAUDE                                     102.722,05D"
            },
            {
                "nomeBeneficio": "                  DEDUCAO FUNDEB                                    136.962,74D"
            },
            {
                "nomeBeneficio": "                  TOTAL NA DATA                                     438.280,84C"
            },
            {
                "nomeBeneficio": ""
            },
            {
                "nomeBeneficio": "TOTAL POR PARCELA / NATUREZA"
            },
            {
                "nomeBeneficio": ""
            },
            {
                "nomeBeneficio": "                  PARCELA DE IPI                                    148.535,45C"
            },
            {
                "nomeBeneficio": "                  PARCELA DE IR                                   1.680.763,04C"
            },
            {
                "nomeBeneficio": "                  RETENCAO PASEP                                     18.292,95D"
            },
            {
                "nomeBeneficio": "                  RFB-PREV-PARC60                                    53.513,79D"
            },
            {
                "nomeBeneficio": "                  DEDUCAO SAUDE                                     274.394,74D"
            },
            {
                "nomeBeneficio": "                  DEDUCAO FUNDEB                                    365.859,66D"
            },
            {
                "nomeBeneficio": ""
            },
            {
                "nomeBeneficio": "                  DEBITO FUNDO                                      712.061,14D"
            },
            {
                "nomeBeneficio": "                  CREDITO FUNDO                                   1.829.298,49C"
            },
            {
                "nomeBeneficio": ""
            },
            {
                "nomeBeneficio": "TOTAL DISTRIBUIDO NO PERIODO"
            },
            {
                "nomeBeneficio": ""
            },
            {
                "nomeBeneficio": "                  DEBITO BENEF.                                     712.061,14D"
            },
            {
                "nomeBeneficio": "                  CREDITO BENEF.                                  1.829.298,49C"
            }
        ]
    },
    "April": {
        "quantidadeBeneficio": 43,
        "indicadorContinuarPesquisa": "N",
        "quantidadeOcorrencia": [
            {
                "nomeBeneficio": "NORDESTINA                                        -BA"
            },
            {
                "nomeBeneficio": ""
            },
            {
                "nomeBeneficio": "FPM   - FUNDO DE PARTICIPACAO DOS MUNICIPIOS"
            },
            {
                "nomeBeneficio": "DATA                PARCELA                                   VALOR DISTRIBUIDO"
            },
            {
                "nomeBeneficio": ""
            },
            {
                "nomeBeneficio": "10.04.2023        PARCELA DE IPI                                    116.906,22C"
            },
            {
                "nomeBeneficio": "                  PARCELA DE IR                                     894.592,23C"
            },
            {
                "nomeBeneficio": "                  RETENCAO PASEP                                     10.114,98D"
            },
            {
                "nomeBeneficio": "                  RFB-PREV-PARC60                                    63.729,62D"
            },
            {
                "nomeBeneficio": "                  DEDUCAO SAUDE                                     151.724,76D"
            },
            {
                "nomeBeneficio": "                  DEDUCAO FUNDEB                                    202.299,68D"
            },
            {
                "nomeBeneficio": "                  TOTAL NA DATA                                     583.629,41C"
            },
            {
                "nomeBeneficio": ""
            },
            {
                "nomeBeneficio": "20.04.2023        PARCELA DE IPI                                     18.429,64C"
            },
            {
                "nomeBeneficio": "                  PARCELA DE IR                                     241.263,53C"
            },
            {
                "nomeBeneficio": "                  RETENCAO PASEP                                      2.596,92D"
            },
            {
                "nomeBeneficio": "                  DEDUCAO SAUDE                                      38.953,96D"
            },
            {
                "nomeBeneficio": "                  DEDUCAO FUNDEB                                     51.938,62D"
            },
            {
                "nomeBeneficio": "                  TOTAL NA DATA                                     166.203,67C"
            },
            {
                "nomeBeneficio": ""
            },
            {
                "nomeBeneficio": "28.04.2023        PARCELA DE IPI                                     23.013,59C"
            },
            {
                "nomeBeneficio": "                  PARCELA DE IR                                     797.253,83C"
            },
            {
                "nomeBeneficio": "                  RETENCAO PASEP                                      8.202,66D"
            },
            {
                "nomeBeneficio": "                  DEDUCAO SAUDE                                     123.040,10D"
            },
            {
                "nomeBeneficio": "                  DEDUCAO FUNDEB                                    164.053,47D"
            },
            {
                "nomeBeneficio": "                  TOTAL NA DATA                                     524.971,19C"
            },
            {
                "nomeBeneficio": ""
            },
            {
                "nomeBeneficio": "TOTAL POR PARCELA / NATUREZA"
            },
            {
                "nomeBeneficio": ""
            },
            {
                "nomeBeneficio": "                  PARCELA DE IPI                                    158.349,45C"
            },
            {
                "nomeBeneficio": "                  PARCELA DE IR                                   1.933.109,59C"
            },
            {
                "nomeBeneficio": "                  RETENCAO PASEP                                     20.914,56D"
            },
            {
                "nomeBeneficio": "                  RFB-PREV-PARC60                                    63.729,62D"
            },
            {
                "nomeBeneficio": "                  DEDUCAO SAUDE                                     313.718,82D"
            },
            {
                "nomeBeneficio": "                  DEDUCAO FUNDEB                                    418.291,77D"
            },
            {
                "nomeBeneficio": ""
            },
            {
                "nomeBeneficio": "                  DEBITO FUNDO                                      816.654,77D"
            },
            {
                "nomeBeneficio": "                  CREDITO FUNDO                                   2.091.459,04C"
            },
            {
                "nomeBeneficio": ""
            },
            {
                "nomeBeneficio": "TOTAL DISTRIBUIDO NO PERIODO"
            },
            {
                "nomeBeneficio": ""
            },
            {
                "nomeBeneficio": "                  DEBITO BENEF.                                     816.654,77D"
            },
            {
                "nomeBeneficio": "                  CREDITO BENEF.                                  2.091.459,04C"
            }
        ]
    },
    "May": {
        "quantidadeBeneficio": 43,
        "indicadorContinuarPesquisa": "N",
        "quantidadeOcorrencia": [
            {
                "nomeBeneficio": "NORDESTINA                                        -BA"
            },
            {
                "nomeBeneficio": ""
            },
            {
                "nomeBeneficio": "FPM   - FUNDO DE PARTICIPACAO DOS MUNICIPIOS"
            },
            {
                "nomeBeneficio": "DATA                PARCELA                                   VALOR DISTRIBUIDO"
            },
            {
                "nomeBeneficio": ""
            },
            {
                "nomeBeneficio": "10.05.2023        PARCELA DE IPI                                     97.472,31C"
            },
            {
                "nomeBeneficio": "                  PARCELA DE IR                                   1.271.881,80C"
            },
            {
                "nomeBeneficio": "                  RETENCAO PASEP                                     13.693,53D"
            },
            {
                "nomeBeneficio": "                  RFB-PREV-PARC60                                    63.796,16D"
            },
            {
                "nomeBeneficio": "                  DEDUCAO SAUDE                                     205.403,11D"
            },
            {
                "nomeBeneficio": "                  DEDUCAO FUNDEB                                    273.870,82D"
            },
            {
                "nomeBeneficio": "                  TOTAL NA DATA                                     812.590,49C"
            },
            {
                "nomeBeneficio": ""
            },
            {
                "nomeBeneficio": "19.05.2023        PARCELA DE IPI                                     27.572,48C"
            },
            {
                "nomeBeneficio": "                  PARCELA DE IR                                     242.972,04C"
            },
            {
                "nomeBeneficio": "                  RETENCAO PASEP                                      2.705,44D"
            },
            {
                "nomeBeneficio": "                  DEDUCAO SAUDE                                      40.581,67D"
            },
            {
                "nomeBeneficio": "                  DEDUCAO FUNDEB                                     54.108,89D"
            },
            {
                "nomeBeneficio": "                  TOTAL NA DATA                                     173.148,52C"
            },
            {
                "nomeBeneficio": ""
            },
            {
                "nomeBeneficio": "30.05.2023        PARCELA DE IPI                                     17.352,31C"
            },
            {
                "nomeBeneficio": "                  PARCELA DE IR                                     667.741,55C"
            },
            {
                "nomeBeneficio": "                  RETENCAO PASEP                                      6.850,93D"
            },
            {
                "nomeBeneficio": "                  DEDUCAO SAUDE                                     102.764,07D"
            },
            {
                "nomeBeneficio": "                  DEDUCAO FUNDEB                                    137.018,77D"
            },
            {
                "nomeBeneficio": "                  TOTAL NA DATA                                     438.460,09C"
            },
            {
                "nomeBeneficio": ""
            },
            {
                "nomeBeneficio": "TOTAL POR PARCELA / NATUREZA"
            },
            {
                "nomeBeneficio": ""
            },
            {
                "nomeBeneficio": "                  PARCELA DE IPI                                    142.397,10C"
            },
            {
                "nomeBeneficio": "                  PARCELA DE IR                                   2.182.595,39C"
            },
            {
                "nomeBeneficio": "                  RETENCAO PASEP                                     23.249,90D"
            },
            {
                "nomeBeneficio": "                  RFB-PREV-PARC60                                    63.796,16D"
            },
            {
                "nomeBeneficio": "                  DEDUCAO SAUDE                                     348.748,85D"
            },
            {
                "nomeBeneficio": "                  DEDUCAO FUNDEB                                    464.998,48D"
            },
            {
                "nomeBeneficio": ""
            },
            {
                "nomeBeneficio": "                  DEBITO FUNDO                                      900.793,39D"
            },
            {
                "nomeBeneficio": "                  CREDITO FUNDO                                   2.324.992,49C"
            },
            {
                "nomeBeneficio": ""
            },
            {
                "nomeBeneficio": "TOTAL DISTRIBUIDO NO PERIODO"
            },
            {
                "nomeBeneficio": ""
            },
            {
                "nomeBeneficio": "                  DEBITO BENEF.                                     900.793,39D"
            },
            {
                "nomeBeneficio": "                  CREDITO BENEF.                                  2.324.992,49C"
            }
        ]
    },
    "June": {
        "quantidadeBeneficio": 43,
        "indicadorContinuarPesquisa": "N",
        "quantidadeOcorrencia": [
            {
                "nomeBeneficio": "NORDESTINA                                        -BA"
            },
            {
                "nomeBeneficio": ""
            },
            {
                "nomeBeneficio": "FPM   - FUNDO DE PARTICIPACAO DOS MUNICIPIOS"
            },
            {
                "nomeBeneficio": "DATA                PARCELA                                   VALOR DISTRIBUIDO"
            },
            {
                "nomeBeneficio": ""
            },
            {
                "nomeBeneficio": "09.06.2023        PARCELA DE IPI                                    120.257,70C"
            },
            {
                "nomeBeneficio": "                  PARCELA DE IR                                     833.298,19C"
            },
            {
                "nomeBeneficio": "                  RETENCAO PASEP                                      9.535,55D"
            },
            {
                "nomeBeneficio": "                  RFB-PREV-PARC60                                    63.877,16D"
            },
            {
                "nomeBeneficio": "                  DEDUCAO SAUDE                                     143.033,37D"
            },
            {
                "nomeBeneficio": "                  DEDUCAO FUNDEB                                    190.711,17D"
            },
            {
                "nomeBeneficio": "                  TOTAL NA DATA                                     546.398,64C"
            },
            {
                "nomeBeneficio": ""
            },
            {
                "nomeBeneficio": "20.06.2023        PARCELA DE IPI                                     30.202,65C"
            },
            {
                "nomeBeneficio": "                  PARCELA DE IR                                     520.602,60C"
            },
            {
                "nomeBeneficio": "                  RETENCAO PASEP                                      5.508,04D"
            },
            {
                "nomeBeneficio": "                  DEDUCAO SAUDE                                      82.620,78D"
            },
            {
                "nomeBeneficio": "                  DEDUCAO FUNDEB                                    110.161,05D"
            },
            {
                "nomeBeneficio": "                  TOTAL NA DATA                                     352.515,38C"
            },
            {
                "nomeBeneficio": ""
            },
            {
                "nomeBeneficio": "30.06.2023        PARCELA DE IPI                                     27.105,07C"
            },
            {
                "nomeBeneficio": "                  PARCELA DE IR                                     640.059,35C"
            },
            {
                "nomeBeneficio": "                  RETENCAO PASEP                                      6.671,64D"
            },
            {
                "nomeBeneficio": "                  DEDUCAO SAUDE                                     100.074,66D"
            },
            {
                "nomeBeneficio": "                  DEDUCAO FUNDEB                                    133.432,88D"
            },
            {
                "nomeBeneficio": "                  TOTAL NA DATA                                     426.985,24C"
            },
            {
                "nomeBeneficio": ""
            },
            {
                "nomeBeneficio": "TOTAL POR PARCELA / NATUREZA"
            },
            {
                "nomeBeneficio": ""
            },
            {
                "nomeBeneficio": "                  PARCELA DE IPI                                    177.565,42C"
            },
            {
                "nomeBeneficio": "                  PARCELA DE IR                                   1.993.960,14C"
            },
            {
                "nomeBeneficio": "                  RETENCAO PASEP                                     21.715,23D"
            },
            {
                "nomeBeneficio": "                  RFB-PREV-PARC60                                    63.877,16D"
            },
            {
                "nomeBeneficio": "                  DEDUCAO SAUDE                                     325.728,81D"
            },
            {
                "nomeBeneficio": "                  DEDUCAO FUNDEB                                    434.305,10D"
            },
            {
                "nomeBeneficio": ""
            },
            {
                "nomeBeneficio": "                  DEBITO FUNDO                                      845.626,30D"
            },
            {
                "nomeBeneficio": "                  CREDITO FUNDO                                   2.171.525,56C"
            },
            {
                "nomeBeneficio": ""
            },
            {
                "nomeBeneficio": "TOTAL DISTRIBUIDO NO PERIODO"
            },
            {
                "nomeBeneficio": ""
            },
            {
                "nomeBeneficio": "                  DEBITO BENEF.                                     845.626,30D"
            },
            {
                "nomeBeneficio": "                  CREDITO BENEF.                                  2.171.525,56C"
            }
        ]
    },
    "July": {
        "quantidadeBeneficio": 49,
        "indicadorContinuarPesquisa": "N",
        "quantidadeOcorrencia": [
            {
                "nomeBeneficio": "NORDESTINA                                        -BA"
            },
            {
                "nomeBeneficio": ""
            },
            {
                "nomeBeneficio": "FPM   - FUNDO DE PARTICIPACAO DOS MUNICIPIOS"
            },
            {
                "nomeBeneficio": "DATA                PARCELA                                   VALOR DISTRIBUIDO"
            },
            {
                "nomeBeneficio": ""
            },
            {
                "nomeBeneficio": "10.07.2023        PARCELA DE IPI                                    236.866,89C"
            },
            {
                "nomeBeneficio": "                  PARCELA DE IR                                   1.918.491,37C"
            },
            {
                "nomeBeneficio": "                  AJ DED FUNDEB                                      62.847,87C"
            },
            {
                "nomeBeneficio": "                  AJ DED PASEP                                        3.142,38C"
            },
            {
                "nomeBeneficio": "                  RETENCAO PASEP                                     21.553,57D"
            },
            {
                "nomeBeneficio": "                  RFB-PREV-PARC60                                    63.954,55D"
            },
            {
                "nomeBeneficio": "                  DEDUCAO SAUDE                                     124.102,06D"
            },
            {
                "nomeBeneficio": "                  DEDUCAO FUNDEB                                    165.469,42D"
            },
            {
                "nomeBeneficio": "                  AJUSTE FPM                                        314.239,45D"
            },
            {
                "nomeBeneficio": "                  TOTAL NA DATA                                   1.532.029,46C"
            },
            {
                "nomeBeneficio": ""
            },
            {
                "nomeBeneficio": "20.07.2023        PARCELA DE IPI                                     36.420,75C"
            },
            {
                "nomeBeneficio": "                  PARCELA DE IR                                     257.153,34C"
            },
            {
                "nomeBeneficio": "                  RETENCAO PASEP                                      2.935,73D"
            },
            {
                "nomeBeneficio": "                  DEDUCAO SAUDE                                      44.036,11D"
            },
            {
                "nomeBeneficio": "                  DEDUCAO FUNDEB                                     58.714,81D"
            },
            {
                "nomeBeneficio": "                  TOTAL NA DATA                                     187.887,44C"
            },
            {
                "nomeBeneficio": ""
            },
            {
                "nomeBeneficio": "28.07.2023        PARCELA DE IPI                                     18.226,77C"
            },
            {
                "nomeBeneficio": "                  PARCELA DE IR                                     784.605,55C"
            },
            {
                "nomeBeneficio": "                  RETENCAO PASEP                                      8.028,31D"
            },
            {
                "nomeBeneficio": "                  DEDUCAO SAUDE                                     120.424,84D"
            },
            {
                "nomeBeneficio": "                  DEDUCAO FUNDEB                                    160.566,46D"
            },
            {
                "nomeBeneficio": "                  TOTAL NA DATA                                     513.812,71C"
            },
            {
                "nomeBeneficio": ""
            },
            {
                "nomeBeneficio": "TOTAL POR PARCELA / NATUREZA"
            },
            {
                "nomeBeneficio": ""
            },
            {
                "nomeBeneficio": "                  PARCELA DE IPI                                    291.514,41C"
            },
            {
                "nomeBeneficio": "                  PARCELA DE IR                                   2.960.250,26C"
            },
            {
                "nomeBeneficio": "                  RETENCAO PASEP                                     32.517,61D"
            },
            {
                "nomeBeneficio": "                  RFB-PREV-PARC60                                    63.954,55D"
            },
            {
                "nomeBeneficio": "                  DEDUCAO SAUDE                                     288.563,01D"
            },
            {
                "nomeBeneficio": "                  DEDUCAO FUNDEB                                    384.750,69D"
            },
            {
                "nomeBeneficio": "                  AJ DED FUNDEB                                      62.847,87C"
            },
            {
                "nomeBeneficio": "                  AJ DED PASEP                                        3.142,38C"
            },
            {
                "nomeBeneficio": "                  AJUSTE FPM                                        314.239,45D"
            },
            {
                "nomeBeneficio": ""
            },
            {
                "nomeBeneficio": "                  DEBITO FUNDO                                    1.084.025,31D"
            },
            {
                "nomeBeneficio": "                  CREDITO FUNDO                                   3.317.754,92C"
            },
            {
                "nomeBeneficio": ""
            },
            {
                "nomeBeneficio": "TOTAL DISTRIBUIDO NO PERIODO"
            },
            {
                "nomeBeneficio": ""
            },
            {
                "nomeBeneficio": "                  DEBITO BENEF.                                   1.084.025,31D"
            },
            {
                "nomeBeneficio": "                  CREDITO BENEF.                                  3.317.754,92C"
            }
        ]
    },
    "August": {
        "quantidadeBeneficio": 43,
        "indicadorContinuarPesquisa": "N",
        "quantidadeOcorrencia": [
            {
                "nomeBeneficio": "NORDESTINA                                        -BA"
            },
            {
                "nomeBeneficio": ""
            },
            {
                "nomeBeneficio": "FPM   - FUNDO DE PARTICIPACAO DOS MUNICIPIOS"
            },
            {
                "nomeBeneficio": "DATA                PARCELA                                   VALOR DISTRIBUIDO"
            },
            {
                "nomeBeneficio": ""
            },
            {
                "nomeBeneficio": "10.08.2023        PARCELA DE IPI                                    123.641,21C"
            },
            {
                "nomeBeneficio": "                  PARCELA DE IR                                   1.134.383,82C"
            },
            {
                "nomeBeneficio": "                  RETENCAO PASEP                                     12.580,24D"
            },
            {
                "nomeBeneficio": "                  RFB-PREV-PARC60                                    64.031,94D"
            },
            {
                "nomeBeneficio": "                  DEDUCAO SAUDE                                     188.703,75D"
            },
            {
                "nomeBeneficio": "                  DEDUCAO FUNDEB                                    251.605,00D"
            },
            {
                "nomeBeneficio": "                  TOTAL NA DATA                                     741.104,10C"
            },
            {
                "nomeBeneficio": ""
            },
            {
                "nomeBeneficio": "18.08.2023        PARCELA DE IPI                                     29.737,77C"
            },
            {
                "nomeBeneficio": "                  PARCELA DE IR                                     257.388,77C"
            },
            {
                "nomeBeneficio": "                  RETENCAO PASEP                                      2.871,25D"
            },
            {
                "nomeBeneficio": "                  DEDUCAO SAUDE                                      43.068,97D"
            },
            {
                "nomeBeneficio": "                  DEDUCAO FUNDEB                                     57.425,30D"
            },
            {
                "nomeBeneficio": "                  TOTAL NA DATA                                     183.761,02C"
            },
            {
                "nomeBeneficio": ""
            },
            {
                "nomeBeneficio": "30.08.2023        PARCELA DE IPI                                     17.277,35C"
            },
            {
                "nomeBeneficio": "                  PARCELA DE IR                                     647.289,64C"
            },
            {
                "nomeBeneficio": "                  RETENCAO PASEP                                      6.645,66D"
            },
            {
                "nomeBeneficio": "                  DEDUCAO SAUDE                                      99.685,04D"
            },
            {
                "nomeBeneficio": "                  DEDUCAO FUNDEB                                    132.913,39D"
            },
            {
                "nomeBeneficio": "                  TOTAL NA DATA                                     425.322,90C"
            },
            {
                "nomeBeneficio": ""
            },
            {
                "nomeBeneficio": "TOTAL POR PARCELA / NATUREZA"
            },
            {
                "nomeBeneficio": ""
            },
            {
                "nomeBeneficio": "                  PARCELA DE IPI                                    170.656,33C"
            },
            {
                "nomeBeneficio": "                  PARCELA DE IR                                   2.039.062,23C"
            },
            {
                "nomeBeneficio": "                  RETENCAO PASEP                                     22.097,15D"
            },
            {
                "nomeBeneficio": "                  RFB-PREV-PARC60                                    64.031,94D"
            },
            {
                "nomeBeneficio": "                  DEDUCAO SAUDE                                     331.457,76D"
            },
            {
                "nomeBeneficio": "                  DEDUCAO FUNDEB                                    441.943,69D"
            },
            {
                "nomeBeneficio": ""
            },
            {
                "nomeBeneficio": "                  DEBITO FUNDO                                      859.530,54D"
            },
            {
                "nomeBeneficio": "                  CREDITO FUNDO                                   2.209.718,56C"
            },
            {
                "nomeBeneficio": ""
            },
            {
                "nomeBeneficio": "TOTAL DISTRIBUIDO NO PERIODO"
            },
            {
                "nomeBeneficio": ""
            },
            {
                "nomeBeneficio": "                  DEBITO BENEF.                                     859.530,54D"
            },
            {
                "nomeBeneficio": "                  CREDITO BENEF.                                  2.209.718,56C"
            }
        ]
    },
    "September": {
        "quantidadeBeneficio": 43,
        "indicadorContinuarPesquisa": "N",
        "quantidadeOcorrencia": [
            {
                "nomeBeneficio": "NORDESTINA                                        -BA"
            },
            {
                "nomeBeneficio": ""
            },
            {
                "nomeBeneficio": "FPM   - FUNDO DE PARTICIPACAO DOS MUNICIPIOS"
            },
            {
                "nomeBeneficio": "DATA                PARCELA                                   VALOR DISTRIBUIDO"
            },
            {
                "nomeBeneficio": ""
            },
            {
                "nomeBeneficio": "08.09.2023        PARCELA DE IPI                                    168.036,17C"
            },
            {
                "nomeBeneficio": "                  PARCELA DE IR                                     973.780,43C"
            },
            {
                "nomeBeneficio": "                  RETENCAO PASEP                                     11.418,15D"
            },
            {
                "nomeBeneficio": "                  RFB-PREV-PARC60                                    64.114,39D"
            },
            {
                "nomeBeneficio": "                  DEDUCAO SAUDE                                     121.966,22D"
            },
            {
                "nomeBeneficio": "                  DEDUCAO FUNDEB                                    162.621,63D"
            },
            {
                "nomeBeneficio": "                  TOTAL NA DATA                                     781.696,21C"
            },
            {
                "nomeBeneficio": ""
            },
            {
                "nomeBeneficio": "20.09.2023        PARCELA DE IPI                                     22.487,46C"
            },
            {
                "nomeBeneficio": "                  PARCELA DE IR                                     185.963,78C"
            },
            {
                "nomeBeneficio": "                  RETENCAO PASEP                                      2.084,50D"
            },
            {
                "nomeBeneficio": "                  DEDUCAO SAUDE                                      31.267,67D"
            },
            {
                "nomeBeneficio": "                  DEDUCAO FUNDEB                                     41.690,24D"
            },
            {
                "nomeBeneficio": "                  TOTAL NA DATA                                     133.408,83C"
            },
            {
                "nomeBeneficio": ""
            },
            {
                "nomeBeneficio": "29.09.2023        PARCELA DE IPI                                     55.769,60C"
            },
            {
                "nomeBeneficio": "                  PARCELA DE IR                                     846.546,75C"
            },
            {
                "nomeBeneficio": "                  RETENCAO PASEP                                      9.023,15D"
            },
            {
                "nomeBeneficio": "                  DEDUCAO SAUDE                                     135.347,45D"
            },
            {
                "nomeBeneficio": "                  DEDUCAO FUNDEB                                    180.463,27D"
            },
            {
                "nomeBeneficio": "                  TOTAL NA DATA                                     577.482,48C"
            },
            {
                "nomeBeneficio": ""
            },
            {
                "nomeBeneficio": "TOTAL POR PARCELA / NATUREZA"
            },
            {
                "nomeBeneficio": ""
            },
            {
                "nomeBeneficio": "                  PARCELA DE IPI                                    246.293,23C"
            },
            {
                "nomeBeneficio": "                  PARCELA DE IR                                   2.006.290,96C"
            },
            {
                "nomeBeneficio": "                  RETENCAO PASEP                                     22.525,80D"
            },
            {
                "nomeBeneficio": "                  RFB-PREV-PARC60                                    64.114,39D"
            },
            {
                "nomeBeneficio": "                  DEDUCAO SAUDE                                     288.581,34D"
            },
            {
                "nomeBeneficio": "                  DEDUCAO FUNDEB                                    384.775,14D"
            },
            {
                "nomeBeneficio": ""
            },
            {
                "nomeBeneficio": "                  DEBITO FUNDO                                      759.996,67D"
            },
            {
                "nomeBeneficio": "                  CREDITO FUNDO                                   2.252.584,19C"
            },
            {
                "nomeBeneficio": ""
            },
            {
                "nomeBeneficio": "TOTAL DISTRIBUIDO NO PERIODO"
            },
            {
                "nomeBeneficio": ""
            },
            {
                "nomeBeneficio": "                  DEBITO BENEF.                                     759.996,67D"
            },
            {
                "nomeBeneficio": "                  CREDITO BENEF.                                  2.252.584,19C"
            }
        ]
    },
    "October": {
        "quantidadeBeneficio": 43,
        "indicadorContinuarPesquisa": "N",
        "quantidadeOcorrencia": [
            {
                "nomeBeneficio": "NORDESTINA                                        -BA"
            },
            {
                "nomeBeneficio": ""
            },
            {
                "nomeBeneficio": "FPM   - FUNDO DE PARTICIPACAO DOS MUNICIPIOS"
            },
            {
                "nomeBeneficio": "DATA                PARCELA                                   VALOR DISTRIBUIDO"
            },
            {
                "nomeBeneficio": ""
            },
            {
                "nomeBeneficio": "10.10.2023        PARCELA DE IPI                                    142.773,64C"
            },
            {
                "nomeBeneficio": "                  PARCELA DE IR                                     769.269,93C"
            },
            {
                "nomeBeneficio": "                  RETENCAO PASEP                                      9.120,42D"
            },
            {
                "nomeBeneficio": "                  RFB-PREV-PARC60                                    64.184,55D"
            },
            {
                "nomeBeneficio": "                  DEDUCAO SAUDE                                     136.806,52D"
            },
            {
                "nomeBeneficio": "                  DEDUCAO FUNDEB                                    182.408,70D"
            },
            {
                "nomeBeneficio": "                  TOTAL NA DATA                                     519.523,38C"
            },
            {
                "nomeBeneficio": ""
            },
            {
                "nomeBeneficio": "20.10.2023        PARCELA DE IPI                                     65.192,43C"
            },
            {
                "nomeBeneficio": "                  PARCELA DE IR                                     288.049,80C"
            },
            {
                "nomeBeneficio": "                  RETENCAO PASEP                                      3.532,41D"
            },
            {
                "nomeBeneficio": "                  DEDUCAO SAUDE                                      52.986,33D"
            },
            {
                "nomeBeneficio": "                  DEDUCAO FUNDEB                                     70.648,44D"
            },
            {
                "nomeBeneficio": "                  TOTAL NA DATA                                     226.075,05C"
            },
            {
                "nomeBeneficio": ""
            },
            {
                "nomeBeneficio": "30.10.2023        PARCELA DE IPI                                     39.111,17C"
            },
            {
                "nomeBeneficio": "                  PARCELA DE IR                                     787.718,89C"
            },
            {
                "nomeBeneficio": "                  RETENCAO PASEP                                      8.268,29D"
            },
            {
                "nomeBeneficio": "                  DEDUCAO SAUDE                                     124.024,50D"
            },
            {
                "nomeBeneficio": "                  DEDUCAO FUNDEB                                    165.366,00D"
            },
            {
                "nomeBeneficio": "                  TOTAL NA DATA                                     529.171,27C"
            },
            {
                "nomeBeneficio": ""
            },
            {
                "nomeBeneficio": "TOTAL POR PARCELA / NATUREZA"
            },
            {
                "nomeBeneficio": ""
            },
            {
                "nomeBeneficio": "                  PARCELA DE IPI                                    247.077,24C"
            },
            {
                "nomeBeneficio": "                  PARCELA DE IR                                   1.845.038,62C"
            },
            {
                "nomeBeneficio": "                  RETENCAO PASEP                                     20.921,12D"
            },
            {
                "nomeBeneficio": "                  RFB-PREV-PARC60                                    64.184,55D"
            },
            {
                "nomeBeneficio": "                  DEDUCAO SAUDE                                     313.817,35D"
            },
            {
                "nomeBeneficio": "                  DEDUCAO FUNDEB                                    418.423,14D"
            },
            {
                "nomeBeneficio": ""
            },
            {
                "nomeBeneficio": "                  DEBITO FUNDO                                      817.346,16D"
            },
            {
                "nomeBeneficio": "                  CREDITO FUNDO                                   2.092.115,86C"
            },
            {
                "nomeBeneficio": ""
            },
            {
                "nomeBeneficio": "TOTAL DISTRIBUIDO NO PERIODO"
            },
            {
                "nomeBeneficio": ""
            },
            {
                "nomeBeneficio": "                  DEBITO BENEF.                                     817.346,16D"
            },
            {
                "nomeBeneficio": "                  CREDITO BENEF.                                  2.092.115,86C"
            }
        ]
    },
    "November": {
        "quantidadeBeneficio": 43,
        "indicadorContinuarPesquisa": "N",
        "quantidadeOcorrencia": [
            {
                "nomeBeneficio": "NORDESTINA                                        -BA"
            },
            {
                "nomeBeneficio": ""
            },
            {
                "nomeBeneficio": "FPM   - FUNDO DE PARTICIPACAO DOS MUNICIPIOS"
            },
            {
                "nomeBeneficio": "DATA                PARCELA                                   VALOR DISTRIBUIDO"
            },
            {
                "nomeBeneficio": ""
            },
            {
                "nomeBeneficio": "10.11.2023        PARCELA DE IPI                                    119.462,00C"
            },
            {
                "nomeBeneficio": "                  PARCELA DE IR                                   1.497.495,31C"
            },
            {
                "nomeBeneficio": "                  RETENCAO PASEP                                     16.169,57D"
            },
            {
                "nomeBeneficio": "                  RFB-PREV-PARC60                                    64.256,87D"
            },
            {
                "nomeBeneficio": "                  DEDUCAO SAUDE                                     242.543,59D"
            },
            {
                "nomeBeneficio": "                  DEDUCAO FUNDEB                                    323.391,46D"
            },
            {
                "nomeBeneficio": "                  TOTAL NA DATA                                     970.595,82C"
            },
            {
                "nomeBeneficio": ""
            },
            {
                "nomeBeneficio": "20.11.2023        PARCELA DE IPI                                     42.162,04C"
            },
            {
                "nomeBeneficio": "                  PARCELA DE IR                                     308.608,07C"
            },
            {
                "nomeBeneficio": "                  RETENCAO PASEP                                      3.507,70D"
            },
            {
                "nomeBeneficio": "                  DEDUCAO SAUDE                                      52.615,51D"
            },
            {
                "nomeBeneficio": "                  DEDUCAO FUNDEB                                     70.154,01D"
            },
            {
                "nomeBeneficio": "                  TOTAL NA DATA                                     224.492,89C"
            },
            {
                "nomeBeneficio": ""
            },
            {
                "nomeBeneficio": "30.11.2023        PARCELA DE IPI                                     40.824,93C"
            },
            {
                "nomeBeneficio": "                  PARCELA DE IR                                     705.893,60C"
            },
            {
                "nomeBeneficio": "                  RETENCAO PASEP                                      7.467,17D"
            },
            {
                "nomeBeneficio": "                  DEDUCAO SAUDE                                     112.007,77D"
            },
            {
                "nomeBeneficio": "                  DEDUCAO FUNDEB                                    149.343,70D"
            },
            {
                "nomeBeneficio": "                  TOTAL NA DATA                                     477.899,89C"
            },
            {
                "nomeBeneficio": ""
            },
            {
                "nomeBeneficio": "TOTAL POR PARCELA / NATUREZA"
            },
            {
                "nomeBeneficio": ""
            },
            {
                "nomeBeneficio": "                  PARCELA DE IPI                                    202.448,97C"
            },
            {
                "nomeBeneficio": "                  PARCELA DE IR                                   2.511.996,98C"
            },
            {
                "nomeBeneficio": "                  RETENCAO PASEP                                     27.144,44D"
            },
            {
                "nomeBeneficio": "                  RFB-PREV-PARC60                                    64.256,87D"
            },
            {
                "nomeBeneficio": "                  DEDUCAO SAUDE                                     407.166,87D"
            },
            {
                "nomeBeneficio": "                  DEDUCAO FUNDEB                                    542.889,17D"
            },
            {
                "nomeBeneficio": ""
            },
            {
                "nomeBeneficio": "                  DEBITO FUNDO                                    1.041.457,35D"
            },
            {
                "nomeBeneficio": "                  CREDITO FUNDO                                   2.714.445,95C"
            },
            {
                "nomeBeneficio": ""
            },
            {
                "nomeBeneficio": "TOTAL DISTRIBUIDO NO PERIODO"
            },
            {
                "nomeBeneficio": ""
            },
            {
                "nomeBeneficio": "                  DEBITO BENEF.                                   1.041.457,35D"
            },
            {
                "nomeBeneficio": "                  CREDITO BENEF.                                  2.714.445,95C"
            }
        ]
    },
    "December": {
        "quantidadeBeneficio": 48,
        "indicadorContinuarPesquisa": "N",
        "quantidadeOcorrencia": [
            {
                "nomeBeneficio": "NORDESTINA                                        -BA"
            },
            {
                "nomeBeneficio": ""
            },
            {
                "nomeBeneficio": "FPM   - FUNDO DE PARTICIPACAO DOS MUNICIPIOS"
            },
            {
                "nomeBeneficio": "DATA                PARCELA                                   VALOR DISTRIBUIDO"
            },
            {
                "nomeBeneficio": ""
            },
            {
                "nomeBeneficio": "07.12.2023        PARCELA DE IPI                                    102.999,87C"
            },
            {
                "nomeBeneficio": "                  PARCELA DE IR                                   1.221.127,17C"
            },
            {
                "nomeBeneficio": "                  RETENCAO PASEP                                     13.241,26D"
            },
            {
                "nomeBeneficio": "                  TOTAL NA DATA                                   1.310.885,78C"
            },
            {
                "nomeBeneficio": ""
            },
            {
                "nomeBeneficio": "08.12.2023        PARCELA DE IPI                                    116.831,82C"
            },
            {
                "nomeBeneficio": "                  PARCELA DE IR                                   1.050.507,00C"
            },
            {
                "nomeBeneficio": "                  RETENCAO PASEP                                     11.673,38D"
            },
            {
                "nomeBeneficio": "                  RFB-PREV-PARC60                                    64.323,41D"
            },
            {
                "nomeBeneficio": "                  DEDUCAO SAUDE                                     175.100,82D"
            },
            {
                "nomeBeneficio": "                  DEDUCAO FUNDEB                                    233.467,76D"
            },
            {
                "nomeBeneficio": "                  TOTAL NA DATA                                     682.773,45C"
            },
            {
                "nomeBeneficio": ""
            },
            {
                "nomeBeneficio": "20.12.2023        PARCELA DE IPI                                     55.302,28C"
            },
            {
                "nomeBeneficio": "                  PARCELA DE IR                                     748.226,65C"
            },
            {
                "nomeBeneficio": "                  RETENCAO PASEP                                      8.035,28D"
            },
            {
                "nomeBeneficio": "                  DEDUCAO SAUDE                                     120.529,33D"
            },
            {
                "nomeBeneficio": "                  DEDUCAO FUNDEB                                    160.705,78D"
            },
            {
                "nomeBeneficio": "                  TOTAL NA DATA                                     514.258,54C"
            },
            {
                "nomeBeneficio": ""
            },
            {
                "nomeBeneficio": "28.12.2023        PARCELA DE IPI                                     48.270,22C"
            },
            {
                "nomeBeneficio": "                  PARCELA DE IR                                     967.465,63C"
            },
            {
                "nomeBeneficio": "                  RETENCAO PASEP                                     10.157,35D"
            },
            {
                "nomeBeneficio": "                  DEDUCAO SAUDE                                     152.360,37D"
            },
            {
                "nomeBeneficio": "                  DEDUCAO FUNDEB                                    203.147,16D"
            },
            {
                "nomeBeneficio": "                  TOTAL NA DATA                                     650.070,97C"
            },
            {
                "nomeBeneficio": ""
            },
            {
                "nomeBeneficio": "TOTAL POR PARCELA / NATUREZA"
            },
            {
                "nomeBeneficio": ""
            },
            {
                "nomeBeneficio": "                  PARCELA DE IPI                                    323.404,19C"
            },
            {
                "nomeBeneficio": "                  PARCELA DE IR                                   3.987.326,45C"
            },
            {
                "nomeBeneficio": "                  RETENCAO PASEP                                     43.107,27D"
            },
            {
                "nomeBeneficio": "                  RFB-PREV-PARC60                                    64.323,41D"
            },
            {
                "nomeBeneficio": "                  DEDUCAO SAUDE                                     447.990,52D"
            },
            {
                "nomeBeneficio": "                  DEDUCAO FUNDEB                                    597.320,70D"
            },
            {
                "nomeBeneficio": ""
            },
            {
                "nomeBeneficio": "                  DEBITO FUNDO                                    1.152.741,90D"
            },
            {
                "nomeBeneficio": "                  CREDITO FUNDO                                   4.310.730,64C"
            },
            {
                "nomeBeneficio": ""
            },
            {
                "nomeBeneficio": "TOTAL DISTRIBUIDO NO PERIODO"
            },
            {
                "nomeBeneficio": ""
            },
            {
                "nomeBeneficio": "                  DEBITO BENEF.                                   1.152.741,90D"
            },
            {
                "nomeBeneficio": "                  CREDITO BENEF.                                  4.310.730,64C"
            }
        ]
    }
}