{
    "January": {
        "quantidadeBeneficio": 45,
        "indicadorContinuarPesquisa": "N",
        "quantidadeOcorrencia": [
            {
                "nomeBeneficio": "CORDEIROS                                         -BA"
            },
            {
                "nomeBeneficio": ""
            },
            {
                "nomeBeneficio": "FPM   - FUNDO DE PARTICIPACAO DOS MUNICIPIOS"
            },
            {
                "nomeBeneficio": "DATA                PARCELA                                   VALOR DISTRIBUIDO"
            },
            {
                "nomeBeneficio": ""
            },
            {
                "nomeBeneficio": "10.01.2023        PARCELA DE IPI                                     58.676,72C"
            },
            {
                "nomeBeneficio": "                  PARCELA DE IR                                     540.676,19C"
            },
            {
                "nomeBeneficio": "                  RETENCAO PASEP                                      5.993,52D"
            },
            {
                "nomeBeneficio": "                  RFB-PREV-PARC60                                    22.717,15D"
            },
            {
                "nomeBeneficio": "                  RFB-RET DARF                                       27.495,86D"
            },
            {
                "nomeBeneficio": "                  DEDUCAO SAUDE                                      70.723,64D"
            },
            {
                "nomeBeneficio": "                  DEDUCAO FUNDEB                                    119.870,57D"
            },
            {
                "nomeBeneficio": "                  TOTAL NA DATA                                     352.552,17C"
            },
            {
                "nomeBeneficio": ""
            },
            {
                "nomeBeneficio": "20.01.2023        PARCELA DE IPI                                     29.062,34C"
            },
            {
                "nomeBeneficio": "                  PARCELA DE IR                                     201.913,49C"
            },
            {
                "nomeBeneficio": "                  RETENCAO PASEP                                      2.309,75D"
            },
            {
                "nomeBeneficio": "                  DEDUCAO SAUDE                                      27.255,14D"
            },
            {
                "nomeBeneficio": "                  DEDUCAO FUNDEB                                     46.195,15D"
            },
            {
                "nomeBeneficio": "                  TOTAL NA DATA                                     155.215,79C"
            },
            {
                "nomeBeneficio": ""
            },
            {
                "nomeBeneficio": "30.01.2023        PARCELA DE IPI                                     15.461,57C"
            },
            {
                "nomeBeneficio": "                  PARCELA DE IR                                     509.923,92C"
            },
            {
                "nomeBeneficio": "                  RETENCAO PASEP                                      5.253,84D"
            },
            {
                "nomeBeneficio": "                  DEDUCAO SAUDE                                      61.995,48D"
            },
            {
                "nomeBeneficio": "                  DEDUCAO FUNDEB                                    105.077,09D"
            },
            {
                "nomeBeneficio": "                  TOTAL NA DATA                                     353.059,08C"
            },
            {
                "nomeBeneficio": ""
            },
            {
                "nomeBeneficio": "TOTAL POR PARCELA / NATUREZA"
            },
            {
                "nomeBeneficio": ""
            },
            {
                "nomeBeneficio": "                  PARCELA DE IPI                                    103.200,63C"
            },
            {
                "nomeBeneficio": "                  PARCELA DE IR                                   1.252.513,60C"
            },
            {
                "nomeBeneficio": "                  RETENCAO PASEP                                     13.557,11D"
            },
            {
                "nomeBeneficio": "                  RFB-PREV-PARC60                                    22.717,15D"
            },
            {
                "nomeBeneficio": "                  RFB-RET DARF                                       27.495,86D"
            },
            {
                "nomeBeneficio": "                  DEDUCAO SAUDE                                     159.974,26D"
            },
            {
                "nomeBeneficio": "                  DEDUCAO FUNDEB                                    271.142,81D"
            },
            {
                "nomeBeneficio": ""
            },
            {
                "nomeBeneficio": "                  DEBITO FUNDO                                      494.887,19D"
            },
            {
                "nomeBeneficio": "                  CREDITO FUNDO                                   1.355.714,23C"
            },
            {
                "nomeBeneficio": ""
            },
            {
                "nomeBeneficio": "TOTAL DISTRIBUIDO NO PERIODO"
            },
            {
                "nomeBeneficio": ""
            },
            {
                "nomeBeneficio": "                  DEBITO BENEF.                                     494.887,19D"
            },
            {
                "nomeBeneficio": "                  CREDITO BENEF.                                  1.355.714,23C"
            }
        ]
    },
    "February": {
        "quantidadeBeneficio": 45,
        "indicadorContinuarPesquisa": "N",
        "quantidadeOcorrencia": [
            {
                "nomeBeneficio": "CORDEIROS                                         -BA"
            },
            {
                "nomeBeneficio": ""
            },
            {
                "nomeBeneficio": "FPM   - FUNDO DE PARTICIPACAO DOS MUNICIPIOS"
            },
            {
                "nomeBeneficio": "DATA                PARCELA                                   VALOR DISTRIBUIDO"
            },
            {
                "nomeBeneficio": ""
            },
            {
                "nomeBeneficio": "10.02.2023        PARCELA DE IPI                                     54.674,00C"
            },
            {
                "nomeBeneficio": "                  PARCELA DE IR                                   1.289.310,40C"
            },
            {
                "nomeBeneficio": "                  RETENCAO PASEP                                     13.439,84D"
            },
            {
                "nomeBeneficio": "                  RFB-PREV-PARC60                                    22.717,15D"
            },
            {
                "nomeBeneficio": "                  RFB-RET DARF                                       27.495,86D"
            },
            {
                "nomeBeneficio": "                  DEDUCAO SAUDE                                     158.590,15D"
            },
            {
                "nomeBeneficio": "                  DEDUCAO FUNDEB                                    268.796,88D"
            },
            {
                "nomeBeneficio": "                  TOTAL NA DATA                                     852.944,52C"
            },
            {
                "nomeBeneficio": ""
            },
            {
                "nomeBeneficio": "17.02.2023        PARCELA DE IPI                                      9.936,15C"
            },
            {
                "nomeBeneficio": "                  PARCELA DE IR                                     119.442,92C"
            },
            {
                "nomeBeneficio": "                  RETENCAO PASEP                                      1.293,78D"
            },
            {
                "nomeBeneficio": "                  DEDUCAO SAUDE                                      15.266,72D"
            },
            {
                "nomeBeneficio": "                  DEDUCAO FUNDEB                                     25.875,81D"
            },
            {
                "nomeBeneficio": "                  TOTAL NA DATA                                      86.942,76C"
            },
            {
                "nomeBeneficio": ""
            },
            {
                "nomeBeneficio": "28.02.2023        PARCELA DE IPI                                      7.301,67C"
            },
            {
                "nomeBeneficio": "                  PARCELA DE IR                                     313.509,76C"
            },
            {
                "nomeBeneficio": "                  RETENCAO PASEP                                      3.208,10D"
            },
            {
                "nomeBeneficio": "                  DEDUCAO SAUDE                                      37.855,74D"
            },
            {
                "nomeBeneficio": "                  DEDUCAO FUNDEB                                     64.162,28D"
            },
            {
                "nomeBeneficio": "                  TOTAL NA DATA                                     215.585,31C"
            },
            {
                "nomeBeneficio": ""
            },
            {
                "nomeBeneficio": "TOTAL POR PARCELA / NATUREZA"
            },
            {
                "nomeBeneficio": ""
            },
            {
                "nomeBeneficio": "                  PARCELA DE IPI                                     71.911,82C"
            },
            {
                "nomeBeneficio": "                  PARCELA DE IR                                   1.722.263,08C"
            },
            {
                "nomeBeneficio": "                  RETENCAO PASEP                                     17.941,72D"
            },
            {
                "nomeBeneficio": "                  RFB-PREV-PARC60                                    22.717,15D"
            },
            {
                "nomeBeneficio": "                  RFB-RET DARF                                       27.495,86D"
            },
            {
                "nomeBeneficio": "                  DEDUCAO SAUDE                                     211.712,61D"
            },
            {
                "nomeBeneficio": "                  DEDUCAO FUNDEB                                    358.834,97D"
            },
            {
                "nomeBeneficio": ""
            },
            {
                "nomeBeneficio": "                  DEBITO FUNDO                                      638.702,31D"
            },
            {
                "nomeBeneficio": "                  CREDITO FUNDO                                   1.794.174,90C"
            },
            {
                "nomeBeneficio": ""
            },
            {
                "nomeBeneficio": "TOTAL DISTRIBUIDO NO PERIODO"
            },
            {
                "nomeBeneficio": ""
            },
            {
                "nomeBeneficio": "                  DEBITO BENEF.                                     638.702,31D"
            },
            {
                "nomeBeneficio": "                  CREDITO BENEF.                                  1.794.174,90C"
            }
        ]
    },
    "March": {
        "quantidadeBeneficio": 45,
        "indicadorContinuarPesquisa": "N",
        "quantidadeOcorrencia": [
            {
                "nomeBeneficio": "CORDEIROS                                         -BA"
            },
            {
                "nomeBeneficio": ""
            },
            {
                "nomeBeneficio": "FPM   - FUNDO DE PARTICIPACAO DOS MUNICIPIOS"
            },
            {
                "nomeBeneficio": "DATA                PARCELA                                   VALOR DISTRIBUIDO"
            },
            {
                "nomeBeneficio": ""
            },
            {
                "nomeBeneficio": "10.03.2023        PARCELA DE IPI                                     61.667,81C"
            },
            {
                "nomeBeneficio": "                  PARCELA DE IR                                     500.991,98C"
            },
            {
                "nomeBeneficio": "                  RETENCAO PASEP                                      5.626,58D"
            },
            {
                "nomeBeneficio": "                  RFB-PREV-PARC60                                    22.717,15D"
            },
            {
                "nomeBeneficio": "                  RFB-RET DARF                                       27.495,86D"
            },
            {
                "nomeBeneficio": "                  DEDUCAO SAUDE                                      66.393,85D"
            },
            {
                "nomeBeneficio": "                  DEDUCAO FUNDEB                                    112.531,95D"
            },
            {
                "nomeBeneficio": "                  TOTAL NA DATA                                     327.894,40C"
            },
            {
                "nomeBeneficio": ""
            },
            {
                "nomeBeneficio": "20.03.2023        PARCELA DE IPI                                     12.395,66C"
            },
            {
                "nomeBeneficio": "                  PARCELA DE IR                                     111.635,39C"
            },
            {
                "nomeBeneficio": "                  RETENCAO PASEP                                      1.240,30D"
            },
            {
                "nomeBeneficio": "                  DEDUCAO SAUDE                                      14.635,65D"
            },
            {
                "nomeBeneficio": "                  DEDUCAO FUNDEB                                     24.806,20D"
            },
            {
                "nomeBeneficio": "                  TOTAL NA DATA                                      83.348,90C"
            },
            {
                "nomeBeneficio": ""
            },
            {
                "nomeBeneficio": "30.03.2023        PARCELA DE IPI                                     15.057,80C"
            },
            {
                "nomeBeneficio": "                  PARCELA DE IR                                     395.830,46C"
            },
            {
                "nomeBeneficio": "                  RETENCAO PASEP                                      4.108,87D"
            },
            {
                "nomeBeneficio": "                  DEDUCAO SAUDE                                      48.484,81D"
            },
            {
                "nomeBeneficio": "                  DEDUCAO FUNDEB                                     82.177,65D"
            },
            {
                "nomeBeneficio": "                  TOTAL NA DATA                                     276.116,93C"
            },
            {
                "nomeBeneficio": ""
            },
            {
                "nomeBeneficio": "TOTAL POR PARCELA / NATUREZA"
            },
            {
                "nomeBeneficio": ""
            },
            {
                "nomeBeneficio": "                  PARCELA DE IPI                                     89.121,27C"
            },
            {
                "nomeBeneficio": "                  PARCELA DE IR                                   1.008.457,83C"
            },
            {
                "nomeBeneficio": "                  RETENCAO PASEP                                     10.975,75D"
            },
            {
                "nomeBeneficio": "                  RFB-PREV-PARC60                                    22.717,15D"
            },
            {
                "nomeBeneficio": "                  RFB-RET DARF                                       27.495,86D"
            },
            {
                "nomeBeneficio": "                  DEDUCAO SAUDE                                     129.514,31D"
            },
            {
                "nomeBeneficio": "                  DEDUCAO FUNDEB                                    219.515,80D"
            },
            {
                "nomeBeneficio": ""
            },
            {
                "nomeBeneficio": "                  DEBITO FUNDO                                      410.218,87D"
            },
            {
                "nomeBeneficio": "                  CREDITO FUNDO                                   1.097.579,10C"
            },
            {
                "nomeBeneficio": ""
            },
            {
                "nomeBeneficio": "TOTAL DISTRIBUIDO NO PERIODO"
            },
            {
                "nomeBeneficio": ""
            },
            {
                "nomeBeneficio": "                  DEBITO BENEF.                                     410.218,87D"
            },
            {
                "nomeBeneficio": "                  CREDITO BENEF.                                  1.097.579,10C"
            }
        ]
    },
    "April": {
        "quantidadeBeneficio": 45,
        "indicadorContinuarPesquisa": "N",
        "quantidadeOcorrencia": [
            {
                "nomeBeneficio": "CORDEIROS                                         -BA"
            },
            {
                "nomeBeneficio": ""
            },
            {
                "nomeBeneficio": "FPM   - FUNDO DE PARTICIPACAO DOS MUNICIPIOS"
            },
            {
                "nomeBeneficio": "DATA                PARCELA                                   VALOR DISTRIBUIDO"
            },
            {
                "nomeBeneficio": ""
            },
            {
                "nomeBeneficio": "10.04.2023        PARCELA DE IPI                                     70.143,73C"
            },
            {
                "nomeBeneficio": "                  PARCELA DE IR                                     536.755,34C"
            },
            {
                "nomeBeneficio": "                  RETENCAO PASEP                                      6.068,98D"
            },
            {
                "nomeBeneficio": "                  RFB-PREV-PARC60                                    29.809,41D"
            },
            {
                "nomeBeneficio": "                  RFB-RET DARF                                       27.495,86D"
            },
            {
                "nomeBeneficio": "                  DEDUCAO SAUDE                                      71.614,09D"
            },
            {
                "nomeBeneficio": "                  DEDUCAO FUNDEB                                    121.379,80D"
            },
            {
                "nomeBeneficio": "                  TOTAL NA DATA                                     350.530,93C"
            },
            {
                "nomeBeneficio": ""
            },
            {
                "nomeBeneficio": "20.04.2023        PARCELA DE IPI                                     11.057,79C"
            },
            {
                "nomeBeneficio": "                  PARCELA DE IR                                     144.758,12C"
            },
            {
                "nomeBeneficio": "                  RETENCAO PASEP                                      1.558,15D"
            },
            {
                "nomeBeneficio": "                  DEDUCAO SAUDE                                      18.386,26D"
            },
            {
                "nomeBeneficio": "                  DEDUCAO FUNDEB                                     31.163,17D"
            },
            {
                "nomeBeneficio": "                  TOTAL NA DATA                                     104.708,33C"
            },
            {
                "nomeBeneficio": ""
            },
            {
                "nomeBeneficio": "28.04.2023        PARCELA DE IPI                                     13.808,15C"
            },
            {
                "nomeBeneficio": "                  PARCELA DE IR                                     478.352,30C"
            },
            {
                "nomeBeneficio": "                  RETENCAO PASEP                                      4.921,60D"
            },
            {
                "nomeBeneficio": "                  DEDUCAO SAUDE                                      58.074,93D"
            },
            {
                "nomeBeneficio": "                  DEDUCAO FUNDEB                                     98.432,09D"
            },
            {
                "nomeBeneficio": "                  TOTAL NA DATA                                     330.731,83C"
            },
            {
                "nomeBeneficio": ""
            },
            {
                "nomeBeneficio": "TOTAL POR PARCELA / NATUREZA"
            },
            {
                "nomeBeneficio": ""
            },
            {
                "nomeBeneficio": "                  PARCELA DE IPI                                     95.009,67C"
            },
            {
                "nomeBeneficio": "                  PARCELA DE IR                                   1.159.865,76C"
            },
            {
                "nomeBeneficio": "                  RETENCAO PASEP                                     12.548,73D"
            },
            {
                "nomeBeneficio": "                  RFB-PREV-PARC60                                    29.809,41D"
            },
            {
                "nomeBeneficio": "                  RFB-RET DARF                                       27.495,86D"
            },
            {
                "nomeBeneficio": "                  DEDUCAO SAUDE                                     148.075,28D"
            },
            {
                "nomeBeneficio": "                  DEDUCAO FUNDEB                                    250.975,06D"
            },
            {
                "nomeBeneficio": ""
            },
            {
                "nomeBeneficio": "                  DEBITO FUNDO                                      468.904,34D"
            },
            {
                "nomeBeneficio": "                  CREDITO FUNDO                                   1.254.875,43C"
            },
            {
                "nomeBeneficio": ""
            },
            {
                "nomeBeneficio": "TOTAL DISTRIBUIDO NO PERIODO"
            },
            {
                "nomeBeneficio": ""
            },
            {
                "nomeBeneficio": "                  DEBITO BENEF.                                     468.904,34D"
            },
            {
                "nomeBeneficio": "                  CREDITO BENEF.                                  1.254.875,43C"
            }
        ]
    },
    "May": {
        "quantidadeBeneficio": 45,
        "indicadorContinuarPesquisa": "N",
        "quantidadeOcorrencia": [
            {
                "nomeBeneficio": "CORDEIROS                                         -BA"
            },
            {
                "nomeBeneficio": ""
            },
            {
                "nomeBeneficio": "FPM   - FUNDO DE PARTICIPACAO DOS MUNICIPIOS"
            },
            {
                "nomeBeneficio": "DATA                PARCELA                                   VALOR DISTRIBUIDO"
            },
            {
                "nomeBeneficio": ""
            },
            {
                "nomeBeneficio": "10.05.2023        PARCELA DE IPI                                     58.483,39C"
            },
            {
                "nomeBeneficio": "                  PARCELA DE IR                                     763.129,08C"
            },
            {
                "nomeBeneficio": "                  RETENCAO PASEP                                      8.216,12D"
            },
            {
                "nomeBeneficio": "                  RFB-PREV-PARC60                                    29.809,41D"
            },
            {
                "nomeBeneficio": "                  RFB-RET DARF                                       27.495,86D"
            },
            {
                "nomeBeneficio": "                  DEDUCAO SAUDE                                      96.950,27D"
            },
            {
                "nomeBeneficio": "                  DEDUCAO FUNDEB                                    164.322,48D"
            },
            {
                "nomeBeneficio": "                  TOTAL NA DATA                                     494.818,33C"
            },
            {
                "nomeBeneficio": ""
            },
            {
                "nomeBeneficio": "19.05.2023        PARCELA DE IPI                                     16.543,49C"
            },
            {
                "nomeBeneficio": "                  PARCELA DE IR                                     145.783,22C"
            },
            {
                "nomeBeneficio": "                  RETENCAO PASEP                                      1.623,26D"
            },
            {
                "nomeBeneficio": "                  DEDUCAO SAUDE                                      19.154,54D"
            },
            {
                "nomeBeneficio": "                  DEDUCAO FUNDEB                                     32.465,33D"
            },
            {
                "nomeBeneficio": "                  TOTAL NA DATA                                     109.083,58C"
            },
            {
                "nomeBeneficio": ""
            },
            {
                "nomeBeneficio": "30.05.2023        PARCELA DE IPI                                     10.411,39C"
            },
            {
                "nomeBeneficio": "                  PARCELA DE IR                                     400.644,93C"
            },
            {
                "nomeBeneficio": "                  RETENCAO PASEP                                      4.110,55D"
            },
            {
                "nomeBeneficio": "                  DEDUCAO SAUDE                                      48.504,64D"
            },
            {
                "nomeBeneficio": "                  DEDUCAO FUNDEB                                     82.211,25D"
            },
            {
                "nomeBeneficio": "                  TOTAL NA DATA                                     276.229,88C"
            },
            {
                "nomeBeneficio": ""
            },
            {
                "nomeBeneficio": "TOTAL POR PARCELA / NATUREZA"
            },
            {
                "nomeBeneficio": ""
            },
            {
                "nomeBeneficio": "                  PARCELA DE IPI                                     85.438,27C"
            },
            {
                "nomeBeneficio": "                  PARCELA DE IR                                   1.309.557,23C"
            },
            {
                "nomeBeneficio": "                  RETENCAO PASEP                                     13.949,93D"
            },
            {
                "nomeBeneficio": "                  RFB-PREV-PARC60                                    29.809,41D"
            },
            {
                "nomeBeneficio": "                  RFB-RET DARF                                       27.495,86D"
            },
            {
                "nomeBeneficio": "                  DEDUCAO SAUDE                                     164.609,45D"
            },
            {
                "nomeBeneficio": "                  DEDUCAO FUNDEB                                    278.999,06D"
            },
            {
                "nomeBeneficio": ""
            },
            {
                "nomeBeneficio": "                  DEBITO FUNDO                                      514.863,71D"
            },
            {
                "nomeBeneficio": "                  CREDITO FUNDO                                   1.394.995,50C"
            },
            {
                "nomeBeneficio": ""
            },
            {
                "nomeBeneficio": "TOTAL DISTRIBUIDO NO PERIODO"
            },
            {
                "nomeBeneficio": ""
            },
            {
                "nomeBeneficio": "                  DEBITO BENEF.                                     514.863,71D"
            },
            {
                "nomeBeneficio": "                  CREDITO BENEF.                                  1.394.995,50C"
            }
        ]
    },
    "June": {
        "quantidadeBeneficio": 45,
        "indicadorContinuarPesquisa": "N",
        "quantidadeOcorrencia": [
            {
                "nomeBeneficio": "CORDEIROS                                         -BA"
            },
            {
                "nomeBeneficio": ""
            },
            {
                "nomeBeneficio": "FPM   - FUNDO DE PARTICIPACAO DOS MUNICIPIOS"
            },
            {
                "nomeBeneficio": "DATA                PARCELA                                   VALOR DISTRIBUIDO"
            },
            {
                "nomeBeneficio": ""
            },
            {
                "nomeBeneficio": "09.06.2023        PARCELA DE IPI                                     72.154,62C"
            },
            {
                "nomeBeneficio": "                  PARCELA DE IR                                     499.978,91C"
            },
            {
                "nomeBeneficio": "                  RETENCAO PASEP                                      5.721,32D"
            },
            {
                "nomeBeneficio": "                  RFB-PREV-PARC60                                    29.809,41D"
            },
            {
                "nomeBeneficio": "                  RFB-RET DARF                                       27.495,86D"
            },
            {
                "nomeBeneficio": "                  DEDUCAO SAUDE                                      67.511,75D"
            },
            {
                "nomeBeneficio": "                  DEDUCAO FUNDEB                                    114.426,70D"
            },
            {
                "nomeBeneficio": "                  TOTAL NA DATA                                     327.168,49C"
            },
            {
                "nomeBeneficio": ""
            },
            {
                "nomeBeneficio": "20.06.2023        PARCELA DE IPI                                     18.121,59C"
            },
            {
                "nomeBeneficio": "                  PARCELA DE IR                                     312.361,56C"
            },
            {
                "nomeBeneficio": "                  RETENCAO PASEP                                      3.304,82D"
            },
            {
                "nomeBeneficio": "                  DEDUCAO SAUDE                                      38.997,00D"
            },
            {
                "nomeBeneficio": "                  DEDUCAO FUNDEB                                     66.096,62D"
            },
            {
                "nomeBeneficio": "                  TOTAL NA DATA                                     222.084,71C"
            },
            {
                "nomeBeneficio": ""
            },
            {
                "nomeBeneficio": "30.06.2023        PARCELA DE IPI                                     16.263,04C"
            },
            {
                "nomeBeneficio": "                  PARCELA DE IR                                     384.035,61C"
            },
            {
                "nomeBeneficio": "                  RETENCAO PASEP                                      4.002,98D"
            },
            {
                "nomeBeneficio": "                  DEDUCAO SAUDE                                      47.235,23D"
            },
            {
                "nomeBeneficio": "                  DEDUCAO FUNDEB                                     80.059,72D"
            },
            {
                "nomeBeneficio": "                  TOTAL NA DATA                                     269.000,72C"
            },
            {
                "nomeBeneficio": ""
            },
            {
                "nomeBeneficio": "TOTAL POR PARCELA / NATUREZA"
            },
            {
                "nomeBeneficio": ""
            },
            {
                "nomeBeneficio": "                  PARCELA DE IPI                                    106.539,25C"
            },
            {
                "nomeBeneficio": "                  PARCELA DE IR                                   1.196.376,08C"
            },
            {
                "nomeBeneficio": "                  RETENCAO PASEP                                     13.029,12D"
            },
            {
                "nomeBeneficio": "                  RFB-PREV-PARC60                                    29.809,41D"
            },
            {
                "nomeBeneficio": "                  RFB-RET DARF                                       27.495,86D"
            },
            {
                "nomeBeneficio": "                  DEDUCAO SAUDE                                     153.743,98D"
            },
            {
                "nomeBeneficio": "                  DEDUCAO FUNDEB                                    260.583,04D"
            },
            {
                "nomeBeneficio": ""
            },
            {
                "nomeBeneficio": "                  DEBITO FUNDO                                      484.661,41D"
            },
            {
                "nomeBeneficio": "                  CREDITO FUNDO                                   1.302.915,33C"
            },
            {
                "nomeBeneficio": ""
            },
            {
                "nomeBeneficio": "TOTAL DISTRIBUIDO NO PERIODO"
            },
            {
                "nomeBeneficio": ""
            },
            {
                "nomeBeneficio": "                  DEBITO BENEF.                                     484.661,41D"
            },
            {
                "nomeBeneficio": "                  CREDITO BENEF.                                  1.302.915,33C"
            }
        ]
    },
    "July": {
        "quantidadeBeneficio": 51,
        "indicadorContinuarPesquisa": "N",
        "quantidadeOcorrencia": [
            {
                "nomeBeneficio": "CORDEIROS                                         -BA"
            },
            {
                "nomeBeneficio": ""
            },
            {
                "nomeBeneficio": "FPM   - FUNDO DE PARTICIPACAO DOS MUNICIPIOS"
            },
            {
                "nomeBeneficio": "DATA                PARCELA                                   VALOR DISTRIBUIDO"
            },
            {
                "nomeBeneficio": ""
            },
            {
                "nomeBeneficio": "10.07.2023        PARCELA DE IPI                                    118.433,44C"
            },
            {
                "nomeBeneficio": "                  PARCELA DE IR                                     959.245,69C"
            },
            {
                "nomeBeneficio": "                  AJ DED FUNDEB                                       4.495,56C"
            },
            {
                "nomeBeneficio": "                  AJ DED PASEP                                          224,77C"
            },
            {
                "nomeBeneficio": "                  RETENCAO PASEP                                     10.776,77D"
            },
            {
                "nomeBeneficio": "                  RFB-PREV-PARC60                                    29.809,41D"
            },
            {
                "nomeBeneficio": "                  RFB-RET DARF                                       62.317,32D"
            },
            {
                "nomeBeneficio": "                  DEDUCAO SAUDE                                      48.813,47D"
            },
            {
                "nomeBeneficio": "                  DEDUCAO FUNDEB                                     82.734,71D"
            },
            {
                "nomeBeneficio": "                  AJUSTE FPM                                         22.477,93D"
            },
            {
                "nomeBeneficio": "                  TOTAL NA DATA                                     825.469,85C"
            },
            {
                "nomeBeneficio": ""
            },
            {
                "nomeBeneficio": "20.07.2023        PARCELA DE IPI                                     18.210,38C"
            },
            {
                "nomeBeneficio": "                  PARCELA DE IR                                     128.576,67C"
            },
            {
                "nomeBeneficio": "                  RETENCAO PASEP                                      1.467,86D"
            },
            {
                "nomeBeneficio": "                  DEDUCAO SAUDE                                      17.320,86D"
            },
            {
                "nomeBeneficio": "                  DEDUCAO FUNDEB                                     29.357,40D"
            },
            {
                "nomeBeneficio": "                  TOTAL NA DATA                                      98.640,93C"
            },
            {
                "nomeBeneficio": ""
            },
            {
                "nomeBeneficio": "28.07.2023        PARCELA DE IPI                                      9.113,38C"
            },
            {
                "nomeBeneficio": "                  PARCELA DE IR                                     392.302,78C"
            },
            {
                "nomeBeneficio": "                  RETENCAO PASEP                                      4.014,15D"
            },
            {
                "nomeBeneficio": "                  DEDUCAO SAUDE                                      47.367,09D"
            },
            {
                "nomeBeneficio": "                  DEDUCAO FUNDEB                                     80.283,22D"
            },
            {
                "nomeBeneficio": "                  TOTAL NA DATA                                     269.751,70C"
            },
            {
                "nomeBeneficio": ""
            },
            {
                "nomeBeneficio": "TOTAL POR PARCELA / NATUREZA"
            },
            {
                "nomeBeneficio": ""
            },
            {
                "nomeBeneficio": "                  PARCELA DE IPI                                    145.757,20C"
            },
            {
                "nomeBeneficio": "                  PARCELA DE IR                                   1.480.125,14C"
            },
            {
                "nomeBeneficio": "                  RETENCAO PASEP                                     16.258,78D"
            },
            {
                "nomeBeneficio": "                  RFB-PREV-PARC60                                    29.809,41D"
            },
            {
                "nomeBeneficio": "                  RFB-RET DARF                                       62.317,32D"
            },
            {
                "nomeBeneficio": "                  DEDUCAO SAUDE                                     113.501,42D"
            },
            {
                "nomeBeneficio": "                  DEDUCAO FUNDEB                                    192.375,33D"
            },
            {
                "nomeBeneficio": "                  AJ DED FUNDEB                                       4.495,56C"
            },
            {
                "nomeBeneficio": "                  AJ DED PASEP                                          224,77C"
            },
            {
                "nomeBeneficio": "                  AJUSTE FPM                                         22.477,93D"
            },
            {
                "nomeBeneficio": ""
            },
            {
                "nomeBeneficio": "                  DEBITO FUNDO                                      436.740,19D"
            },
            {
                "nomeBeneficio": "                  CREDITO FUNDO                                   1.630.602,67C"
            },
            {
                "nomeBeneficio": ""
            },
            {
                "nomeBeneficio": "TOTAL DISTRIBUIDO NO PERIODO"
            },
            {
                "nomeBeneficio": ""
            },
            {
                "nomeBeneficio": "                  DEBITO BENEF.                                     436.740,19D"
            },
            {
                "nomeBeneficio": "                  CREDITO BENEF.                                  1.630.602,67C"
            }
        ]
    },
    "August": {
        "quantidadeBeneficio": 45,
        "indicadorContinuarPesquisa": "N",
        "quantidadeOcorrencia": [
            {
                "nomeBeneficio": "CORDEIROS                                         -BA"
            },
            {
                "nomeBeneficio": ""
            },
            {
                "nomeBeneficio": "FPM   - FUNDO DE PARTICIPACAO DOS MUNICIPIOS"
            },
            {
                "nomeBeneficio": "DATA                PARCELA                                   VALOR DISTRIBUIDO"
            },
            {
                "nomeBeneficio": ""
            },
            {
                "nomeBeneficio": "10.08.2023        PARCELA DE IPI                                     61.820,61C"
            },
            {
                "nomeBeneficio": "                  PARCELA DE IR                                     567.191,91C"
            },
            {
                "nomeBeneficio": "                  RETENCAO PASEP                                      6.290,11D"
            },
            {
                "nomeBeneficio": "                  RFB-PREV-PARC60                                    29.809,41D"
            },
            {
                "nomeBeneficio": "                  RFB-RET DARF                                       62.317,32D"
            },
            {
                "nomeBeneficio": "                  DEDUCAO SAUDE                                      74.223,47D"
            },
            {
                "nomeBeneficio": "                  DEDUCAO FUNDEB                                    125.802,50D"
            },
            {
                "nomeBeneficio": "                  TOTAL NA DATA                                     330.569,71C"
            },
            {
                "nomeBeneficio": ""
            },
            {
                "nomeBeneficio": "18.08.2023        PARCELA DE IPI                                     14.868,89C"
            },
            {
                "nomeBeneficio": "                  PARCELA DE IR                                     128.694,38C"
            },
            {
                "nomeBeneficio": "                  RETENCAO PASEP                                      1.435,62D"
            },
            {
                "nomeBeneficio": "                  DEDUCAO SAUDE                                      16.940,45D"
            },
            {
                "nomeBeneficio": "                  DEDUCAO FUNDEB                                     28.712,64D"
            },
            {
                "nomeBeneficio": "                  TOTAL NA DATA                                      96.474,56C"
            },
            {
                "nomeBeneficio": ""
            },
            {
                "nomeBeneficio": "30.08.2023        PARCELA DE IPI                                      8.638,67C"
            },
            {
                "nomeBeneficio": "                  PARCELA DE IR                                     323.644,82C"
            },
            {
                "nomeBeneficio": "                  RETENCAO PASEP                                      3.322,82D"
            },
            {
                "nomeBeneficio": "                  DEDUCAO SAUDE                                      39.209,44D"
            },
            {
                "nomeBeneficio": "                  DEDUCAO FUNDEB                                     66.456,69D"
            },
            {
                "nomeBeneficio": "                  TOTAL NA DATA                                     223.294,54C"
            },
            {
                "nomeBeneficio": ""
            },
            {
                "nomeBeneficio": "TOTAL POR PARCELA / NATUREZA"
            },
            {
                "nomeBeneficio": ""
            },
            {
                "nomeBeneficio": "                  PARCELA DE IPI                                     85.328,17C"
            },
            {
                "nomeBeneficio": "                  PARCELA DE IR                                   1.019.531,11C"
            },
            {
                "nomeBeneficio": "                  RETENCAO PASEP                                     11.048,55D"
            },
            {
                "nomeBeneficio": "                  RFB-PREV-PARC60                                    29.809,41D"
            },
            {
                "nomeBeneficio": "                  RFB-RET DARF                                       62.317,32D"
            },
            {
                "nomeBeneficio": "                  DEDUCAO SAUDE                                     130.373,36D"
            },
            {
                "nomeBeneficio": "                  DEDUCAO FUNDEB                                    220.971,83D"
            },
            {
                "nomeBeneficio": ""
            },
            {
                "nomeBeneficio": "                  DEBITO FUNDO                                      454.520,47D"
            },
            {
                "nomeBeneficio": "                  CREDITO FUNDO                                   1.104.859,28C"
            },
            {
                "nomeBeneficio": ""
            },
            {
                "nomeBeneficio": "TOTAL DISTRIBUIDO NO PERIODO"
            },
            {
                "nomeBeneficio": ""
            },
            {
                "nomeBeneficio": "                  DEBITO BENEF.                                     454.520,47D"
            },
            {
                "nomeBeneficio": "                  CREDITO BENEF.                                  1.104.859,28C"
            }
        ]
    },
    "September": {
        "quantidadeBeneficio": 45,
        "indicadorContinuarPesquisa": "N",
        "quantidadeOcorrencia": [
            {
                "nomeBeneficio": "CORDEIROS                                         -BA"
            },
            {
                "nomeBeneficio": ""
            },
            {
                "nomeBeneficio": "FPM   - FUNDO DE PARTICIPACAO DOS MUNICIPIOS"
            },
            {
                "nomeBeneficio": "DATA                PARCELA                                   VALOR DISTRIBUIDO"
            },
            {
                "nomeBeneficio": ""
            },
            {
                "nomeBeneficio": "08.09.2023        PARCELA DE IPI                                     84.018,08C"
            },
            {
                "nomeBeneficio": "                  PARCELA DE IR                                     486.890,22C"
            },
            {
                "nomeBeneficio": "                  RETENCAO PASEP                                      5.709,07D"
            },
            {
                "nomeBeneficio": "                  RFB-PREV-PARC60                                    29.809,41D"
            },
            {
                "nomeBeneficio": "                  RFB-RET DARF                                       62.317,32D"
            },
            {
                "nomeBeneficio": "                  DEDUCAO SAUDE                                      47.973,37D"
            },
            {
                "nomeBeneficio": "                  DEDUCAO FUNDEB                                     81.310,81D"
            },
            {
                "nomeBeneficio": "                  TOTAL NA DATA                                     343.788,32C"
            },
            {
                "nomeBeneficio": ""
            },
            {
                "nomeBeneficio": "20.09.2023        PARCELA DE IPI                                     11.243,73C"
            },
            {
                "nomeBeneficio": "                  PARCELA DE IR                                      92.981,89C"
            },
            {
                "nomeBeneficio": "                  RETENCAO PASEP                                      1.042,24D"
            },
            {
                "nomeBeneficio": "                  DEDUCAO SAUDE                                      12.298,62D"
            },
            {
                "nomeBeneficio": "                  DEDUCAO FUNDEB                                     20.845,11D"
            },
            {
                "nomeBeneficio": "                  TOTAL NA DATA                                      70.039,65C"
            },
            {
                "nomeBeneficio": ""
            },
            {
                "nomeBeneficio": "29.09.2023        PARCELA DE IPI                                     27.884,80C"
            },
            {
                "nomeBeneficio": "                  PARCELA DE IR                                     423.273,38C"
            },
            {
                "nomeBeneficio": "                  RETENCAO PASEP                                      4.511,57D"
            },
            {
                "nomeBeneficio": "                  DEDUCAO SAUDE                                      53.236,65D"
            },
            {
                "nomeBeneficio": "                  DEDUCAO FUNDEB                                     90.231,63D"
            },
            {
                "nomeBeneficio": "                  TOTAL NA DATA                                     303.178,33C"
            },
            {
                "nomeBeneficio": ""
            },
            {
                "nomeBeneficio": "TOTAL POR PARCELA / NATUREZA"
            },
            {
                "nomeBeneficio": ""
            },
            {
                "nomeBeneficio": "                  PARCELA DE IPI                                    123.146,61C"
            },
            {
                "nomeBeneficio": "                  PARCELA DE IR                                   1.003.145,49C"
            },
            {
                "nomeBeneficio": "                  RETENCAO PASEP                                     11.262,88D"
            },
            {
                "nomeBeneficio": "                  RFB-PREV-PARC60                                    29.809,41D"
            },
            {
                "nomeBeneficio": "                  RFB-RET DARF                                       62.317,32D"
            },
            {
                "nomeBeneficio": "                  DEDUCAO SAUDE                                     113.508,64D"
            },
            {
                "nomeBeneficio": "                  DEDUCAO FUNDEB                                    192.387,55D"
            },
            {
                "nomeBeneficio": ""
            },
            {
                "nomeBeneficio": "                  DEBITO FUNDO                                      409.285,80D"
            },
            {
                "nomeBeneficio": "                  CREDITO FUNDO                                   1.126.292,10C"
            },
            {
                "nomeBeneficio": ""
            },
            {
                "nomeBeneficio": "TOTAL DISTRIBUIDO NO PERIODO"
            },
            {
                "nomeBeneficio": ""
            },
            {
                "nomeBeneficio": "                  DEBITO BENEF.                                     409.285,80D"
            },
            {
                "nomeBeneficio": "                  CREDITO BENEF.                                  1.126.292,10C"
            }
        ]
    },
    "October": {
        "quantidadeBeneficio": 45,
        "indicadorContinuarPesquisa": "N",
        "quantidadeOcorrencia": [
            {
                "nomeBeneficio": "CORDEIROS                                         -BA"
            },
            {
                "nomeBeneficio": ""
            },
            {
                "nomeBeneficio": "FPM   - FUNDO DE PARTICIPACAO DOS MUNICIPIOS"
            },
            {
                "nomeBeneficio": "DATA                PARCELA                                   VALOR DISTRIBUIDO"
            },
            {
                "nomeBeneficio": ""
            },
            {
                "nomeBeneficio": "10.10.2023        PARCELA DE IPI                                     71.386,82C"
            },
            {
                "nomeBeneficio": "                  PARCELA DE IR                                     384.634,96C"
            },
            {
                "nomeBeneficio": "                  RETENCAO PASEP                                      4.560,20D"
            },
            {
                "nomeBeneficio": "                  RFB-PREV-PARC60                                    29.809,41D"
            },
            {
                "nomeBeneficio": "                  RFB-RET DARF                                       62.317,32D"
            },
            {
                "nomeBeneficio": "                  DEDUCAO SAUDE                                      53.810,56D"
            },
            {
                "nomeBeneficio": "                  DEDUCAO FUNDEB                                     91.204,35D"
            },
            {
                "nomeBeneficio": "                  TOTAL NA DATA                                     214.319,94C"
            },
            {
                "nomeBeneficio": ""
            },
            {
                "nomeBeneficio": "20.10.2023        PARCELA DE IPI                                     32.596,22C"
            },
            {
                "nomeBeneficio": "                  PARCELA DE IR                                     144.024,90C"
            },
            {
                "nomeBeneficio": "                  RETENCAO PASEP                                      1.766,20D"
            },
            {
                "nomeBeneficio": "                  DEDUCAO SAUDE                                      20.841,28D"
            },
            {
                "nomeBeneficio": "                  DEDUCAO FUNDEB                                     35.324,22D"
            },
            {
                "nomeBeneficio": "                  TOTAL NA DATA                                     118.689,42C"
            },
            {
                "nomeBeneficio": ""
            },
            {
                "nomeBeneficio": "30.10.2023        PARCELA DE IPI                                     19.555,58C"
            },
            {
                "nomeBeneficio": "                  PARCELA DE IR                                     393.859,44C"
            },
            {
                "nomeBeneficio": "                  RETENCAO PASEP                                      4.134,14D"
            },
            {
                "nomeBeneficio": "                  DEDUCAO SAUDE                                      48.782,96D"
            },
            {
                "nomeBeneficio": "                  DEDUCAO FUNDEB                                     82.682,99D"
            },
            {
                "nomeBeneficio": "                  TOTAL NA DATA                                     277.814,93C"
            },
            {
                "nomeBeneficio": ""
            },
            {
                "nomeBeneficio": "TOTAL POR PARCELA / NATUREZA"
            },
            {
                "nomeBeneficio": ""
            },
            {
                "nomeBeneficio": "                  PARCELA DE IPI                                    123.538,62C"
            },
            {
                "nomeBeneficio": "                  PARCELA DE IR                                     922.519,30C"
            },
            {
                "nomeBeneficio": "                  RETENCAO PASEP                                     10.460,54D"
            },
            {
                "nomeBeneficio": "                  RFB-PREV-PARC60                                    29.809,41D"
            },
            {
                "nomeBeneficio": "                  RFB-RET DARF                                       62.317,32D"
            },
            {
                "nomeBeneficio": "                  DEDUCAO SAUDE                                     123.434,80D"
            },
            {
                "nomeBeneficio": "                  DEDUCAO FUNDEB                                    209.211,56D"
            },
            {
                "nomeBeneficio": ""
            },
            {
                "nomeBeneficio": "                  DEBITO FUNDO                                      435.233,63D"
            },
            {
                "nomeBeneficio": "                  CREDITO FUNDO                                   1.046.057,92C"
            },
            {
                "nomeBeneficio": ""
            },
            {
                "nomeBeneficio": "TOTAL DISTRIBUIDO NO PERIODO"
            },
            {
                "nomeBeneficio": ""
            },
            {
                "nomeBeneficio": "                  DEBITO BENEF.                                     435.233,63D"
            },
            {
                "nomeBeneficio": "                  CREDITO BENEF.                                  1.046.057,92C"
            }
        ]
    },
    "November": {
        "quantidadeBeneficio": 45,
        "indicadorContinuarPesquisa": "N",
        "quantidadeOcorrencia": [
            {
                "nomeBeneficio": "CORDEIROS                                         -BA"
            },
            {
                "nomeBeneficio": ""
            },
            {
                "nomeBeneficio": "FPM   - FUNDO DE PARTICIPACAO DOS MUNICIPIOS"
            },
            {
                "nomeBeneficio": "DATA                PARCELA                                   VALOR DISTRIBUIDO"
            },
            {
                "nomeBeneficio": ""
            },
            {
                "nomeBeneficio": "10.11.2023        PARCELA DE IPI                                     59.731,00C"
            },
            {
                "nomeBeneficio": "                  PARCELA DE IR                                     748.747,65C"
            },
            {
                "nomeBeneficio": "                  RETENCAO PASEP                                      8.084,78D"
            },
            {
                "nomeBeneficio": "                  RFB-PREV-PARC60                                    29.809,41D"
            },
            {
                "nomeBeneficio": "                  RFB-RET DARF                                       62.317,32D"
            },
            {
                "nomeBeneficio": "                  DEDUCAO SAUDE                                      95.400,47D"
            },
            {
                "nomeBeneficio": "                  DEDUCAO FUNDEB                                    161.695,73D"
            },
            {
                "nomeBeneficio": "                  TOTAL NA DATA                                     451.170,94C"
            },
            {
                "nomeBeneficio": ""
            },
            {
                "nomeBeneficio": "20.11.2023        PARCELA DE IPI                                     21.081,02C"
            },
            {
                "nomeBeneficio": "                  PARCELA DE IR                                     154.304,04C"
            },
            {
                "nomeBeneficio": "                  RETENCAO PASEP                                      1.753,85D"
            },
            {
                "nomeBeneficio": "                  DEDUCAO SAUDE                                      20.695,43D"
            },
            {
                "nomeBeneficio": "                  DEDUCAO FUNDEB                                     35.077,00D"
            },
            {
                "nomeBeneficio": "                  TOTAL NA DATA                                     117.858,78C"
            },
            {
                "nomeBeneficio": ""
            },
            {
                "nomeBeneficio": "30.11.2023        PARCELA DE IPI                                     20.412,46C"
            },
            {
                "nomeBeneficio": "                  PARCELA DE IR                                     352.946,80C"
            },
            {
                "nomeBeneficio": "                  RETENCAO PASEP                                      3.733,58D"
            },
            {
                "nomeBeneficio": "                  DEDUCAO SAUDE                                      44.056,39D"
            },
            {
                "nomeBeneficio": "                  DEDUCAO FUNDEB                                     74.671,85D"
            },
            {
                "nomeBeneficio": "                  TOTAL NA DATA                                     250.897,44C"
            },
            {
                "nomeBeneficio": ""
            },
            {
                "nomeBeneficio": "TOTAL POR PARCELA / NATUREZA"
            },
            {
                "nomeBeneficio": ""
            },
            {
                "nomeBeneficio": "                  PARCELA DE IPI                                    101.224,48C"
            },
            {
                "nomeBeneficio": "                  PARCELA DE IR                                   1.255.998,49C"
            },
            {
                "nomeBeneficio": "                  RETENCAO PASEP                                     13.572,21D"
            },
            {
                "nomeBeneficio": "                  RFB-PREV-PARC60                                    29.809,41D"
            },
            {
                "nomeBeneficio": "                  RFB-RET DARF                                       62.317,32D"
            },
            {
                "nomeBeneficio": "                  DEDUCAO SAUDE                                     160.152,29D"
            },
            {
                "nomeBeneficio": "                  DEDUCAO FUNDEB                                    271.444,58D"
            },
            {
                "nomeBeneficio": ""
            },
            {
                "nomeBeneficio": "                  DEBITO FUNDO                                      537.295,81D"
            },
            {
                "nomeBeneficio": "                  CREDITO FUNDO                                   1.357.222,97C"
            },
            {
                "nomeBeneficio": ""
            },
            {
                "nomeBeneficio": "TOTAL DISTRIBUIDO NO PERIODO"
            },
            {
                "nomeBeneficio": ""
            },
            {
                "nomeBeneficio": "                  DEBITO BENEF.                                     537.295,81D"
            },
            {
                "nomeBeneficio": "                  CREDITO BENEF.                                  1.357.222,97C"
            }
        ]
    },
    "December": {
        "quantidadeBeneficio": 50,
        "indicadorContinuarPesquisa": "N",
        "quantidadeOcorrencia": [
            {
                "nomeBeneficio": "CORDEIROS                                         -BA"
            },
            {
                "nomeBeneficio": ""
            },
            {
                "nomeBeneficio": "FPM   - FUNDO DE PARTICIPACAO DOS MUNICIPIOS"
            },
            {
                "nomeBeneficio": "DATA                PARCELA                                   VALOR DISTRIBUIDO"
            },
            {
                "nomeBeneficio": ""
            },
            {
                "nomeBeneficio": "07.12.2023        PARCELA DE IPI                                     51.499,94C"
            },
            {
                "nomeBeneficio": "                  PARCELA DE IR                                     610.563,58C"
            },
            {
                "nomeBeneficio": "                  RETENCAO PASEP                                      6.620,62D"
            },
            {
                "nomeBeneficio": "                  TOTAL NA DATA                                     655.442,90C"
            },
            {
                "nomeBeneficio": ""
            },
            {
                "nomeBeneficio": "08.12.2023        PARCELA DE IPI                                     58.415,91C"
            },
            {
                "nomeBeneficio": "                  PARCELA DE IR                                     525.253,50C"
            },
            {
                "nomeBeneficio": "                  RETENCAO PASEP                                      5.836,68D"
            },
            {
                "nomeBeneficio": "                  RFB-PREV-PARC60                                    29.809,41D"
            },
            {
                "nomeBeneficio": "                  RFB-RET DARF                                       87.967,45D"
            },
            {
                "nomeBeneficio": "                  DEDUCAO SAUDE                                      68.872,98D"
            },
            {
                "nomeBeneficio": "                  DEDUCAO FUNDEB                                    116.733,88D"
            },
            {
                "nomeBeneficio": "                  TOTAL NA DATA                                     274.449,01C"
            },
            {
                "nomeBeneficio": ""
            },
            {
                "nomeBeneficio": "20.12.2023        PARCELA DE IPI                                     27.651,14C"
            },
            {
                "nomeBeneficio": "                  PARCELA DE IR                                     374.113,33C"
            },
            {
                "nomeBeneficio": "                  RETENCAO PASEP                                      4.017,64D"
            },
            {
                "nomeBeneficio": "                  DEDUCAO SAUDE                                      47.408,20D"
            },
            {
                "nomeBeneficio": "                  DEDUCAO FUNDEB                                     80.352,88D"
            },
            {
                "nomeBeneficio": "                  TOTAL NA DATA                                     269.985,75C"
            },
            {
                "nomeBeneficio": ""
            },
            {
                "nomeBeneficio": "28.12.2023        PARCELA DE IPI                                     24.135,11C"
            },
            {
                "nomeBeneficio": "                  PARCELA DE IR                                     483.732,81C"
            },
            {
                "nomeBeneficio": "                  RETENCAO PASEP                                      5.078,67D"
            },
            {
                "nomeBeneficio": "                  DEDUCAO SAUDE                                      59.928,41D"
            },
            {
                "nomeBeneficio": "                  DEDUCAO FUNDEB                                    101.573,58D"
            },
            {
                "nomeBeneficio": "                  TOTAL NA DATA                                     341.287,26C"
            },
            {
                "nomeBeneficio": ""
            },
            {
                "nomeBeneficio": "TOTAL POR PARCELA / NATUREZA"
            },
            {
                "nomeBeneficio": ""
            },
            {
                "nomeBeneficio": "                  PARCELA DE IPI                                    161.702,10C"
            },
            {
                "nomeBeneficio": "                  PARCELA DE IR                                   1.993.663,22C"
            },
            {
                "nomeBeneficio": "                  RETENCAO PASEP                                     21.553,61D"
            },
            {
                "nomeBeneficio": "                  RFB-PREV-PARC60                                    29.809,41D"
            },
            {
                "nomeBeneficio": "                  RFB-RET DARF                                       87.967,45D"
            },
            {
                "nomeBeneficio": "                  DEDUCAO SAUDE                                     176.209,59D"
            },
            {
                "nomeBeneficio": "                  DEDUCAO FUNDEB                                    298.660,34D"
            },
            {
                "nomeBeneficio": ""
            },
            {
                "nomeBeneficio": "                  DEBITO FUNDO                                      614.200,40D"
            },
            {
                "nomeBeneficio": "                  CREDITO FUNDO                                   2.155.365,32C"
            },
            {
                "nomeBeneficio": ""
            },
            {
                "nomeBeneficio": "TOTAL DISTRIBUIDO NO PERIODO"
            },
            {
                "nomeBeneficio": ""
            },
            {
                "nomeBeneficio": "                  DEBITO BENEF.                                     614.200,40D"
            },
            {
                "nomeBeneficio": "                  CREDITO BENEF.                                  2.155.365,32C"
            }
        ]
    }
}