{
    "January": {
        "quantidadeBeneficio": 45,
        "indicadorContinuarPesquisa": "N",
        "quantidadeOcorrencia": [
            {
                "nomeBeneficio": "SAO MIGUEL DAS MATAS                              -BA"
            },
            {
                "nomeBeneficio": ""
            },
            {
                "nomeBeneficio": "FPM   - FUNDO DE PARTICIPACAO DOS MUNICIPIOS"
            },
            {
                "nomeBeneficio": "DATA                PARCELA                                   VALOR DISTRIBUIDO"
            },
            {
                "nomeBeneficio": ""
            },
            {
                "nomeBeneficio": "10.01.2023        PARCELA DE IPI                                     78.235,63C"
            },
            {
                "nomeBeneficio": "                  PARCELA DE IR                                     720.901,59C"
            },
            {
                "nomeBeneficio": "                  RETENCAO PASEP                                      7.991,36D"
            },
            {
                "nomeBeneficio": "                  RFB-PREV-PARC60                                    29.957,29D"
            },
            {
                "nomeBeneficio": "                  DEDUCAO SAUDE                                      94.298,18D"
            },
            {
                "nomeBeneficio": "                  DEDUCAO FUNDEB                                    159.827,43D"
            },
            {
                "nomeBeneficio": "                  TOTAL NA DATA                                     507.062,96C"
            },
            {
                "nomeBeneficio": ""
            },
            {
                "nomeBeneficio": "20.01.2023        PARCELA DE IPI                                     38.749,78C"
            },
            {
                "nomeBeneficio": "                  PARCELA DE IR                                     269.217,98C"
            },
            {
                "nomeBeneficio": "                  RETENCAO PASEP                                      3.079,66D"
            },
            {
                "nomeBeneficio": "                  DEDUCAO SAUDE                                      36.340,19D"
            },
            {
                "nomeBeneficio": "                  DEDUCAO FUNDEB                                     61.593,54D"
            },
            {
                "nomeBeneficio": "                  TOTAL NA DATA                                     206.954,37C"
            },
            {
                "nomeBeneficio": ""
            },
            {
                "nomeBeneficio": "30.01.2023        PARCELA DE IPI                                     20.615,43C"
            },
            {
                "nomeBeneficio": "                  PARCELA DE IR                                     679.898,56C"
            },
            {
                "nomeBeneficio": "                  RETENCAO PASEP                                      7.005,13D"
            },
            {
                "nomeBeneficio": "                  RFB-RET DARF                                       25.041,65D"
            },
            {
                "nomeBeneficio": "                  DEDUCAO SAUDE                                      82.660,65D"
            },
            {
                "nomeBeneficio": "                  DEDUCAO FUNDEB                                    140.102,79D"
            },
            {
                "nomeBeneficio": "                  TOTAL NA DATA                                     445.703,77C"
            },
            {
                "nomeBeneficio": ""
            },
            {
                "nomeBeneficio": "TOTAL POR PARCELA / NATUREZA"
            },
            {
                "nomeBeneficio": ""
            },
            {
                "nomeBeneficio": "                  PARCELA DE IPI                                    137.600,84C"
            },
            {
                "nomeBeneficio": "                  PARCELA DE IR                                   1.670.018,13C"
            },
            {
                "nomeBeneficio": "                  RETENCAO PASEP                                     18.076,15D"
            },
            {
                "nomeBeneficio": "                  RFB-PREV-PARC60                                    29.957,29D"
            },
            {
                "nomeBeneficio": "                  RFB-RET DARF                                       25.041,65D"
            },
            {
                "nomeBeneficio": "                  DEDUCAO SAUDE                                     213.299,02D"
            },
            {
                "nomeBeneficio": "                  DEDUCAO FUNDEB                                    361.523,76D"
            },
            {
                "nomeBeneficio": ""
            },
            {
                "nomeBeneficio": "                  DEBITO FUNDO                                      647.897,87D"
            },
            {
                "nomeBeneficio": "                  CREDITO FUNDO                                   1.807.618,97C"
            },
            {
                "nomeBeneficio": ""
            },
            {
                "nomeBeneficio": "TOTAL DISTRIBUIDO NO PERIODO"
            },
            {
                "nomeBeneficio": ""
            },
            {
                "nomeBeneficio": "                  DEBITO BENEF.                                     647.897,87D"
            },
            {
                "nomeBeneficio": "                  CREDITO BENEF.                                  1.807.618,97C"
            }
        ]
    },
    "February": {
        "quantidadeBeneficio": 45,
        "indicadorContinuarPesquisa": "N",
        "quantidadeOcorrencia": [
            {
                "nomeBeneficio": "SAO MIGUEL DAS MATAS                              -BA"
            },
            {
                "nomeBeneficio": ""
            },
            {
                "nomeBeneficio": "FPM   - FUNDO DE PARTICIPACAO DOS MUNICIPIOS"
            },
            {
                "nomeBeneficio": "DATA                PARCELA                                   VALOR DISTRIBUIDO"
            },
            {
                "nomeBeneficio": ""
            },
            {
                "nomeBeneficio": "10.02.2023        PARCELA DE IPI                                     72.898,66C"
            },
            {
                "nomeBeneficio": "                  PARCELA DE IR                                   1.719.080,54C"
            },
            {
                "nomeBeneficio": "                  RETENCAO PASEP                                     17.919,78D"
            },
            {
                "nomeBeneficio": "                  RFB-PREV-PARC60                                    29.957,29D"
            },
            {
                "nomeBeneficio": "                  DEDUCAO SAUDE                                     211.453,54D"
            },
            {
                "nomeBeneficio": "                  DEDUCAO FUNDEB                                    358.395,83D"
            },
            {
                "nomeBeneficio": "                  TOTAL NA DATA                                   1.174.252,76C"
            },
            {
                "nomeBeneficio": ""
            },
            {
                "nomeBeneficio": "17.02.2023        PARCELA DE IPI                                     13.248,20C"
            },
            {
                "nomeBeneficio": "                  PARCELA DE IR                                     159.257,23C"
            },
            {
                "nomeBeneficio": "                  RETENCAO PASEP                                      1.725,05D"
            },
            {
                "nomeBeneficio": "                  DEDUCAO SAUDE                                      20.355,63D"
            },
            {
                "nomeBeneficio": "                  DEDUCAO FUNDEB                                     34.501,08D"
            },
            {
                "nomeBeneficio": "                  TOTAL NA DATA                                     115.923,67C"
            },
            {
                "nomeBeneficio": ""
            },
            {
                "nomeBeneficio": "28.02.2023        PARCELA DE IPI                                      9.735,56C"
            },
            {
                "nomeBeneficio": "                  PARCELA DE IR                                     418.013,01C"
            },
            {
                "nomeBeneficio": "                  RETENCAO PASEP                                      4.277,48D"
            },
            {
                "nomeBeneficio": "                  RFB-RET DARF                                       25.041,65D"
            },
            {
                "nomeBeneficio": "                  DEDUCAO SAUDE                                      50.474,32D"
            },
            {
                "nomeBeneficio": "                  DEDUCAO FUNDEB                                     85.549,71D"
            },
            {
                "nomeBeneficio": "                  TOTAL NA DATA                                     262.405,41C"
            },
            {
                "nomeBeneficio": ""
            },
            {
                "nomeBeneficio": "TOTAL POR PARCELA / NATUREZA"
            },
            {
                "nomeBeneficio": ""
            },
            {
                "nomeBeneficio": "                  PARCELA DE IPI                                     95.882,42C"
            },
            {
                "nomeBeneficio": "                  PARCELA DE IR                                   2.296.350,78C"
            },
            {
                "nomeBeneficio": "                  RETENCAO PASEP                                     23.922,31D"
            },
            {
                "nomeBeneficio": "                  RFB-PREV-PARC60                                    29.957,29D"
            },
            {
                "nomeBeneficio": "                  RFB-RET DARF                                       25.041,65D"
            },
            {
                "nomeBeneficio": "                  DEDUCAO SAUDE                                     282.283,49D"
            },
            {
                "nomeBeneficio": "                  DEDUCAO FUNDEB                                    478.446,62D"
            },
            {
                "nomeBeneficio": ""
            },
            {
                "nomeBeneficio": "                  DEBITO FUNDO                                      839.651,36D"
            },
            {
                "nomeBeneficio": "                  CREDITO FUNDO                                   2.392.233,20C"
            },
            {
                "nomeBeneficio": ""
            },
            {
                "nomeBeneficio": "TOTAL DISTRIBUIDO NO PERIODO"
            },
            {
                "nomeBeneficio": ""
            },
            {
                "nomeBeneficio": "                  DEBITO BENEF.                                     839.651,36D"
            },
            {
                "nomeBeneficio": "                  CREDITO BENEF.                                  2.392.233,20C"
            }
        ]
    },
    "March": {
        "quantidadeBeneficio": 45,
        "indicadorContinuarPesquisa": "N",
        "quantidadeOcorrencia": [
            {
                "nomeBeneficio": "SAO MIGUEL DAS MATAS                              -BA"
            },
            {
                "nomeBeneficio": ""
            },
            {
                "nomeBeneficio": "FPM   - FUNDO DE PARTICIPACAO DOS MUNICIPIOS"
            },
            {
                "nomeBeneficio": "DATA                PARCELA                                   VALOR DISTRIBUIDO"
            },
            {
                "nomeBeneficio": ""
            },
            {
                "nomeBeneficio": "10.03.2023        PARCELA DE IPI                                     82.223,75C"
            },
            {
                "nomeBeneficio": "                  PARCELA DE IR                                     667.989,30C"
            },
            {
                "nomeBeneficio": "                  RETENCAO PASEP                                      7.502,12D"
            },
            {
                "nomeBeneficio": "                  RFB-PREV-PARC60                                    29.957,29D"
            },
            {
                "nomeBeneficio": "                  DEDUCAO SAUDE                                      88.525,13D"
            },
            {
                "nomeBeneficio": "                  DEDUCAO FUNDEB                                    150.042,61D"
            },
            {
                "nomeBeneficio": "                  TOTAL NA DATA                                     474.185,90C"
            },
            {
                "nomeBeneficio": ""
            },
            {
                "nomeBeneficio": "20.03.2023        PARCELA DE IPI                                     16.527,55C"
            },
            {
                "nomeBeneficio": "                  PARCELA DE IR                                     148.847,19C"
            },
            {
                "nomeBeneficio": "                  RETENCAO PASEP                                      1.653,74D"
            },
            {
                "nomeBeneficio": "                  DEDUCAO SAUDE                                      19.514,21D"
            },
            {
                "nomeBeneficio": "                  DEDUCAO FUNDEB                                     33.074,94D"
            },
            {
                "nomeBeneficio": "                  TOTAL NA DATA                                     111.131,85C"
            },
            {
                "nomeBeneficio": ""
            },
            {
                "nomeBeneficio": "30.03.2023        PARCELA DE IPI                                     20.077,06C"
            },
            {
                "nomeBeneficio": "                  PARCELA DE IR                                     527.773,94C"
            },
            {
                "nomeBeneficio": "                  RETENCAO PASEP                                      5.478,50D"
            },
            {
                "nomeBeneficio": "                  RFB-RET DARF                                       25.041,65D"
            },
            {
                "nomeBeneficio": "                  DEDUCAO SAUDE                                      64.646,41D"
            },
            {
                "nomeBeneficio": "                  DEDUCAO FUNDEB                                    109.570,19D"
            },
            {
                "nomeBeneficio": "                  TOTAL NA DATA                                     343.114,25C"
            },
            {
                "nomeBeneficio": ""
            },
            {
                "nomeBeneficio": "TOTAL POR PARCELA / NATUREZA"
            },
            {
                "nomeBeneficio": ""
            },
            {
                "nomeBeneficio": "                  PARCELA DE IPI                                    118.828,36C"
            },
            {
                "nomeBeneficio": "                  PARCELA DE IR                                   1.344.610,43C"
            },
            {
                "nomeBeneficio": "                  RETENCAO PASEP                                     14.634,36D"
            },
            {
                "nomeBeneficio": "                  RFB-PREV-PARC60                                    29.957,29D"
            },
            {
                "nomeBeneficio": "                  RFB-RET DARF                                       25.041,65D"
            },
            {
                "nomeBeneficio": "                  DEDUCAO SAUDE                                     172.685,75D"
            },
            {
                "nomeBeneficio": "                  DEDUCAO FUNDEB                                    292.687,74D"
            },
            {
                "nomeBeneficio": ""
            },
            {
                "nomeBeneficio": "                  DEBITO FUNDO                                      535.006,79D"
            },
            {
                "nomeBeneficio": "                  CREDITO FUNDO                                   1.463.438,79C"
            },
            {
                "nomeBeneficio": ""
            },
            {
                "nomeBeneficio": "TOTAL DISTRIBUIDO NO PERIODO"
            },
            {
                "nomeBeneficio": ""
            },
            {
                "nomeBeneficio": "                  DEBITO BENEF.                                     535.006,79D"
            },
            {
                "nomeBeneficio": "                  CREDITO BENEF.                                  1.463.438,79C"
            }
        ]
    },
    "April": {
        "quantidadeBeneficio": 43,
        "indicadorContinuarPesquisa": "N",
        "quantidadeOcorrencia": [
            {
                "nomeBeneficio": "SAO MIGUEL DAS MATAS                              -BA"
            },
            {
                "nomeBeneficio": ""
            },
            {
                "nomeBeneficio": "FPM   - FUNDO DE PARTICIPACAO DOS MUNICIPIOS"
            },
            {
                "nomeBeneficio": "DATA                PARCELA                                   VALOR DISTRIBUIDO"
            },
            {
                "nomeBeneficio": ""
            },
            {
                "nomeBeneficio": "10.04.2023        PARCELA DE IPI                                     93.524,98C"
            },
            {
                "nomeBeneficio": "                  PARCELA DE IR                                     715.673,78C"
            },
            {
                "nomeBeneficio": "                  RETENCAO PASEP                                      8.091,97D"
            },
            {
                "nomeBeneficio": "                  RFB-PREV-PARC60                                    32.588,35D"
            },
            {
                "nomeBeneficio": "                  DEDUCAO SAUDE                                      95.485,44D"
            },
            {
                "nomeBeneficio": "                  DEDUCAO FUNDEB                                    161.839,74D"
            },
            {
                "nomeBeneficio": "                  TOTAL NA DATA                                     511.193,26C"
            },
            {
                "nomeBeneficio": ""
            },
            {
                "nomeBeneficio": "20.04.2023        PARCELA DE IPI                                     14.743,71C"
            },
            {
                "nomeBeneficio": "                  PARCELA DE IR                                     193.010,83C"
            },
            {
                "nomeBeneficio": "                  RETENCAO PASEP                                      2.077,53D"
            },
            {
                "nomeBeneficio": "                  DEDUCAO SAUDE                                      24.515,02D"
            },
            {
                "nomeBeneficio": "                  DEDUCAO FUNDEB                                     41.550,90D"
            },
            {
                "nomeBeneficio": "                  TOTAL NA DATA                                     139.611,09C"
            },
            {
                "nomeBeneficio": ""
            },
            {
                "nomeBeneficio": "28.04.2023        PARCELA DE IPI                                     18.410,87C"
            },
            {
                "nomeBeneficio": "                  PARCELA DE IR                                     637.803,06C"
            },
            {
                "nomeBeneficio": "                  RETENCAO PASEP                                      6.562,13D"
            },
            {
                "nomeBeneficio": "                  DEDUCAO SAUDE                                      77.433,24D"
            },
            {
                "nomeBeneficio": "                  DEDUCAO FUNDEB                                    131.242,78D"
            },
            {
                "nomeBeneficio": "                  TOTAL NA DATA                                     440.975,78C"
            },
            {
                "nomeBeneficio": ""
            },
            {
                "nomeBeneficio": "TOTAL POR PARCELA / NATUREZA"
            },
            {
                "nomeBeneficio": ""
            },
            {
                "nomeBeneficio": "                  PARCELA DE IPI                                    126.679,56C"
            },
            {
                "nomeBeneficio": "                  PARCELA DE IR                                   1.546.487,67C"
            },
            {
                "nomeBeneficio": "                  RETENCAO PASEP                                     16.731,63D"
            },
            {
                "nomeBeneficio": "                  RFB-PREV-PARC60                                    32.588,35D"
            },
            {
                "nomeBeneficio": "                  DEDUCAO SAUDE                                     197.433,70D"
            },
            {
                "nomeBeneficio": "                  DEDUCAO FUNDEB                                    334.633,42D"
            },
            {
                "nomeBeneficio": ""
            },
            {
                "nomeBeneficio": "                  DEBITO FUNDO                                      581.387,10D"
            },
            {
                "nomeBeneficio": "                  CREDITO FUNDO                                   1.673.167,23C"
            },
            {
                "nomeBeneficio": ""
            },
            {
                "nomeBeneficio": "TOTAL DISTRIBUIDO NO PERIODO"
            },
            {
                "nomeBeneficio": ""
            },
            {
                "nomeBeneficio": "                  DEBITO BENEF.                                     581.387,10D"
            },
            {
                "nomeBeneficio": "                  CREDITO BENEF.                                  1.673.167,23C"
            }
        ]
    },
    "May": {
        "quantidadeBeneficio": 45,
        "indicadorContinuarPesquisa": "N",
        "quantidadeOcorrencia": [
            {
                "nomeBeneficio": "SAO MIGUEL DAS MATAS                              -BA"
            },
            {
                "nomeBeneficio": ""
            },
            {
                "nomeBeneficio": "FPM   - FUNDO DE PARTICIPACAO DOS MUNICIPIOS"
            },
            {
                "nomeBeneficio": "DATA                PARCELA                                   VALOR DISTRIBUIDO"
            },
            {
                "nomeBeneficio": ""
            },
            {
                "nomeBeneficio": "10.05.2023        PARCELA DE IPI                                     77.977,85C"
            },
            {
                "nomeBeneficio": "                  PARCELA DE IR                                   1.017.505,44C"
            },
            {
                "nomeBeneficio": "                  RETENCAO PASEP                                     10.954,82D"
            },
            {
                "nomeBeneficio": "                  RFB-PREV-PARC60                                    32.588,35D"
            },
            {
                "nomeBeneficio": "                  DEDUCAO SAUDE                                     129.267,02D"
            },
            {
                "nomeBeneficio": "                  DEDUCAO FUNDEB                                    219.096,65D"
            },
            {
                "nomeBeneficio": "                  TOTAL NA DATA                                     703.576,45C"
            },
            {
                "nomeBeneficio": ""
            },
            {
                "nomeBeneficio": "19.05.2023        PARCELA DE IPI                                     22.057,98C"
            },
            {
                "nomeBeneficio": "                  PARCELA DE IR                                     194.377,63C"
            },
            {
                "nomeBeneficio": "                  RETENCAO PASEP                                      2.164,34D"
            },
            {
                "nomeBeneficio": "                  RFB-RET DARF                                       50.083,30D"
            },
            {
                "nomeBeneficio": "                  DEDUCAO SAUDE                                      25.539,40D"
            },
            {
                "nomeBeneficio": "                  DEDUCAO FUNDEB                                     43.287,11D"
            },
            {
                "nomeBeneficio": "                  TOTAL NA DATA                                      95.361,46C"
            },
            {
                "nomeBeneficio": ""
            },
            {
                "nomeBeneficio": "30.05.2023        PARCELA DE IPI                                     13.881,85C"
            },
            {
                "nomeBeneficio": "                  PARCELA DE IR                                     534.193,24C"
            },
            {
                "nomeBeneficio": "                  RETENCAO PASEP                                      5.480,74D"
            },
            {
                "nomeBeneficio": "                  DEDUCAO SAUDE                                      64.672,85D"
            },
            {
                "nomeBeneficio": "                  DEDUCAO FUNDEB                                    109.615,01D"
            },
            {
                "nomeBeneficio": "                  TOTAL NA DATA                                     368.306,49C"
            },
            {
                "nomeBeneficio": ""
            },
            {
                "nomeBeneficio": "TOTAL POR PARCELA / NATUREZA"
            },
            {
                "nomeBeneficio": ""
            },
            {
                "nomeBeneficio": "                  PARCELA DE IPI                                    113.917,68C"
            },
            {
                "nomeBeneficio": "                  PARCELA DE IR                                   1.746.076,31C"
            },
            {
                "nomeBeneficio": "                  RETENCAO PASEP                                     18.599,90D"
            },
            {
                "nomeBeneficio": "                  RFB-PREV-PARC60                                    32.588,35D"
            },
            {
                "nomeBeneficio": "                  RFB-RET DARF                                       50.083,30D"
            },
            {
                "nomeBeneficio": "                  DEDUCAO SAUDE                                     219.479,27D"
            },
            {
                "nomeBeneficio": "                  DEDUCAO FUNDEB                                    371.998,77D"
            },
            {
                "nomeBeneficio": ""
            },
            {
                "nomeBeneficio": "                  DEBITO FUNDO                                      692.749,59D"
            },
            {
                "nomeBeneficio": "                  CREDITO FUNDO                                   1.859.993,99C"
            },
            {
                "nomeBeneficio": ""
            },
            {
                "nomeBeneficio": "TOTAL DISTRIBUIDO NO PERIODO"
            },
            {
                "nomeBeneficio": ""
            },
            {
                "nomeBeneficio": "                  DEBITO BENEF.                                     692.749,59D"
            },
            {
                "nomeBeneficio": "                  CREDITO BENEF.                                  1.859.993,99C"
            }
        ]
    },
    "June": {
        "quantidadeBeneficio": 45,
        "indicadorContinuarPesquisa": "N",
        "quantidadeOcorrencia": [
            {
                "nomeBeneficio": "SAO MIGUEL DAS MATAS                              -BA"
            },
            {
                "nomeBeneficio": ""
            },
            {
                "nomeBeneficio": "FPM   - FUNDO DE PARTICIPACAO DOS MUNICIPIOS"
            },
            {
                "nomeBeneficio": "DATA                PARCELA                                   VALOR DISTRIBUIDO"
            },
            {
                "nomeBeneficio": ""
            },
            {
                "nomeBeneficio": "09.06.2023        PARCELA DE IPI                                     96.206,16C"
            },
            {
                "nomeBeneficio": "                  PARCELA DE IR                                     666.638,55C"
            },
            {
                "nomeBeneficio": "                  RETENCAO PASEP                                      7.628,44D"
            },
            {
                "nomeBeneficio": "                  RFB-PREV-PARC60                                   103.150,10D"
            },
            {
                "nomeBeneficio": "                  DEDUCAO SAUDE                                      90.015,66D"
            },
            {
                "nomeBeneficio": "                  DEDUCAO FUNDEB                                    152.568,94D"
            },
            {
                "nomeBeneficio": "                  TOTAL NA DATA                                     409.481,57C"
            },
            {
                "nomeBeneficio": ""
            },
            {
                "nomeBeneficio": "20.06.2023        PARCELA DE IPI                                     24.162,12C"
            },
            {
                "nomeBeneficio": "                  PARCELA DE IR                                     416.482,08C"
            },
            {
                "nomeBeneficio": "                  RETENCAO PASEP                                      4.406,44D"
            },
            {
                "nomeBeneficio": "                  RFB-RET DARF                                       25.041,65D"
            },
            {
                "nomeBeneficio": "                  DEDUCAO SAUDE                                      51.996,01D"
            },
            {
                "nomeBeneficio": "                  DEDUCAO FUNDEB                                     88.128,83D"
            },
            {
                "nomeBeneficio": "                  TOTAL NA DATA                                     271.071,27C"
            },
            {
                "nomeBeneficio": ""
            },
            {
                "nomeBeneficio": "30.06.2023        PARCELA DE IPI                                     21.684,06C"
            },
            {
                "nomeBeneficio": "                  PARCELA DE IR                                     512.047,48C"
            },
            {
                "nomeBeneficio": "                  RETENCAO PASEP                                      5.337,31D"
            },
            {
                "nomeBeneficio": "                  DEDUCAO SAUDE                                      62.980,31D"
            },
            {
                "nomeBeneficio": "                  DEDUCAO FUNDEB                                    106.746,30D"
            },
            {
                "nomeBeneficio": "                  TOTAL NA DATA                                     358.667,62C"
            },
            {
                "nomeBeneficio": ""
            },
            {
                "nomeBeneficio": "TOTAL POR PARCELA / NATUREZA"
            },
            {
                "nomeBeneficio": ""
            },
            {
                "nomeBeneficio": "                  PARCELA DE IPI                                    142.052,34C"
            },
            {
                "nomeBeneficio": "                  PARCELA DE IR                                   1.595.168,11C"
            },
            {
                "nomeBeneficio": "                  RETENCAO PASEP                                     17.372,19D"
            },
            {
                "nomeBeneficio": "                  RFB-PREV-PARC60                                   103.150,10D"
            },
            {
                "nomeBeneficio": "                  RFB-RET DARF                                       25.041,65D"
            },
            {
                "nomeBeneficio": "                  DEDUCAO SAUDE                                     204.991,98D"
            },
            {
                "nomeBeneficio": "                  DEDUCAO FUNDEB                                    347.444,07D"
            },
            {
                "nomeBeneficio": ""
            },
            {
                "nomeBeneficio": "                  DEBITO FUNDO                                      697.999,99D"
            },
            {
                "nomeBeneficio": "                  CREDITO FUNDO                                   1.737.220,45C"
            },
            {
                "nomeBeneficio": ""
            },
            {
                "nomeBeneficio": "TOTAL DISTRIBUIDO NO PERIODO"
            },
            {
                "nomeBeneficio": ""
            },
            {
                "nomeBeneficio": "                  DEBITO BENEF.                                     697.999,99D"
            },
            {
                "nomeBeneficio": "                  CREDITO BENEF.                                  1.737.220,45C"
            }
        ]
    },
    "July": {
        "quantidadeBeneficio": 51,
        "indicadorContinuarPesquisa": "N",
        "quantidadeOcorrencia": [
            {
                "nomeBeneficio": "SAO MIGUEL DAS MATAS                              -BA"
            },
            {
                "nomeBeneficio": ""
            },
            {
                "nomeBeneficio": "FPM   - FUNDO DE PARTICIPACAO DOS MUNICIPIOS"
            },
            {
                "nomeBeneficio": "DATA                PARCELA                                   VALOR DISTRIBUIDO"
            },
            {
                "nomeBeneficio": ""
            },
            {
                "nomeBeneficio": "10.07.2023        PARCELA DE IPI                                    157.911,26C"
            },
            {
                "nomeBeneficio": "                  PARCELA DE IR                                   1.278.994,25C"
            },
            {
                "nomeBeneficio": "                  AJ DED FUNDEB                                       5.994,09C"
            },
            {
                "nomeBeneficio": "                  AJ DED PASEP                                          299,69C"
            },
            {
                "nomeBeneficio": "                  RETENCAO PASEP                                     14.369,04D"
            },
            {
                "nomeBeneficio": "                  RFB-PREV-PARC60                                   103.889,44D"
            },
            {
                "nomeBeneficio": "                  DEDUCAO SAUDE                                      65.084,63D"
            },
            {
                "nomeBeneficio": "                  DEDUCAO FUNDEB                                    110.312,94D"
            },
            {
                "nomeBeneficio": "                  AJUSTE FPM                                         29.970,56D"
            },
            {
                "nomeBeneficio": "                  TOTAL NA DATA                                   1.119.572,68C"
            },
            {
                "nomeBeneficio": ""
            },
            {
                "nomeBeneficio": "20.07.2023        PARCELA DE IPI                                     24.280,50C"
            },
            {
                "nomeBeneficio": "                  PARCELA DE IR                                     171.435,56C"
            },
            {
                "nomeBeneficio": "                  RETENCAO PASEP                                      1.957,15D"
            },
            {
                "nomeBeneficio": "                  RFB-RET DARF                                       25.041,65D"
            },
            {
                "nomeBeneficio": "                  DEDUCAO SAUDE                                      23.094,48D"
            },
            {
                "nomeBeneficio": "                  DEDUCAO FUNDEB                                     39.143,21D"
            },
            {
                "nomeBeneficio": "                  TOTAL NA DATA                                     106.479,57C"
            },
            {
                "nomeBeneficio": ""
            },
            {
                "nomeBeneficio": "28.07.2023        PARCELA DE IPI                                     12.151,18C"
            },
            {
                "nomeBeneficio": "                  PARCELA DE IR                                     523.070,37C"
            },
            {
                "nomeBeneficio": "                  RETENCAO PASEP                                      5.352,21D"
            },
            {
                "nomeBeneficio": "                  DEDUCAO SAUDE                                      63.156,13D"
            },
            {
                "nomeBeneficio": "                  DEDUCAO FUNDEB                                    107.044,30D"
            },
            {
                "nomeBeneficio": "                  TOTAL NA DATA                                     359.668,91C"
            },
            {
                "nomeBeneficio": ""
            },
            {
                "nomeBeneficio": "TOTAL POR PARCELA / NATUREZA"
            },
            {
                "nomeBeneficio": ""
            },
            {
                "nomeBeneficio": "                  PARCELA DE IPI                                    194.342,94C"
            },
            {
                "nomeBeneficio": "                  PARCELA DE IR                                   1.973.500,18C"
            },
            {
                "nomeBeneficio": "                  RETENCAO PASEP                                     21.678,40D"
            },
            {
                "nomeBeneficio": "                  RFB-PREV-PARC60                                   103.889,44D"
            },
            {
                "nomeBeneficio": "                  RFB-RET DARF                                       25.041,65D"
            },
            {
                "nomeBeneficio": "                  DEDUCAO SAUDE                                     151.335,24D"
            },
            {
                "nomeBeneficio": "                  DEDUCAO FUNDEB                                    256.500,45D"
            },
            {
                "nomeBeneficio": "                  AJ DED FUNDEB                                       5.994,09C"
            },
            {
                "nomeBeneficio": "                  AJ DED PASEP                                          299,69C"
            },
            {
                "nomeBeneficio": "                  AJUSTE FPM                                         29.970,56D"
            },
            {
                "nomeBeneficio": ""
            },
            {
                "nomeBeneficio": "                  DEBITO FUNDO                                      588.415,74D"
            },
            {
                "nomeBeneficio": "                  CREDITO FUNDO                                   2.174.136,90C"
            },
            {
                "nomeBeneficio": ""
            },
            {
                "nomeBeneficio": "TOTAL DISTRIBUIDO NO PERIODO"
            },
            {
                "nomeBeneficio": ""
            },
            {
                "nomeBeneficio": "                  DEBITO BENEF.                                     588.415,74D"
            },
            {
                "nomeBeneficio": "                  CREDITO BENEF.                                  2.174.136,90C"
            }
        ]
    },
    "August": {
        "quantidadeBeneficio": 46,
        "indicadorContinuarPesquisa": "N",
        "quantidadeOcorrencia": [
            {
                "nomeBeneficio": "SAO MIGUEL DAS MATAS                              -BA"
            },
            {
                "nomeBeneficio": ""
            },
            {
                "nomeBeneficio": "FPM   - FUNDO DE PARTICIPACAO DOS MUNICIPIOS"
            },
            {
                "nomeBeneficio": "DATA                PARCELA                                   VALOR DISTRIBUIDO"
            },
            {
                "nomeBeneficio": ""
            },
            {
                "nomeBeneficio": "10.08.2023        PARCELA DE IPI                                     82.427,48C"
            },
            {
                "nomeBeneficio": "                  PARCELA DE IR                                     756.255,88C"
            },
            {
                "nomeBeneficio": "                  RETENCAO PASEP                                      8.386,82D"
            },
            {
                "nomeBeneficio": "                  RFB-PREV-PARC60                                   104.628,77D"
            },
            {
                "nomeBeneficio": "                  DEDUCAO SAUDE                                      98.964,63D"
            },
            {
                "nomeBeneficio": "                  DEDUCAO FUNDEB                                    167.736,66D"
            },
            {
                "nomeBeneficio": "                  TOTAL NA DATA                                     458.966,48C"
            },
            {
                "nomeBeneficio": ""
            },
            {
                "nomeBeneficio": "18.08.2023        PARCELA DE IPI                                     19.825,18C"
            },
            {
                "nomeBeneficio": "                  PARCELA DE IR                                     171.592,51C"
            },
            {
                "nomeBeneficio": "                  RETENCAO PASEP                                      1.914,17D"
            },
            {
                "nomeBeneficio": "                  RFB-RET DARF                                       25.041,65D"
            },
            {
                "nomeBeneficio": "                  DEDUCAO SAUDE                                      22.587,28D"
            },
            {
                "nomeBeneficio": "                  DEDUCAO FUNDEB                                     38.283,53D"
            },
            {
                "nomeBeneficio": "                  TOTAL NA DATA                                     103.591,06C"
            },
            {
                "nomeBeneficio": ""
            },
            {
                "nomeBeneficio": "30.08.2023        PARCELA DE IPI                                     11.518,23C"
            },
            {
                "nomeBeneficio": "                  PARCELA DE IR                                     431.526,43C"
            },
            {
                "nomeBeneficio": "                  RETENCAO PASEP                                      4.430,44D"
            },
            {
                "nomeBeneficio": "                  RFB-RET DARF                                        6.186,62D"
            },
            {
                "nomeBeneficio": "                  DEDUCAO SAUDE                                      52.279,26D"
            },
            {
                "nomeBeneficio": "                  DEDUCAO FUNDEB                                     88.608,92D"
            },
            {
                "nomeBeneficio": "                  TOTAL NA DATA                                     291.539,42C"
            },
            {
                "nomeBeneficio": ""
            },
            {
                "nomeBeneficio": "TOTAL POR PARCELA / NATUREZA"
            },
            {
                "nomeBeneficio": ""
            },
            {
                "nomeBeneficio": "                  PARCELA DE IPI                                    113.770,89C"
            },
            {
                "nomeBeneficio": "                  PARCELA DE IR                                   1.359.374,82C"
            },
            {
                "nomeBeneficio": "                  RETENCAO PASEP                                     14.731,43D"
            },
            {
                "nomeBeneficio": "                  RFB-PREV-PARC60                                   104.628,77D"
            },
            {
                "nomeBeneficio": "                  RFB-RET DARF                                       31.228,27D"
            },
            {
                "nomeBeneficio": "                  DEDUCAO SAUDE                                     173.831,17D"
            },
            {
                "nomeBeneficio": "                  DEDUCAO FUNDEB                                    294.629,11D"
            },
            {
                "nomeBeneficio": ""
            },
            {
                "nomeBeneficio": "                  DEBITO FUNDO                                      619.048,75D"
            },
            {
                "nomeBeneficio": "                  CREDITO FUNDO                                   1.473.145,71C"
            },
            {
                "nomeBeneficio": ""
            },
            {
                "nomeBeneficio": "TOTAL DISTRIBUIDO NO PERIODO"
            },
            {
                "nomeBeneficio": ""
            },
            {
                "nomeBeneficio": "                  DEBITO BENEF.                                     619.048,75D"
            },
            {
                "nomeBeneficio": "                  CREDITO BENEF.                                  1.473.145,71C"
            }
        ]
    },
    "September": {
        "quantidadeBeneficio": 45,
        "indicadorContinuarPesquisa": "N",
        "quantidadeOcorrencia": [
            {
                "nomeBeneficio": "SAO MIGUEL DAS MATAS                              -BA"
            },
            {
                "nomeBeneficio": ""
            },
            {
                "nomeBeneficio": "FPM   - FUNDO DE PARTICIPACAO DOS MUNICIPIOS"
            },
            {
                "nomeBeneficio": "DATA                PARCELA                                   VALOR DISTRIBUIDO"
            },
            {
                "nomeBeneficio": ""
            },
            {
                "nomeBeneficio": "08.09.2023        PARCELA DE IPI                                    112.024,11C"
            },
            {
                "nomeBeneficio": "                  PARCELA DE IR                                     649.186,95C"
            },
            {
                "nomeBeneficio": "                  RETENCAO PASEP                                      7.612,09D"
            },
            {
                "nomeBeneficio": "                  RFB-PREV-PARC60                                   105.416,48D"
            },
            {
                "nomeBeneficio": "                  DEDUCAO SAUDE                                      63.964,50D"
            },
            {
                "nomeBeneficio": "                  DEDUCAO FUNDEB                                    108.414,41D"
            },
            {
                "nomeBeneficio": "                  TOTAL NA DATA                                     475.803,58C"
            },
            {
                "nomeBeneficio": ""
            },
            {
                "nomeBeneficio": "20.09.2023        PARCELA DE IPI                                     14.991,64C"
            },
            {
                "nomeBeneficio": "                  PARCELA DE IR                                     123.975,85C"
            },
            {
                "nomeBeneficio": "                  RETENCAO PASEP                                      1.389,66D"
            },
            {
                "nomeBeneficio": "                  RFB-RET DARF                                       31.859,14D"
            },
            {
                "nomeBeneficio": "                  DEDUCAO SAUDE                                      16.398,16D"
            },
            {
                "nomeBeneficio": "                  DEDUCAO FUNDEB                                     27.793,49D"
            },
            {
                "nomeBeneficio": "                  TOTAL NA DATA                                      61.527,04C"
            },
            {
                "nomeBeneficio": ""
            },
            {
                "nomeBeneficio": "29.09.2023        PARCELA DE IPI                                     37.179,73C"
            },
            {
                "nomeBeneficio": "                  PARCELA DE IR                                     564.364,50C"
            },
            {
                "nomeBeneficio": "                  RETENCAO PASEP                                      6.015,43D"
            },
            {
                "nomeBeneficio": "                  DEDUCAO SAUDE                                      70.982,21D"
            },
            {
                "nomeBeneficio": "                  DEDUCAO FUNDEB                                    120.308,84D"
            },
            {
                "nomeBeneficio": "                  TOTAL NA DATA                                     404.237,75C"
            },
            {
                "nomeBeneficio": ""
            },
            {
                "nomeBeneficio": "TOTAL POR PARCELA / NATUREZA"
            },
            {
                "nomeBeneficio": ""
            },
            {
                "nomeBeneficio": "                  PARCELA DE IPI                                    164.195,48C"
            },
            {
                "nomeBeneficio": "                  PARCELA DE IR                                   1.337.527,30C"
            },
            {
                "nomeBeneficio": "                  RETENCAO PASEP                                     15.017,18D"
            },
            {
                "nomeBeneficio": "                  RFB-PREV-PARC60                                   105.416,48D"
            },
            {
                "nomeBeneficio": "                  RFB-RET DARF                                       31.859,14D"
            },
            {
                "nomeBeneficio": "                  DEDUCAO SAUDE                                     151.344,87D"
            },
            {
                "nomeBeneficio": "                  DEDUCAO FUNDEB                                    256.516,74D"
            },
            {
                "nomeBeneficio": ""
            },
            {
                "nomeBeneficio": "                  DEBITO FUNDO                                      560.154,41D"
            },
            {
                "nomeBeneficio": "                  CREDITO FUNDO                                   1.501.722,78C"
            },
            {
                "nomeBeneficio": ""
            },
            {
                "nomeBeneficio": "TOTAL DISTRIBUIDO NO PERIODO"
            },
            {
                "nomeBeneficio": ""
            },
            {
                "nomeBeneficio": "                  DEBITO BENEF.                                     560.154,41D"
            },
            {
                "nomeBeneficio": "                  CREDITO BENEF.                                  1.501.722,78C"
            }
        ]
    },
    "October": {
        "quantidadeBeneficio": 45,
        "indicadorContinuarPesquisa": "N",
        "quantidadeOcorrencia": [
            {
                "nomeBeneficio": "SAO MIGUEL DAS MATAS                              -BA"
            },
            {
                "nomeBeneficio": ""
            },
            {
                "nomeBeneficio": "FPM   - FUNDO DE PARTICIPACAO DOS MUNICIPIOS"
            },
            {
                "nomeBeneficio": "DATA                PARCELA                                   VALOR DISTRIBUIDO"
            },
            {
                "nomeBeneficio": ""
            },
            {
                "nomeBeneficio": "10.10.2023        PARCELA DE IPI                                     95.182,43C"
            },
            {
                "nomeBeneficio": "                  PARCELA DE IR                                     512.846,62C"
            },
            {
                "nomeBeneficio": "                  RETENCAO PASEP                                      6.080,28D"
            },
            {
                "nomeBeneficio": "                  RFB-PREV-PARC60                                   106.086,72D"
            },
            {
                "nomeBeneficio": "                  DEDUCAO SAUDE                                      71.747,42D"
            },
            {
                "nomeBeneficio": "                  DEDUCAO FUNDEB                                    121.605,80D"
            },
            {
                "nomeBeneficio": "                  TOTAL NA DATA                                     302.508,83C"
            },
            {
                "nomeBeneficio": ""
            },
            {
                "nomeBeneficio": "20.10.2023        PARCELA DE IPI                                     43.461,62C"
            },
            {
                "nomeBeneficio": "                  PARCELA DE IR                                     192.033,20C"
            },
            {
                "nomeBeneficio": "                  RETENCAO PASEP                                      2.354,94D"
            },
            {
                "nomeBeneficio": "                  RFB-RET DARF                                       31.859,14D"
            },
            {
                "nomeBeneficio": "                  DEDUCAO SAUDE                                      27.788,38D"
            },
            {
                "nomeBeneficio": "                  DEDUCAO FUNDEB                                     47.098,96D"
            },
            {
                "nomeBeneficio": "                  TOTAL NA DATA                                     126.393,40C"
            },
            {
                "nomeBeneficio": ""
            },
            {
                "nomeBeneficio": "30.10.2023        PARCELA DE IPI                                     26.074,11C"
            },
            {
                "nomeBeneficio": "                  PARCELA DE IR                                     525.145,93C"
            },
            {
                "nomeBeneficio": "                  RETENCAO PASEP                                      5.512,19D"
            },
            {
                "nomeBeneficio": "                  DEDUCAO SAUDE                                      65.043,95D"
            },
            {
                "nomeBeneficio": "                  DEDUCAO FUNDEB                                    110.244,00D"
            },
            {
                "nomeBeneficio": "                  TOTAL NA DATA                                     370.419,90C"
            },
            {
                "nomeBeneficio": ""
            },
            {
                "nomeBeneficio": "TOTAL POR PARCELA / NATUREZA"
            },
            {
                "nomeBeneficio": ""
            },
            {
                "nomeBeneficio": "                  PARCELA DE IPI                                    164.718,16C"
            },
            {
                "nomeBeneficio": "                  PARCELA DE IR                                   1.230.025,75C"
            },
            {
                "nomeBeneficio": "                  RETENCAO PASEP                                     13.947,41D"
            },
            {
                "nomeBeneficio": "                  RFB-PREV-PARC60                                   106.086,72D"
            },
            {
                "nomeBeneficio": "                  RFB-RET DARF                                       31.859,14D"
            },
            {
                "nomeBeneficio": "                  DEDUCAO SAUDE                                     164.579,75D"
            },
            {
                "nomeBeneficio": "                  DEDUCAO FUNDEB                                    278.948,76D"
            },
            {
                "nomeBeneficio": ""
            },
            {
                "nomeBeneficio": "                  DEBITO FUNDO                                      595.421,78D"
            },
            {
                "nomeBeneficio": "                  CREDITO FUNDO                                   1.394.743,91C"
            },
            {
                "nomeBeneficio": ""
            },
            {
                "nomeBeneficio": "TOTAL DISTRIBUIDO NO PERIODO"
            },
            {
                "nomeBeneficio": ""
            },
            {
                "nomeBeneficio": "                  DEBITO BENEF.                                     595.421,78D"
            },
            {
                "nomeBeneficio": "                  CREDITO BENEF.                                  1.394.743,91C"
            }
        ]
    },
    "November": {
        "quantidadeBeneficio": 45,
        "indicadorContinuarPesquisa": "N",
        "quantidadeOcorrencia": [
            {
                "nomeBeneficio": "SAO MIGUEL DAS MATAS                              -BA"
            },
            {
                "nomeBeneficio": ""
            },
            {
                "nomeBeneficio": "FPM   - FUNDO DE PARTICIPACAO DOS MUNICIPIOS"
            },
            {
                "nomeBeneficio": "DATA                PARCELA                                   VALOR DISTRIBUIDO"
            },
            {
                "nomeBeneficio": ""
            },
            {
                "nomeBeneficio": "10.11.2023        PARCELA DE IPI                                     79.641,33C"
            },
            {
                "nomeBeneficio": "                  PARCELA DE IR                                     998.330,21C"
            },
            {
                "nomeBeneficio": "                  RETENCAO PASEP                                     10.779,71D"
            },
            {
                "nomeBeneficio": "                  RFB-PREV-PARC60                                   106.777,69D"
            },
            {
                "nomeBeneficio": "                  DEDUCAO SAUDE                                     127.200,63D"
            },
            {
                "nomeBeneficio": "                  DEDUCAO FUNDEB                                    215.594,30D"
            },
            {
                "nomeBeneficio": "                  TOTAL NA DATA                                     617.619,21C"
            },
            {
                "nomeBeneficio": ""
            },
            {
                "nomeBeneficio": "20.11.2023        PARCELA DE IPI                                     28.108,03C"
            },
            {
                "nomeBeneficio": "                  PARCELA DE IR                                     205.738,72C"
            },
            {
                "nomeBeneficio": "                  RETENCAO PASEP                                      2.338,46D"
            },
            {
                "nomeBeneficio": "                  RFB-RET DARF                                       31.859,14D"
            },
            {
                "nomeBeneficio": "                  DEDUCAO SAUDE                                      27.593,90D"
            },
            {
                "nomeBeneficio": "                  DEDUCAO FUNDEB                                     46.769,34D"
            },
            {
                "nomeBeneficio": "                  TOTAL NA DATA                                     125.285,91C"
            },
            {
                "nomeBeneficio": ""
            },
            {
                "nomeBeneficio": "30.11.2023        PARCELA DE IPI                                     27.216,62C"
            },
            {
                "nomeBeneficio": "                  PARCELA DE IR                                     470.595,73C"
            },
            {
                "nomeBeneficio": "                  RETENCAO PASEP                                      4.978,11D"
            },
            {
                "nomeBeneficio": "                  DEDUCAO SAUDE                                      58.741,85D"
            },
            {
                "nomeBeneficio": "                  DEDUCAO FUNDEB                                     99.562,46D"
            },
            {
                "nomeBeneficio": "                  TOTAL NA DATA                                     334.529,93C"
            },
            {
                "nomeBeneficio": ""
            },
            {
                "nomeBeneficio": "TOTAL POR PARCELA / NATUREZA"
            },
            {
                "nomeBeneficio": ""
            },
            {
                "nomeBeneficio": "                  PARCELA DE IPI                                    134.965,98C"
            },
            {
                "nomeBeneficio": "                  PARCELA DE IR                                   1.674.664,66C"
            },
            {
                "nomeBeneficio": "                  RETENCAO PASEP                                     18.096,28D"
            },
            {
                "nomeBeneficio": "                  RFB-PREV-PARC60                                   106.777,69D"
            },
            {
                "nomeBeneficio": "                  RFB-RET DARF                                       31.859,14D"
            },
            {
                "nomeBeneficio": "                  DEDUCAO SAUDE                                     213.536,38D"
            },
            {
                "nomeBeneficio": "                  DEDUCAO FUNDEB                                    361.926,10D"
            },
            {
                "nomeBeneficio": ""
            },
            {
                "nomeBeneficio": "                  DEBITO FUNDO                                      732.195,59D"
            },
            {
                "nomeBeneficio": "                  CREDITO FUNDO                                   1.809.630,64C"
            },
            {
                "nomeBeneficio": ""
            },
            {
                "nomeBeneficio": "TOTAL DISTRIBUIDO NO PERIODO"
            },
            {
                "nomeBeneficio": ""
            },
            {
                "nomeBeneficio": "                  DEBITO BENEF.                                     732.195,59D"
            },
            {
                "nomeBeneficio": "                  CREDITO BENEF.                                  1.809.630,64C"
            }
        ]
    },
    "December": {
        "quantidadeBeneficio": 51,
        "indicadorContinuarPesquisa": "N",
        "quantidadeOcorrencia": [
            {
                "nomeBeneficio": "SAO MIGUEL DAS MATAS                              -BA"
            },
            {
                "nomeBeneficio": ""
            },
            {
                "nomeBeneficio": "FPM   - FUNDO DE PARTICIPACAO DOS MUNICIPIOS"
            },
            {
                "nomeBeneficio": "DATA                PARCELA                                   VALOR DISTRIBUIDO"
            },
            {
                "nomeBeneficio": ""
            },
            {
                "nomeBeneficio": "07.12.2023        PARCELA DE IPI                                     68.666,58C"
            },
            {
                "nomeBeneficio": "                  PARCELA DE IR                                     814.084,78C"
            },
            {
                "nomeBeneficio": "                  RETENCAO PASEP                                      8.827,50D"
            },
            {
                "nomeBeneficio": "                  TOTAL NA DATA                                     873.923,86C"
            },
            {
                "nomeBeneficio": ""
            },
            {
                "nomeBeneficio": "08.12.2023        PARCELA DE IPI                                     77.887,88C"
            },
            {
                "nomeBeneficio": "                  PARCELA DE IR                                     700.338,00C"
            },
            {
                "nomeBeneficio": "                  RETENCAO PASEP                                      7.782,25D"
            },
            {
                "nomeBeneficio": "                  RFB-PREV-PARC60                                   107.413,38D"
            },
            {
                "nomeBeneficio": "                  DEDUCAO SAUDE                                      91.830,64D"
            },
            {
                "nomeBeneficio": "                  DEDUCAO FUNDEB                                    155.645,17D"
            },
            {
                "nomeBeneficio": "                  TOTAL NA DATA                                     415.554,44C"
            },
            {
                "nomeBeneficio": ""
            },
            {
                "nomeBeneficio": "20.12.2023        PARCELA DE IPI                                     36.868,19C"
            },
            {
                "nomeBeneficio": "                  PARCELA DE IR                                     498.817,77C"
            },
            {
                "nomeBeneficio": "                  RETENCAO PASEP                                      5.356,85D"
            },
            {
                "nomeBeneficio": "                  RFB-RET DARF                                       31.859,14D"
            },
            {
                "nomeBeneficio": "                  DEDUCAO SAUDE                                      63.210,93D"
            },
            {
                "nomeBeneficio": "                  DEDUCAO FUNDEB                                    107.137,18D"
            },
            {
                "nomeBeneficio": "                  TOTAL NA DATA                                     328.121,86C"
            },
            {
                "nomeBeneficio": ""
            },
            {
                "nomeBeneficio": "28.12.2023        PARCELA DE IPI                                     32.180,15C"
            },
            {
                "nomeBeneficio": "                  PARCELA DE IR                                     644.977,09C"
            },
            {
                "nomeBeneficio": "                  RETENCAO PASEP                                      6.771,57D"
            },
            {
                "nomeBeneficio": "                  RFB-RET DARF                                       11.579,38D"
            },
            {
                "nomeBeneficio": "                  DEDUCAO SAUDE                                      79.904,54D"
            },
            {
                "nomeBeneficio": "                  DEDUCAO FUNDEB                                    135.431,44D"
            },
            {
                "nomeBeneficio": "                  TOTAL NA DATA                                     443.470,31C"
            },
            {
                "nomeBeneficio": ""
            },
            {
                "nomeBeneficio": "TOTAL POR PARCELA / NATUREZA"
            },
            {
                "nomeBeneficio": ""
            },
            {
                "nomeBeneficio": "                  PARCELA DE IPI                                    215.602,80C"
            },
            {
                "nomeBeneficio": "                  PARCELA DE IR                                   2.658.217,64C"
            },
            {
                "nomeBeneficio": "                  RETENCAO PASEP                                     28.738,17D"
            },
            {
                "nomeBeneficio": "                  RFB-PREV-PARC60                                   107.413,38D"
            },
            {
                "nomeBeneficio": "                  RFB-RET DARF                                       43.438,52D"
            },
            {
                "nomeBeneficio": "                  DEDUCAO SAUDE                                     234.946,11D"
            },
            {
                "nomeBeneficio": "                  DEDUCAO FUNDEB                                    398.213,79D"
            },
            {
                "nomeBeneficio": ""
            },
            {
                "nomeBeneficio": "                  DEBITO FUNDO                                      812.749,97D"
            },
            {
                "nomeBeneficio": "                  CREDITO FUNDO                                   2.873.820,44C"
            },
            {
                "nomeBeneficio": ""
            },
            {
                "nomeBeneficio": "TOTAL DISTRIBUIDO NO PERIODO"
            },
            {
                "nomeBeneficio": ""
            },
            {
                "nomeBeneficio": "                  DEBITO BENEF.                                     812.749,97D"
            },
            {
                "nomeBeneficio": "                  CREDITO BENEF.                                  2.873.820,44C"
            }
        ]
    }
}