{
    "January": {
        "quantidadeBeneficio": 49,
        "indicadorContinuarPesquisa": "N",
        "quantidadeOcorrencia": [
            {
                "nomeBeneficio": "ITAGI                                             -BA"
            },
            {
                "nomeBeneficio": ""
            },
            {
                "nomeBeneficio": "FPM   - FUNDO DE PARTICIPACAO DOS MUNICIPIOS"
            },
            {
                "nomeBeneficio": "DATA                PARCELA                                   VALOR DISTRIBUIDO"
            },
            {
                "nomeBeneficio": ""
            },
            {
                "nomeBeneficio": "10.01.2023        PARCELA DE IPI                                     97.794,54C"
            },
            {
                "nomeBeneficio": "                  PARCELA DE IR                                     901.126,99C"
            },
            {
                "nomeBeneficio": "                  RETENCAO PASEP                                      9.989,20D"
            },
            {
                "nomeBeneficio": "                  RFB-PREV-OB COR                                     1.714,27D"
            },
            {
                "nomeBeneficio": "                  RFB-PREV-OB DEV                                       574,28D"
            },
            {
                "nomeBeneficio": "                  RFB-PREV-PARC60                                    66.300,45D"
            },
            {
                "nomeBeneficio": "                  DEDUCAO SAUDE                                     149.838,22D"
            },
            {
                "nomeBeneficio": "                  DEDUCAO FUNDEB                                    199.784,29D"
            },
            {
                "nomeBeneficio": "                  TOTAL NA DATA                                     570.720,82C"
            },
            {
                "nomeBeneficio": ""
            },
            {
                "nomeBeneficio": "20.01.2023        PARCELA DE IPI                                     48.437,23C"
            },
            {
                "nomeBeneficio": "                  PARCELA DE IR                                     336.522,48C"
            },
            {
                "nomeBeneficio": "                  RETENCAO PASEP                                      3.849,59D"
            },
            {
                "nomeBeneficio": "                  RFB-RET DARF                                       41.468,10D"
            },
            {
                "nomeBeneficio": "                  DEDUCAO SAUDE                                      57.743,95D"
            },
            {
                "nomeBeneficio": "                  DEDUCAO FUNDEB                                     76.991,93D"
            },
            {
                "nomeBeneficio": "                  TOTAL NA DATA                                     204.906,14C"
            },
            {
                "nomeBeneficio": ""
            },
            {
                "nomeBeneficio": "30.01.2023        PARCELA DE IPI                                     20.615,43C"
            },
            {
                "nomeBeneficio": "                  PARCELA DE IR                                     679.898,56C"
            },
            {
                "nomeBeneficio": "                  RETENCAO PASEP                                      7.005,13D"
            },
            {
                "nomeBeneficio": "                  DEDUCAO SAUDE                                     105.077,09D"
            },
            {
                "nomeBeneficio": "                  DEDUCAO FUNDEB                                    140.102,79D"
            },
            {
                "nomeBeneficio": "                  TOTAL NA DATA                                     448.328,98C"
            },
            {
                "nomeBeneficio": ""
            },
            {
                "nomeBeneficio": "TOTAL POR PARCELA / NATUREZA"
            },
            {
                "nomeBeneficio": ""
            },
            {
                "nomeBeneficio": "                  PARCELA DE IPI                                    166.847,20C"
            },
            {
                "nomeBeneficio": "                  PARCELA DE IR                                   1.917.548,03C"
            },
            {
                "nomeBeneficio": "                  RETENCAO PASEP                                     20.843,92D"
            },
            {
                "nomeBeneficio": "                  RFB-PREV-OB COR                                     1.714,27D"
            },
            {
                "nomeBeneficio": "                  RFB-PREV-OB DEV                                       574,28D"
            },
            {
                "nomeBeneficio": "                  RFB-PREV-PARC60                                    66.300,45D"
            },
            {
                "nomeBeneficio": "                  RFB-RET DARF                                       41.468,10D"
            },
            {
                "nomeBeneficio": "                  DEDUCAO SAUDE                                     312.659,26D"
            },
            {
                "nomeBeneficio": "                  DEDUCAO FUNDEB                                    416.879,01D"
            },
            {
                "nomeBeneficio": ""
            },
            {
                "nomeBeneficio": "                  DEBITO FUNDO                                      860.439,29D"
            },
            {
                "nomeBeneficio": "                  CREDITO FUNDO                                   2.084.395,23C"
            },
            {
                "nomeBeneficio": ""
            },
            {
                "nomeBeneficio": "TOTAL DISTRIBUIDO NO PERIODO"
            },
            {
                "nomeBeneficio": ""
            },
            {
                "nomeBeneficio": "                  DEBITO BENEF.                                     860.439,29D"
            },
            {
                "nomeBeneficio": "                  CREDITO BENEF.                                  2.084.395,23C"
            }
        ]
    },
    "February": {
        "quantidadeBeneficio": 45,
        "indicadorContinuarPesquisa": "N",
        "quantidadeOcorrencia": [
            {
                "nomeBeneficio": "ITAGI                                             -BA"
            },
            {
                "nomeBeneficio": ""
            },
            {
                "nomeBeneficio": "FPM   - FUNDO DE PARTICIPACAO DOS MUNICIPIOS"
            },
            {
                "nomeBeneficio": "DATA                PARCELA                                   VALOR DISTRIBUIDO"
            },
            {
                "nomeBeneficio": ""
            },
            {
                "nomeBeneficio": "10.02.2023        PARCELA DE IPI                                     72.898,66C"
            },
            {
                "nomeBeneficio": "                  PARCELA DE IR                                   1.719.080,54C"
            },
            {
                "nomeBeneficio": "                  RETENCAO PASEP                                     17.919,78D"
            },
            {
                "nomeBeneficio": "                  RFB-PREV-PARC60                                    66.553,09D"
            },
            {
                "nomeBeneficio": "                  DEDUCAO SAUDE                                     268.796,87D"
            },
            {
                "nomeBeneficio": "                  DEDUCAO FUNDEB                                    358.395,83D"
            },
            {
                "nomeBeneficio": "                  TOTAL NA DATA                                   1.080.313,63C"
            },
            {
                "nomeBeneficio": ""
            },
            {
                "nomeBeneficio": "17.02.2023        PARCELA DE IPI                                     13.248,20C"
            },
            {
                "nomeBeneficio": "                  PARCELA DE IR                                     159.257,23C"
            },
            {
                "nomeBeneficio": "                  RETENCAO PASEP                                      1.725,05D"
            },
            {
                "nomeBeneficio": "                  RFB-RET DARF                                       41.468,10D"
            },
            {
                "nomeBeneficio": "                  DEDUCAO SAUDE                                      25.875,81D"
            },
            {
                "nomeBeneficio": "                  DEDUCAO FUNDEB                                     34.501,08D"
            },
            {
                "nomeBeneficio": "                  TOTAL NA DATA                                      68.935,39C"
            },
            {
                "nomeBeneficio": ""
            },
            {
                "nomeBeneficio": "28.02.2023        PARCELA DE IPI                                      9.735,56C"
            },
            {
                "nomeBeneficio": "                  PARCELA DE IR                                     418.013,01C"
            },
            {
                "nomeBeneficio": "                  RETENCAO PASEP                                      4.277,48D"
            },
            {
                "nomeBeneficio": "                  DEDUCAO SAUDE                                      64.162,28D"
            },
            {
                "nomeBeneficio": "                  DEDUCAO FUNDEB                                     85.549,71D"
            },
            {
                "nomeBeneficio": "                  TOTAL NA DATA                                     273.759,10C"
            },
            {
                "nomeBeneficio": ""
            },
            {
                "nomeBeneficio": "TOTAL POR PARCELA / NATUREZA"
            },
            {
                "nomeBeneficio": ""
            },
            {
                "nomeBeneficio": "                  PARCELA DE IPI                                     95.882,42C"
            },
            {
                "nomeBeneficio": "                  PARCELA DE IR                                   2.296.350,78C"
            },
            {
                "nomeBeneficio": "                  RETENCAO PASEP                                     23.922,31D"
            },
            {
                "nomeBeneficio": "                  RFB-PREV-PARC60                                    66.553,09D"
            },
            {
                "nomeBeneficio": "                  RFB-RET DARF                                       41.468,10D"
            },
            {
                "nomeBeneficio": "                  DEDUCAO SAUDE                                     358.834,96D"
            },
            {
                "nomeBeneficio": "                  DEDUCAO FUNDEB                                    478.446,62D"
            },
            {
                "nomeBeneficio": ""
            },
            {
                "nomeBeneficio": "                  DEBITO FUNDO                                      969.225,08D"
            },
            {
                "nomeBeneficio": "                  CREDITO FUNDO                                   2.392.233,20C"
            },
            {
                "nomeBeneficio": ""
            },
            {
                "nomeBeneficio": "TOTAL DISTRIBUIDO NO PERIODO"
            },
            {
                "nomeBeneficio": ""
            },
            {
                "nomeBeneficio": "                  DEBITO BENEF.                                     969.225,08D"
            },
            {
                "nomeBeneficio": "                  CREDITO BENEF.                                  2.392.233,20C"
            }
        ]
    },
    "March": {
        "quantidadeBeneficio": 45,
        "indicadorContinuarPesquisa": "N",
        "quantidadeOcorrencia": [
            {
                "nomeBeneficio": "ITAGI                                             -BA"
            },
            {
                "nomeBeneficio": ""
            },
            {
                "nomeBeneficio": "FPM   - FUNDO DE PARTICIPACAO DOS MUNICIPIOS"
            },
            {
                "nomeBeneficio": "DATA                PARCELA                                   VALOR DISTRIBUIDO"
            },
            {
                "nomeBeneficio": ""
            },
            {
                "nomeBeneficio": "10.03.2023        PARCELA DE IPI                                     82.223,75C"
            },
            {
                "nomeBeneficio": "                  PARCELA DE IR                                     667.989,30C"
            },
            {
                "nomeBeneficio": "                  RETENCAO PASEP                                      7.502,12D"
            },
            {
                "nomeBeneficio": "                  RFB-PREV-PARC60                                    66.760,62D"
            },
            {
                "nomeBeneficio": "                  DEDUCAO SAUDE                                     112.531,95D"
            },
            {
                "nomeBeneficio": "                  DEDUCAO FUNDEB                                    150.042,61D"
            },
            {
                "nomeBeneficio": "                  TOTAL NA DATA                                     413.375,75C"
            },
            {
                "nomeBeneficio": ""
            },
            {
                "nomeBeneficio": "20.03.2023        PARCELA DE IPI                                     16.527,55C"
            },
            {
                "nomeBeneficio": "                  PARCELA DE IR                                     148.847,19C"
            },
            {
                "nomeBeneficio": "                  RETENCAO PASEP                                      1.653,74D"
            },
            {
                "nomeBeneficio": "                  RFB-RET DARF                                       41.468,10D"
            },
            {
                "nomeBeneficio": "                  DEDUCAO SAUDE                                      24.806,20D"
            },
            {
                "nomeBeneficio": "                  DEDUCAO FUNDEB                                     33.074,94D"
            },
            {
                "nomeBeneficio": "                  TOTAL NA DATA                                      64.371,76C"
            },
            {
                "nomeBeneficio": ""
            },
            {
                "nomeBeneficio": "30.03.2023        PARCELA DE IPI                                     20.077,06C"
            },
            {
                "nomeBeneficio": "                  PARCELA DE IR                                     527.773,94C"
            },
            {
                "nomeBeneficio": "                  RETENCAO PASEP                                      5.478,50D"
            },
            {
                "nomeBeneficio": "                  DEDUCAO SAUDE                                      82.177,64D"
            },
            {
                "nomeBeneficio": "                  DEDUCAO FUNDEB                                    109.570,19D"
            },
            {
                "nomeBeneficio": "                  TOTAL NA DATA                                     350.624,67C"
            },
            {
                "nomeBeneficio": ""
            },
            {
                "nomeBeneficio": "TOTAL POR PARCELA / NATUREZA"
            },
            {
                "nomeBeneficio": ""
            },
            {
                "nomeBeneficio": "                  PARCELA DE IPI                                    118.828,36C"
            },
            {
                "nomeBeneficio": "                  PARCELA DE IR                                   1.344.610,43C"
            },
            {
                "nomeBeneficio": "                  RETENCAO PASEP                                     14.634,36D"
            },
            {
                "nomeBeneficio": "                  RFB-PREV-PARC60                                    66.760,62D"
            },
            {
                "nomeBeneficio": "                  RFB-RET DARF                                       41.468,10D"
            },
            {
                "nomeBeneficio": "                  DEDUCAO SAUDE                                     219.515,79D"
            },
            {
                "nomeBeneficio": "                  DEDUCAO FUNDEB                                    292.687,74D"
            },
            {
                "nomeBeneficio": ""
            },
            {
                "nomeBeneficio": "                  DEBITO FUNDO                                      635.066,61D"
            },
            {
                "nomeBeneficio": "                  CREDITO FUNDO                                   1.463.438,79C"
            },
            {
                "nomeBeneficio": ""
            },
            {
                "nomeBeneficio": "TOTAL DISTRIBUIDO NO PERIODO"
            },
            {
                "nomeBeneficio": ""
            },
            {
                "nomeBeneficio": "                  DEBITO BENEF.                                     635.066,61D"
            },
            {
                "nomeBeneficio": "                  CREDITO BENEF.                                  1.463.438,79C"
            }
        ]
    },
    "April": {
        "quantidadeBeneficio": 45,
        "indicadorContinuarPesquisa": "N",
        "quantidadeOcorrencia": [
            {
                "nomeBeneficio": "ITAGI                                             -BA"
            },
            {
                "nomeBeneficio": ""
            },
            {
                "nomeBeneficio": "FPM   - FUNDO DE PARTICIPACAO DOS MUNICIPIOS"
            },
            {
                "nomeBeneficio": "DATA                PARCELA                                   VALOR DISTRIBUIDO"
            },
            {
                "nomeBeneficio": ""
            },
            {
                "nomeBeneficio": "10.04.2023        PARCELA DE IPI                                     93.524,98C"
            },
            {
                "nomeBeneficio": "                  PARCELA DE IR                                     715.673,78C"
            },
            {
                "nomeBeneficio": "                  RETENCAO PASEP                                      8.091,97D"
            },
            {
                "nomeBeneficio": "                  RFB-PREV-PARC60                                    77.021,07D"
            },
            {
                "nomeBeneficio": "                  DEDUCAO SAUDE                                     121.379,80D"
            },
            {
                "nomeBeneficio": "                  DEDUCAO FUNDEB                                    161.839,74D"
            },
            {
                "nomeBeneficio": "                  TOTAL NA DATA                                     440.866,18C"
            },
            {
                "nomeBeneficio": ""
            },
            {
                "nomeBeneficio": "20.04.2023        PARCELA DE IPI                                     14.743,71C"
            },
            {
                "nomeBeneficio": "                  PARCELA DE IR                                     193.010,83C"
            },
            {
                "nomeBeneficio": "                  RETENCAO PASEP                                      2.077,53D"
            },
            {
                "nomeBeneficio": "                  RFB-RET DARF                                       41.468,10D"
            },
            {
                "nomeBeneficio": "                  DEDUCAO SAUDE                                      31.163,17D"
            },
            {
                "nomeBeneficio": "                  DEDUCAO FUNDEB                                     41.550,90D"
            },
            {
                "nomeBeneficio": "                  TOTAL NA DATA                                      91.494,84C"
            },
            {
                "nomeBeneficio": ""
            },
            {
                "nomeBeneficio": "28.04.2023        PARCELA DE IPI                                     18.410,87C"
            },
            {
                "nomeBeneficio": "                  PARCELA DE IR                                     637.803,06C"
            },
            {
                "nomeBeneficio": "                  RETENCAO PASEP                                      6.562,13D"
            },
            {
                "nomeBeneficio": "                  DEDUCAO SAUDE                                      98.432,08D"
            },
            {
                "nomeBeneficio": "                  DEDUCAO FUNDEB                                    131.242,78D"
            },
            {
                "nomeBeneficio": "                  TOTAL NA DATA                                     419.976,94C"
            },
            {
                "nomeBeneficio": ""
            },
            {
                "nomeBeneficio": "TOTAL POR PARCELA / NATUREZA"
            },
            {
                "nomeBeneficio": ""
            },
            {
                "nomeBeneficio": "                  PARCELA DE IPI                                    126.679,56C"
            },
            {
                "nomeBeneficio": "                  PARCELA DE IR                                   1.546.487,67C"
            },
            {
                "nomeBeneficio": "                  RETENCAO PASEP                                     16.731,63D"
            },
            {
                "nomeBeneficio": "                  RFB-PREV-PARC60                                    77.021,07D"
            },
            {
                "nomeBeneficio": "                  RFB-RET DARF                                       41.468,10D"
            },
            {
                "nomeBeneficio": "                  DEDUCAO SAUDE                                     250.975,05D"
            },
            {
                "nomeBeneficio": "                  DEDUCAO FUNDEB                                    334.633,42D"
            },
            {
                "nomeBeneficio": ""
            },
            {
                "nomeBeneficio": "                  DEBITO FUNDO                                      720.829,27D"
            },
            {
                "nomeBeneficio": "                  CREDITO FUNDO                                   1.673.167,23C"
            },
            {
                "nomeBeneficio": ""
            },
            {
                "nomeBeneficio": "TOTAL DISTRIBUIDO NO PERIODO"
            },
            {
                "nomeBeneficio": ""
            },
            {
                "nomeBeneficio": "                  DEBITO BENEF.                                     720.829,27D"
            },
            {
                "nomeBeneficio": "                  CREDITO BENEF.                                  1.673.167,23C"
            }
        ]
    },
    "May": {
        "quantidadeBeneficio": 45,
        "indicadorContinuarPesquisa": "N",
        "quantidadeOcorrencia": [
            {
                "nomeBeneficio": "ITAGI                                             -BA"
            },
            {
                "nomeBeneficio": ""
            },
            {
                "nomeBeneficio": "FPM   - FUNDO DE PARTICIPACAO DOS MUNICIPIOS"
            },
            {
                "nomeBeneficio": "DATA                PARCELA                                   VALOR DISTRIBUIDO"
            },
            {
                "nomeBeneficio": ""
            },
            {
                "nomeBeneficio": "10.05.2023        PARCELA DE IPI                                     77.977,85C"
            },
            {
                "nomeBeneficio": "                  PARCELA DE IR                                   1.017.505,44C"
            },
            {
                "nomeBeneficio": "                  RETENCAO PASEP                                     10.954,82D"
            },
            {
                "nomeBeneficio": "                  RFB-PREV-PARC60                                    77.228,59D"
            },
            {
                "nomeBeneficio": "                  DEDUCAO SAUDE                                     164.322,48D"
            },
            {
                "nomeBeneficio": "                  DEDUCAO FUNDEB                                    219.096,65D"
            },
            {
                "nomeBeneficio": "                  TOTAL NA DATA                                     623.880,75C"
            },
            {
                "nomeBeneficio": ""
            },
            {
                "nomeBeneficio": "19.05.2023        PARCELA DE IPI                                     22.057,98C"
            },
            {
                "nomeBeneficio": "                  PARCELA DE IR                                     194.377,63C"
            },
            {
                "nomeBeneficio": "                  RETENCAO PASEP                                      2.164,34D"
            },
            {
                "nomeBeneficio": "                  RFB-RET DARF                                       26.649,00D"
            },
            {
                "nomeBeneficio": "                  DEDUCAO SAUDE                                      32.465,33D"
            },
            {
                "nomeBeneficio": "                  DEDUCAO FUNDEB                                     43.287,11D"
            },
            {
                "nomeBeneficio": "                  TOTAL NA DATA                                     111.869,83C"
            },
            {
                "nomeBeneficio": ""
            },
            {
                "nomeBeneficio": "30.05.2023        PARCELA DE IPI                                     13.881,85C"
            },
            {
                "nomeBeneficio": "                  PARCELA DE IR                                     534.193,24C"
            },
            {
                "nomeBeneficio": "                  RETENCAO PASEP                                      5.480,74D"
            },
            {
                "nomeBeneficio": "                  DEDUCAO SAUDE                                      82.211,25D"
            },
            {
                "nomeBeneficio": "                  DEDUCAO FUNDEB                                    109.615,01D"
            },
            {
                "nomeBeneficio": "                  TOTAL NA DATA                                     350.768,09C"
            },
            {
                "nomeBeneficio": ""
            },
            {
                "nomeBeneficio": "TOTAL POR PARCELA / NATUREZA"
            },
            {
                "nomeBeneficio": ""
            },
            {
                "nomeBeneficio": "                  PARCELA DE IPI                                    113.917,68C"
            },
            {
                "nomeBeneficio": "                  PARCELA DE IR                                   1.746.076,31C"
            },
            {
                "nomeBeneficio": "                  RETENCAO PASEP                                     18.599,90D"
            },
            {
                "nomeBeneficio": "                  RFB-PREV-PARC60                                    77.228,59D"
            },
            {
                "nomeBeneficio": "                  RFB-RET DARF                                       26.649,00D"
            },
            {
                "nomeBeneficio": "                  DEDUCAO SAUDE                                     278.999,06D"
            },
            {
                "nomeBeneficio": "                  DEDUCAO FUNDEB                                    371.998,77D"
            },
            {
                "nomeBeneficio": ""
            },
            {
                "nomeBeneficio": "                  DEBITO FUNDO                                      773.475,32D"
            },
            {
                "nomeBeneficio": "                  CREDITO FUNDO                                   1.859.993,99C"
            },
            {
                "nomeBeneficio": ""
            },
            {
                "nomeBeneficio": "TOTAL DISTRIBUIDO NO PERIODO"
            },
            {
                "nomeBeneficio": ""
            },
            {
                "nomeBeneficio": "                  DEBITO BENEF.                                     773.475,32D"
            },
            {
                "nomeBeneficio": "                  CREDITO BENEF.                                  1.859.993,99C"
            }
        ]
    },
    "June": {
        "quantidadeBeneficio": 45,
        "indicadorContinuarPesquisa": "N",
        "quantidadeOcorrencia": [
            {
                "nomeBeneficio": "ITAGI                                             -BA"
            },
            {
                "nomeBeneficio": ""
            },
            {
                "nomeBeneficio": "FPM   - FUNDO DE PARTICIPACAO DOS MUNICIPIOS"
            },
            {
                "nomeBeneficio": "DATA                PARCELA                                   VALOR DISTRIBUIDO"
            },
            {
                "nomeBeneficio": ""
            },
            {
                "nomeBeneficio": "09.06.2023        PARCELA DE IPI                                     96.206,16C"
            },
            {
                "nomeBeneficio": "                  PARCELA DE IR                                     666.638,55C"
            },
            {
                "nomeBeneficio": "                  RETENCAO PASEP                                      7.628,44D"
            },
            {
                "nomeBeneficio": "                  RFB-PREV-PARC60                                    77.481,24D"
            },
            {
                "nomeBeneficio": "                  RFB-RET DARF                                       27.100,00D"
            },
            {
                "nomeBeneficio": "                  DEDUCAO SAUDE                                     114.426,70D"
            },
            {
                "nomeBeneficio": "                  DEDUCAO FUNDEB                                    152.568,94D"
            },
            {
                "nomeBeneficio": "                  TOTAL NA DATA                                     383.639,39C"
            },
            {
                "nomeBeneficio": ""
            },
            {
                "nomeBeneficio": "20.06.2023        PARCELA DE IPI                                     24.162,12C"
            },
            {
                "nomeBeneficio": "                  PARCELA DE IR                                     416.482,08C"
            },
            {
                "nomeBeneficio": "                  RETENCAO PASEP                                      4.406,44D"
            },
            {
                "nomeBeneficio": "                  DEDUCAO SAUDE                                      66.096,62D"
            },
            {
                "nomeBeneficio": "                  DEDUCAO FUNDEB                                     88.128,83D"
            },
            {
                "nomeBeneficio": "                  TOTAL NA DATA                                     282.012,31C"
            },
            {
                "nomeBeneficio": ""
            },
            {
                "nomeBeneficio": "30.06.2023        PARCELA DE IPI                                     21.684,06C"
            },
            {
                "nomeBeneficio": "                  PARCELA DE IR                                     512.047,48C"
            },
            {
                "nomeBeneficio": "                  RETENCAO PASEP                                      5.337,31D"
            },
            {
                "nomeBeneficio": "                  DEDUCAO SAUDE                                      80.059,72D"
            },
            {
                "nomeBeneficio": "                  DEDUCAO FUNDEB                                    106.746,30D"
            },
            {
                "nomeBeneficio": "                  TOTAL NA DATA                                     341.588,21C"
            },
            {
                "nomeBeneficio": ""
            },
            {
                "nomeBeneficio": "TOTAL POR PARCELA / NATUREZA"
            },
            {
                "nomeBeneficio": ""
            },
            {
                "nomeBeneficio": "                  PARCELA DE IPI                                    142.052,34C"
            },
            {
                "nomeBeneficio": "                  PARCELA DE IR                                   1.595.168,11C"
            },
            {
                "nomeBeneficio": "                  RETENCAO PASEP                                     17.372,19D"
            },
            {
                "nomeBeneficio": "                  RFB-PREV-PARC60                                    77.481,24D"
            },
            {
                "nomeBeneficio": "                  RFB-RET DARF                                       27.100,00D"
            },
            {
                "nomeBeneficio": "                  DEDUCAO SAUDE                                     260.583,04D"
            },
            {
                "nomeBeneficio": "                  DEDUCAO FUNDEB                                    347.444,07D"
            },
            {
                "nomeBeneficio": ""
            },
            {
                "nomeBeneficio": "                  DEBITO FUNDO                                      729.980,54D"
            },
            {
                "nomeBeneficio": "                  CREDITO FUNDO                                   1.737.220,45C"
            },
            {
                "nomeBeneficio": ""
            },
            {
                "nomeBeneficio": "TOTAL DISTRIBUIDO NO PERIODO"
            },
            {
                "nomeBeneficio": ""
            },
            {
                "nomeBeneficio": "                  DEBITO BENEF.                                     729.980,54D"
            },
            {
                "nomeBeneficio": "                  CREDITO BENEF.                                  1.737.220,45C"
            }
        ]
    },
    "July": {
        "quantidadeBeneficio": 51,
        "indicadorContinuarPesquisa": "N",
        "quantidadeOcorrencia": [
            {
                "nomeBeneficio": "ITAGI                                             -BA"
            },
            {
                "nomeBeneficio": ""
            },
            {
                "nomeBeneficio": "FPM   - FUNDO DE PARTICIPACAO DOS MUNICIPIOS"
            },
            {
                "nomeBeneficio": "DATA                PARCELA                                   VALOR DISTRIBUIDO"
            },
            {
                "nomeBeneficio": ""
            },
            {
                "nomeBeneficio": "10.07.2023        PARCELA DE IPI                                    197.389,08C"
            },
            {
                "nomeBeneficio": "                  PARCELA DE IR                                   1.598.742,81C"
            },
            {
                "nomeBeneficio": "                  AJ DED FUNDEB                                      61.349,34C"
            },
            {
                "nomeBeneficio": "                  AJ DED PASEP                                        3.067,46C"
            },
            {
                "nomeBeneficio": "                  RETENCAO PASEP                                     17.961,30D"
            },
            {
                "nomeBeneficio": "                  RFB-PREV-PARC60                                    77.722,60D"
            },
            {
                "nomeBeneficio": "                  RFB-RET DARF                                       27.500,00D"
            },
            {
                "nomeBeneficio": "                  DEDUCAO SAUDE                                     103.418,38D"
            },
            {
                "nomeBeneficio": "                  DEDUCAO FUNDEB                                    137.891,18D"
            },
            {
                "nomeBeneficio": "                  AJUSTE FPM                                        306.746,82D"
            },
            {
                "nomeBeneficio": "                  TOTAL NA DATA                                   1.189.308,41C"
            },
            {
                "nomeBeneficio": ""
            },
            {
                "nomeBeneficio": "20.07.2023        PARCELA DE IPI                                     30.350,63C"
            },
            {
                "nomeBeneficio": "                  PARCELA DE IR                                     214.294,45C"
            },
            {
                "nomeBeneficio": "                  RETENCAO PASEP                                      2.446,44D"
            },
            {
                "nomeBeneficio": "                  DEDUCAO SAUDE                                      36.696,75D"
            },
            {
                "nomeBeneficio": "                  DEDUCAO FUNDEB                                     48.929,01D"
            },
            {
                "nomeBeneficio": "                  TOTAL NA DATA                                     156.572,88C"
            },
            {
                "nomeBeneficio": ""
            },
            {
                "nomeBeneficio": "28.07.2023        PARCELA DE IPI                                     15.188,97C"
            },
            {
                "nomeBeneficio": "                  PARCELA DE IR                                     653.837,96C"
            },
            {
                "nomeBeneficio": "                  RETENCAO PASEP                                      6.690,25D"
            },
            {
                "nomeBeneficio": "                  DEDUCAO SAUDE                                     100.354,03D"
            },
            {
                "nomeBeneficio": "                  DEDUCAO FUNDEB                                    133.805,38D"
            },
            {
                "nomeBeneficio": "                  TOTAL NA DATA                                     428.177,27C"
            },
            {
                "nomeBeneficio": ""
            },
            {
                "nomeBeneficio": "TOTAL POR PARCELA / NATUREZA"
            },
            {
                "nomeBeneficio": ""
            },
            {
                "nomeBeneficio": "                  PARCELA DE IPI                                    242.928,68C"
            },
            {
                "nomeBeneficio": "                  PARCELA DE IR                                   2.466.875,22C"
            },
            {
                "nomeBeneficio": "                  RETENCAO PASEP                                     27.097,99D"
            },
            {
                "nomeBeneficio": "                  RFB-PREV-PARC60                                    77.722,60D"
            },
            {
                "nomeBeneficio": "                  RFB-RET DARF                                       27.500,00D"
            },
            {
                "nomeBeneficio": "                  DEDUCAO SAUDE                                     240.469,16D"
            },
            {
                "nomeBeneficio": "                  DEDUCAO FUNDEB                                    320.625,57D"
            },
            {
                "nomeBeneficio": "                  AJ DED FUNDEB                                      61.349,34C"
            },
            {
                "nomeBeneficio": "                  AJ DED PASEP                                        3.067,46C"
            },
            {
                "nomeBeneficio": "                  AJUSTE FPM                                        306.746,82D"
            },
            {
                "nomeBeneficio": ""
            },
            {
                "nomeBeneficio": "                  DEBITO FUNDO                                    1.000.162,14D"
            },
            {
                "nomeBeneficio": "                  CREDITO FUNDO                                   2.774.220,70C"
            },
            {
                "nomeBeneficio": ""
            },
            {
                "nomeBeneficio": "TOTAL DISTRIBUIDO NO PERIODO"
            },
            {
                "nomeBeneficio": ""
            },
            {
                "nomeBeneficio": "                  DEBITO BENEF.                                   1.000.162,14D"
            },
            {
                "nomeBeneficio": "                  CREDITO BENEF.                                  2.774.220,70C"
            }
        ]
    },
    "August": {
        "quantidadeBeneficio": 45,
        "indicadorContinuarPesquisa": "N",
        "quantidadeOcorrencia": [
            {
                "nomeBeneficio": "ITAGI                                             -BA"
            },
            {
                "nomeBeneficio": ""
            },
            {
                "nomeBeneficio": "FPM   - FUNDO DE PARTICIPACAO DOS MUNICIPIOS"
            },
            {
                "nomeBeneficio": "DATA                PARCELA                                   VALOR DISTRIBUIDO"
            },
            {
                "nomeBeneficio": ""
            },
            {
                "nomeBeneficio": "10.08.2023        PARCELA DE IPI                                    103.034,35C"
            },
            {
                "nomeBeneficio": "                  PARCELA DE IR                                     945.319,85C"
            },
            {
                "nomeBeneficio": "                  RETENCAO PASEP                                     10.483,53D"
            },
            {
                "nomeBeneficio": "                  RFB-PREV-PARC60                                    77.963,96D"
            },
            {
                "nomeBeneficio": "                  RFB-RET DARF                                       27.810,00D"
            },
            {
                "nomeBeneficio": "                  DEDUCAO SAUDE                                     157.253,12D"
            },
            {
                "nomeBeneficio": "                  DEDUCAO FUNDEB                                    209.670,84D"
            },
            {
                "nomeBeneficio": "                  TOTAL NA DATA                                     565.172,75C"
            },
            {
                "nomeBeneficio": ""
            },
            {
                "nomeBeneficio": "18.08.2023        PARCELA DE IPI                                     24.781,48C"
            },
            {
                "nomeBeneficio": "                  PARCELA DE IR                                     214.490,64C"
            },
            {
                "nomeBeneficio": "                  RETENCAO PASEP                                      2.392,71D"
            },
            {
                "nomeBeneficio": "                  DEDUCAO SAUDE                                      35.890,81D"
            },
            {
                "nomeBeneficio": "                  DEDUCAO FUNDEB                                     47.854,41D"
            },
            {
                "nomeBeneficio": "                  TOTAL NA DATA                                     153.134,19C"
            },
            {
                "nomeBeneficio": ""
            },
            {
                "nomeBeneficio": "30.08.2023        PARCELA DE IPI                                     14.397,79C"
            },
            {
                "nomeBeneficio": "                  PARCELA DE IR                                     539.408,04C"
            },
            {
                "nomeBeneficio": "                  RETENCAO PASEP                                      5.538,05D"
            },
            {
                "nomeBeneficio": "                  DEDUCAO SAUDE                                      83.070,86D"
            },
            {
                "nomeBeneficio": "                  DEDUCAO FUNDEB                                    110.761,15D"
            },
            {
                "nomeBeneficio": "                  TOTAL NA DATA                                     354.435,77C"
            },
            {
                "nomeBeneficio": ""
            },
            {
                "nomeBeneficio": "TOTAL POR PARCELA / NATUREZA"
            },
            {
                "nomeBeneficio": ""
            },
            {
                "nomeBeneficio": "                  PARCELA DE IPI                                    142.213,62C"
            },
            {
                "nomeBeneficio": "                  PARCELA DE IR                                   1.699.218,53C"
            },
            {
                "nomeBeneficio": "                  RETENCAO PASEP                                     18.414,29D"
            },
            {
                "nomeBeneficio": "                  RFB-PREV-PARC60                                    77.963,96D"
            },
            {
                "nomeBeneficio": "                  RFB-RET DARF                                       27.810,00D"
            },
            {
                "nomeBeneficio": "                  DEDUCAO SAUDE                                     276.214,79D"
            },
            {
                "nomeBeneficio": "                  DEDUCAO FUNDEB                                    368.286,40D"
            },
            {
                "nomeBeneficio": ""
            },
            {
                "nomeBeneficio": "                  DEBITO FUNDO                                      768.689,44D"
            },
            {
                "nomeBeneficio": "                  CREDITO FUNDO                                   1.841.432,15C"
            },
            {
                "nomeBeneficio": ""
            },
            {
                "nomeBeneficio": "TOTAL DISTRIBUIDO NO PERIODO"
            },
            {
                "nomeBeneficio": ""
            },
            {
                "nomeBeneficio": "                  DEBITO BENEF.                                     768.689,44D"
            },
            {
                "nomeBeneficio": "                  CREDITO BENEF.                                  1.841.432,15C"
            }
        ]
    },
    "September": {
        "quantidadeBeneficio": 45,
        "indicadorContinuarPesquisa": "N",
        "quantidadeOcorrencia": [
            {
                "nomeBeneficio": "ITAGI                                             -BA"
            },
            {
                "nomeBeneficio": ""
            },
            {
                "nomeBeneficio": "FPM   - FUNDO DE PARTICIPACAO DOS MUNICIPIOS"
            },
            {
                "nomeBeneficio": "DATA                PARCELA                                   VALOR DISTRIBUIDO"
            },
            {
                "nomeBeneficio": ""
            },
            {
                "nomeBeneficio": "08.09.2023        PARCELA DE IPI                                    140.030,14C"
            },
            {
                "nomeBeneficio": "                  PARCELA DE IR                                     811.483,69C"
            },
            {
                "nomeBeneficio": "                  RETENCAO PASEP                                      9.515,12D"
            },
            {
                "nomeBeneficio": "                  RFB-PREV-PARC60                                    78.221,11D"
            },
            {
                "nomeBeneficio": "                  RFB-RET DARF                                       27.956,00D"
            },
            {
                "nomeBeneficio": "                  DEDUCAO SAUDE                                     101.638,51D"
            },
            {
                "nomeBeneficio": "                  DEDUCAO FUNDEB                                    135.518,02D"
            },
            {
                "nomeBeneficio": "                  TOTAL NA DATA                                     598.665,07C"
            },
            {
                "nomeBeneficio": ""
            },
            {
                "nomeBeneficio": "20.09.2023        PARCELA DE IPI                                     18.739,55C"
            },
            {
                "nomeBeneficio": "                  PARCELA DE IR                                     154.969,81C"
            },
            {
                "nomeBeneficio": "                  RETENCAO PASEP                                      1.737,08D"
            },
            {
                "nomeBeneficio": "                  DEDUCAO SAUDE                                      26.056,40D"
            },
            {
                "nomeBeneficio": "                  DEDUCAO FUNDEB                                     34.741,87D"
            },
            {
                "nomeBeneficio": "                  TOTAL NA DATA                                     111.174,01C"
            },
            {
                "nomeBeneficio": ""
            },
            {
                "nomeBeneficio": "29.09.2023        PARCELA DE IPI                                     46.474,67C"
            },
            {
                "nomeBeneficio": "                  PARCELA DE IR                                     705.455,63C"
            },
            {
                "nomeBeneficio": "                  RETENCAO PASEP                                      7.519,29D"
            },
            {
                "nomeBeneficio": "                  DEDUCAO SAUDE                                     112.789,54D"
            },
            {
                "nomeBeneficio": "                  DEDUCAO FUNDEB                                    150.386,05D"
            },
            {
                "nomeBeneficio": "                  TOTAL NA DATA                                     481.235,42C"
            },
            {
                "nomeBeneficio": ""
            },
            {
                "nomeBeneficio": "TOTAL POR PARCELA / NATUREZA"
            },
            {
                "nomeBeneficio": ""
            },
            {
                "nomeBeneficio": "                  PARCELA DE IPI                                    205.244,36C"
            },
            {
                "nomeBeneficio": "                  PARCELA DE IR                                   1.671.909,13C"
            },
            {
                "nomeBeneficio": "                  RETENCAO PASEP                                     18.771,49D"
            },
            {
                "nomeBeneficio": "                  RFB-PREV-PARC60                                    78.221,11D"
            },
            {
                "nomeBeneficio": "                  RFB-RET DARF                                       27.956,00D"
            },
            {
                "nomeBeneficio": "                  DEDUCAO SAUDE                                     240.484,45D"
            },
            {
                "nomeBeneficio": "                  DEDUCAO FUNDEB                                    320.645,94D"
            },
            {
                "nomeBeneficio": ""
            },
            {
                "nomeBeneficio": "                  DEBITO FUNDO                                      686.078,99D"
            },
            {
                "nomeBeneficio": "                  CREDITO FUNDO                                   1.877.153,49C"
            },
            {
                "nomeBeneficio": ""
            },
            {
                "nomeBeneficio": "TOTAL DISTRIBUIDO NO PERIODO"
            },
            {
                "nomeBeneficio": ""
            },
            {
                "nomeBeneficio": "                  DEBITO BENEF.                                     686.078,99D"
            },
            {
                "nomeBeneficio": "                  CREDITO BENEF.                                  1.877.153,49C"
            }
        ]
    },
    "October": {
        "quantidadeBeneficio": 45,
        "indicadorContinuarPesquisa": "N",
        "quantidadeOcorrencia": [
            {
                "nomeBeneficio": "ITAGI                                             -BA"
            },
            {
                "nomeBeneficio": ""
            },
            {
                "nomeBeneficio": "FPM   - FUNDO DE PARTICIPACAO DOS MUNICIPIOS"
            },
            {
                "nomeBeneficio": "DATA                PARCELA                                   VALOR DISTRIBUIDO"
            },
            {
                "nomeBeneficio": ""
            },
            {
                "nomeBeneficio": "10.10.2023        PARCELA DE IPI                                    118.978,03C"
            },
            {
                "nomeBeneficio": "                  PARCELA DE IR                                     641.058,27C"
            },
            {
                "nomeBeneficio": "                  RETENCAO PASEP                                      7.600,36D"
            },
            {
                "nomeBeneficio": "                  RFB-PREV-PARC60                                    78.439,92D"
            },
            {
                "nomeBeneficio": "                  RFB-RET DARF                                       28.236,00D"
            },
            {
                "nomeBeneficio": "                  DEDUCAO SAUDE                                     114.005,44D"
            },
            {
                "nomeBeneficio": "                  DEDUCAO FUNDEB                                    152.007,25D"
            },
            {
                "nomeBeneficio": "                  TOTAL NA DATA                                     379.747,33C"
            },
            {
                "nomeBeneficio": ""
            },
            {
                "nomeBeneficio": "20.10.2023        PARCELA DE IPI                                     54.327,03C"
            },
            {
                "nomeBeneficio": "                  PARCELA DE IR                                     240.041,50C"
            },
            {
                "nomeBeneficio": "                  RETENCAO PASEP                                      2.943,68D"
            },
            {
                "nomeBeneficio": "                  DEDUCAO SAUDE                                      44.155,27D"
            },
            {
                "nomeBeneficio": "                  DEDUCAO FUNDEB                                     58.873,70D"
            },
            {
                "nomeBeneficio": "                  TOTAL NA DATA                                     188.395,88C"
            },
            {
                "nomeBeneficio": ""
            },
            {
                "nomeBeneficio": "30.10.2023        PARCELA DE IPI                                     32.592,64C"
            },
            {
                "nomeBeneficio": "                  PARCELA DE IR                                     656.432,41C"
            },
            {
                "nomeBeneficio": "                  RETENCAO PASEP                                      6.890,24D"
            },
            {
                "nomeBeneficio": "                  DEDUCAO SAUDE                                     103.353,75D"
            },
            {
                "nomeBeneficio": "                  DEDUCAO FUNDEB                                    137.805,00D"
            },
            {
                "nomeBeneficio": "                  TOTAL NA DATA                                     440.976,06C"
            },
            {
                "nomeBeneficio": ""
            },
            {
                "nomeBeneficio": "TOTAL POR PARCELA / NATUREZA"
            },
            {
                "nomeBeneficio": ""
            },
            {
                "nomeBeneficio": "                  PARCELA DE IPI                                    205.897,70C"
            },
            {
                "nomeBeneficio": "                  PARCELA DE IR                                   1.537.532,18C"
            },
            {
                "nomeBeneficio": "                  RETENCAO PASEP                                     17.434,28D"
            },
            {
                "nomeBeneficio": "                  RFB-PREV-PARC60                                    78.439,92D"
            },
            {
                "nomeBeneficio": "                  RFB-RET DARF                                       28.236,00D"
            },
            {
                "nomeBeneficio": "                  DEDUCAO SAUDE                                     261.514,46D"
            },
            {
                "nomeBeneficio": "                  DEDUCAO FUNDEB                                    348.685,95D"
            },
            {
                "nomeBeneficio": ""
            },
            {
                "nomeBeneficio": "                  DEBITO FUNDO                                      734.310,61D"
            },
            {
                "nomeBeneficio": "                  CREDITO FUNDO                                   1.743.429,88C"
            },
            {
                "nomeBeneficio": ""
            },
            {
                "nomeBeneficio": "TOTAL DISTRIBUIDO NO PERIODO"
            },
            {
                "nomeBeneficio": ""
            },
            {
                "nomeBeneficio": "                  DEBITO BENEF.                                     734.310,61D"
            },
            {
                "nomeBeneficio": "                  CREDITO BENEF.                                  1.743.429,88C"
            }
        ]
    },
    "November": {
        "quantidadeBeneficio": 45,
        "indicadorContinuarPesquisa": "N",
        "quantidadeOcorrencia": [
            {
                "nomeBeneficio": "ITAGI                                             -BA"
            },
            {
                "nomeBeneficio": ""
            },
            {
                "nomeBeneficio": "FPM   - FUNDO DE PARTICIPACAO DOS MUNICIPIOS"
            },
            {
                "nomeBeneficio": "DATA                PARCELA                                   VALOR DISTRIBUIDO"
            },
            {
                "nomeBeneficio": ""
            },
            {
                "nomeBeneficio": "10.11.2023        PARCELA DE IPI                                     99.551,67C"
            },
            {
                "nomeBeneficio": "                  PARCELA DE IR                                   1.247.912,76C"
            },
            {
                "nomeBeneficio": "                  RETENCAO PASEP                                     13.474,63D"
            },
            {
                "nomeBeneficio": "                  RFB-PREV-PARC60                                    78.665,49D"
            },
            {
                "nomeBeneficio": "                  RFB-RET DARF                                       28.518,00D"
            },
            {
                "nomeBeneficio": "                  DEDUCAO SAUDE                                     202.119,66D"
            },
            {
                "nomeBeneficio": "                  DEDUCAO FUNDEB                                    269.492,88D"
            },
            {
                "nomeBeneficio": "                  TOTAL NA DATA                                     755.193,77C"
            },
            {
                "nomeBeneficio": ""
            },
            {
                "nomeBeneficio": "20.11.2023        PARCELA DE IPI                                     35.135,03C"
            },
            {
                "nomeBeneficio": "                  PARCELA DE IR                                     257.173,40C"
            },
            {
                "nomeBeneficio": "                  RETENCAO PASEP                                      2.923,08D"
            },
            {
                "nomeBeneficio": "                  DEDUCAO SAUDE                                      43.846,26D"
            },
            {
                "nomeBeneficio": "                  DEDUCAO FUNDEB                                     58.461,68D"
            },
            {
                "nomeBeneficio": "                  TOTAL NA DATA                                     187.077,41C"
            },
            {
                "nomeBeneficio": ""
            },
            {
                "nomeBeneficio": "30.11.2023        PARCELA DE IPI                                     34.020,77C"
            },
            {
                "nomeBeneficio": "                  PARCELA DE IR                                     588.244,66C"
            },
            {
                "nomeBeneficio": "                  RETENCAO PASEP                                      6.222,64D"
            },
            {
                "nomeBeneficio": "                  DEDUCAO SAUDE                                      93.339,80D"
            },
            {
                "nomeBeneficio": "                  DEDUCAO FUNDEB                                    124.453,08D"
            },
            {
                "nomeBeneficio": "                  TOTAL NA DATA                                     398.249,91C"
            },
            {
                "nomeBeneficio": ""
            },
            {
                "nomeBeneficio": "TOTAL POR PARCELA / NATUREZA"
            },
            {
                "nomeBeneficio": ""
            },
            {
                "nomeBeneficio": "                  PARCELA DE IPI                                    168.707,47C"
            },
            {
                "nomeBeneficio": "                  PARCELA DE IR                                   2.093.330,82C"
            },
            {
                "nomeBeneficio": "                  RETENCAO PASEP                                     22.620,35D"
            },
            {
                "nomeBeneficio": "                  RFB-PREV-PARC60                                    78.665,49D"
            },
            {
                "nomeBeneficio": "                  RFB-RET DARF                                       28.518,00D"
            },
            {
                "nomeBeneficio": "                  DEDUCAO SAUDE                                     339.305,72D"
            },
            {
                "nomeBeneficio": "                  DEDUCAO FUNDEB                                    452.407,64D"
            },
            {
                "nomeBeneficio": ""
            },
            {
                "nomeBeneficio": "                  DEBITO FUNDO                                      921.517,20D"
            },
            {
                "nomeBeneficio": "                  CREDITO FUNDO                                   2.262.038,29C"
            },
            {
                "nomeBeneficio": ""
            },
            {
                "nomeBeneficio": "TOTAL DISTRIBUIDO NO PERIODO"
            },
            {
                "nomeBeneficio": ""
            },
            {
                "nomeBeneficio": "                  DEBITO BENEF.                                     921.517,20D"
            },
            {
                "nomeBeneficio": "                  CREDITO BENEF.                                  2.262.038,29C"
            }
        ]
    },
    "December": {
        "quantidadeBeneficio": 50,
        "indicadorContinuarPesquisa": "N",
        "quantidadeOcorrencia": [
            {
                "nomeBeneficio": "ITAGI                                             -BA"
            },
            {
                "nomeBeneficio": ""
            },
            {
                "nomeBeneficio": "FPM   - FUNDO DE PARTICIPACAO DOS MUNICIPIOS"
            },
            {
                "nomeBeneficio": "DATA                PARCELA                                   VALOR DISTRIBUIDO"
            },
            {
                "nomeBeneficio": ""
            },
            {
                "nomeBeneficio": "07.12.2023        PARCELA DE IPI                                     85.833,23C"
            },
            {
                "nomeBeneficio": "                  PARCELA DE IR                                   1.017.605,97C"
            },
            {
                "nomeBeneficio": "                  RETENCAO PASEP                                     11.034,38D"
            },
            {
                "nomeBeneficio": "                  TOTAL NA DATA                                   1.092.404,82C"
            },
            {
                "nomeBeneficio": ""
            },
            {
                "nomeBeneficio": "08.12.2023        PARCELA DE IPI                                     97.359,85C"
            },
            {
                "nomeBeneficio": "                  PARCELA DE IR                                     875.422,50C"
            },
            {
                "nomeBeneficio": "                  RETENCAO PASEP                                      9.727,81D"
            },
            {
                "nomeBeneficio": "                  RFB-PREV-PARC60                                    78.873,01D"
            },
            {
                "nomeBeneficio": "                  RFB-RET DARF                                       28.803,00D"
            },
            {
                "nomeBeneficio": "                  DEDUCAO SAUDE                                     145.917,34D"
            },
            {
                "nomeBeneficio": "                  DEDUCAO FUNDEB                                    194.556,47D"
            },
            {
                "nomeBeneficio": "                  TOTAL NA DATA                                     514.904,72C"
            },
            {
                "nomeBeneficio": ""
            },
            {
                "nomeBeneficio": "20.12.2023        PARCELA DE IPI                                     46.085,23C"
            },
            {
                "nomeBeneficio": "                  PARCELA DE IR                                     623.522,21C"
            },
            {
                "nomeBeneficio": "                  RETENCAO PASEP                                      6.696,07D"
            },
            {
                "nomeBeneficio": "                  DEDUCAO SAUDE                                     100.441,11D"
            },
            {
                "nomeBeneficio": "                  DEDUCAO FUNDEB                                    133.921,48D"
            },
            {
                "nomeBeneficio": "                  TOTAL NA DATA                                     428.548,78C"
            },
            {
                "nomeBeneficio": ""
            },
            {
                "nomeBeneficio": "28.12.2023        PARCELA DE IPI                                     40.225,19C"
            },
            {
                "nomeBeneficio": "                  PARCELA DE IR                                     806.221,36C"
            },
            {
                "nomeBeneficio": "                  RETENCAO PASEP                                      8.464,46D"
            },
            {
                "nomeBeneficio": "                  DEDUCAO SAUDE                                     126.966,97D"
            },
            {
                "nomeBeneficio": "                  DEDUCAO FUNDEB                                    169.289,30D"
            },
            {
                "nomeBeneficio": "                  TOTAL NA DATA                                     541.725,82C"
            },
            {
                "nomeBeneficio": ""
            },
            {
                "nomeBeneficio": "TOTAL POR PARCELA / NATUREZA"
            },
            {
                "nomeBeneficio": ""
            },
            {
                "nomeBeneficio": "                  PARCELA DE IPI                                    269.503,50C"
            },
            {
                "nomeBeneficio": "                  PARCELA DE IR                                   3.322.772,04C"
            },
            {
                "nomeBeneficio": "                  RETENCAO PASEP                                     35.922,72D"
            },
            {
                "nomeBeneficio": "                  RFB-PREV-PARC60                                    78.873,01D"
            },
            {
                "nomeBeneficio": "                  RFB-RET DARF                                       28.803,00D"
            },
            {
                "nomeBeneficio": "                  DEDUCAO SAUDE                                     373.325,42D"
            },
            {
                "nomeBeneficio": "                  DEDUCAO FUNDEB                                    497.767,25D"
            },
            {
                "nomeBeneficio": ""
            },
            {
                "nomeBeneficio": "                  DEBITO FUNDO                                    1.014.691,40D"
            },
            {
                "nomeBeneficio": "                  CREDITO FUNDO                                   3.592.275,54C"
            },
            {
                "nomeBeneficio": ""
            },
            {
                "nomeBeneficio": "TOTAL DISTRIBUIDO NO PERIODO"
            },
            {
                "nomeBeneficio": ""
            },
            {
                "nomeBeneficio": "                  DEBITO BENEF.                                   1.014.691,40D"
            },
            {
                "nomeBeneficio": "                  CREDITO BENEF.                                  3.592.275,54C"
            }
        ]
    }
}