{
    "January": {
        "quantidadeBeneficio": 43,
        "indicadorContinuarPesquisa": "N",
        "quantidadeOcorrencia": [
            {
                "nomeBeneficio": "AURELINO LEAL                                     -BA"
            },
            {
                "nomeBeneficio": ""
            },
            {
                "nomeBeneficio": "FPM   - FUNDO DE PARTICIPACAO DOS MUNICIPIOS"
            },
            {
                "nomeBeneficio": "DATA                PARCELA                                   VALOR DISTRIBUIDO"
            },
            {
                "nomeBeneficio": ""
            },
            {
                "nomeBeneficio": "10.01.2023        PARCELA DE IPI                                     78.235,63C"
            },
            {
                "nomeBeneficio": "                  PARCELA DE IR                                     720.901,59C"
            },
            {
                "nomeBeneficio": "                  RETENCAO PASEP                                      7.991,36D"
            },
            {
                "nomeBeneficio": "                  RFB-PREV-PARC60                                    94.997,30D"
            },
            {
                "nomeBeneficio": "                  DEDUCAO SAUDE                                     119.870,57D"
            },
            {
                "nomeBeneficio": "                  DEDUCAO FUNDEB                                    159.827,43D"
            },
            {
                "nomeBeneficio": "                  TOTAL NA DATA                                     416.450,56C"
            },
            {
                "nomeBeneficio": ""
            },
            {
                "nomeBeneficio": "20.01.2023        PARCELA DE IPI                                     38.749,78C"
            },
            {
                "nomeBeneficio": "                  PARCELA DE IR                                     269.217,98C"
            },
            {
                "nomeBeneficio": "                  RETENCAO PASEP                                      3.079,66D"
            },
            {
                "nomeBeneficio": "                  DEDUCAO SAUDE                                      46.195,15D"
            },
            {
                "nomeBeneficio": "                  DEDUCAO FUNDEB                                     61.593,54D"
            },
            {
                "nomeBeneficio": "                  TOTAL NA DATA                                     197.099,41C"
            },
            {
                "nomeBeneficio": ""
            },
            {
                "nomeBeneficio": "30.01.2023        PARCELA DE IPI                                     20.615,43C"
            },
            {
                "nomeBeneficio": "                  PARCELA DE IR                                     679.898,56C"
            },
            {
                "nomeBeneficio": "                  RETENCAO PASEP                                      7.005,13D"
            },
            {
                "nomeBeneficio": "                  DEDUCAO SAUDE                                     105.077,09D"
            },
            {
                "nomeBeneficio": "                  DEDUCAO FUNDEB                                    140.102,79D"
            },
            {
                "nomeBeneficio": "                  TOTAL NA DATA                                     448.328,98C"
            },
            {
                "nomeBeneficio": ""
            },
            {
                "nomeBeneficio": "TOTAL POR PARCELA / NATUREZA"
            },
            {
                "nomeBeneficio": ""
            },
            {
                "nomeBeneficio": "                  PARCELA DE IPI                                    137.600,84C"
            },
            {
                "nomeBeneficio": "                  PARCELA DE IR                                   1.670.018,13C"
            },
            {
                "nomeBeneficio": "                  RETENCAO PASEP                                     18.076,15D"
            },
            {
                "nomeBeneficio": "                  RFB-PREV-PARC60                                    94.997,30D"
            },
            {
                "nomeBeneficio": "                  DEDUCAO SAUDE                                     271.142,81D"
            },
            {
                "nomeBeneficio": "                  DEDUCAO FUNDEB                                    361.523,76D"
            },
            {
                "nomeBeneficio": ""
            },
            {
                "nomeBeneficio": "                  DEBITO FUNDO                                      745.740,02D"
            },
            {
                "nomeBeneficio": "                  CREDITO FUNDO                                   1.807.618,97C"
            },
            {
                "nomeBeneficio": ""
            },
            {
                "nomeBeneficio": "TOTAL DISTRIBUIDO NO PERIODO"
            },
            {
                "nomeBeneficio": ""
            },
            {
                "nomeBeneficio": "                  DEBITO BENEF.                                     745.740,02D"
            },
            {
                "nomeBeneficio": "                  CREDITO BENEF.                                  1.807.618,97C"
            }
        ]
    },
    "February": {
        "quantidadeBeneficio": 43,
        "indicadorContinuarPesquisa": "N",
        "quantidadeOcorrencia": [
            {
                "nomeBeneficio": "AURELINO LEAL                                     -BA"
            },
            {
                "nomeBeneficio": ""
            },
            {
                "nomeBeneficio": "FPM   - FUNDO DE PARTICIPACAO DOS MUNICIPIOS"
            },
            {
                "nomeBeneficio": "DATA                PARCELA                                   VALOR DISTRIBUIDO"
            },
            {
                "nomeBeneficio": ""
            },
            {
                "nomeBeneficio": "10.02.2023        PARCELA DE IPI                                     72.898,66C"
            },
            {
                "nomeBeneficio": "                  PARCELA DE IR                                   1.719.080,54C"
            },
            {
                "nomeBeneficio": "                  RETENCAO PASEP                                     17.919,78D"
            },
            {
                "nomeBeneficio": "                  RFB-PREV-PARC60                                    95.055,68D"
            },
            {
                "nomeBeneficio": "                  DEDUCAO SAUDE                                     268.796,87D"
            },
            {
                "nomeBeneficio": "                  DEDUCAO FUNDEB                                    358.395,83D"
            },
            {
                "nomeBeneficio": "                  TOTAL NA DATA                                   1.051.811,04C"
            },
            {
                "nomeBeneficio": ""
            },
            {
                "nomeBeneficio": "17.02.2023        PARCELA DE IPI                                     13.248,20C"
            },
            {
                "nomeBeneficio": "                  PARCELA DE IR                                     159.257,23C"
            },
            {
                "nomeBeneficio": "                  RETENCAO PASEP                                      1.725,05D"
            },
            {
                "nomeBeneficio": "                  DEDUCAO SAUDE                                      25.875,81D"
            },
            {
                "nomeBeneficio": "                  DEDUCAO FUNDEB                                     34.501,08D"
            },
            {
                "nomeBeneficio": "                  TOTAL NA DATA                                     110.403,49C"
            },
            {
                "nomeBeneficio": ""
            },
            {
                "nomeBeneficio": "28.02.2023        PARCELA DE IPI                                      9.735,56C"
            },
            {
                "nomeBeneficio": "                  PARCELA DE IR                                     418.013,01C"
            },
            {
                "nomeBeneficio": "                  RETENCAO PASEP                                      4.277,48D"
            },
            {
                "nomeBeneficio": "                  DEDUCAO SAUDE                                      64.162,28D"
            },
            {
                "nomeBeneficio": "                  DEDUCAO FUNDEB                                     85.549,71D"
            },
            {
                "nomeBeneficio": "                  TOTAL NA DATA                                     273.759,10C"
            },
            {
                "nomeBeneficio": ""
            },
            {
                "nomeBeneficio": "TOTAL POR PARCELA / NATUREZA"
            },
            {
                "nomeBeneficio": ""
            },
            {
                "nomeBeneficio": "                  PARCELA DE IPI                                     95.882,42C"
            },
            {
                "nomeBeneficio": "                  PARCELA DE IR                                   2.296.350,78C"
            },
            {
                "nomeBeneficio": "                  RETENCAO PASEP                                     23.922,31D"
            },
            {
                "nomeBeneficio": "                  RFB-PREV-PARC60                                    95.055,68D"
            },
            {
                "nomeBeneficio": "                  DEDUCAO SAUDE                                     358.834,96D"
            },
            {
                "nomeBeneficio": "                  DEDUCAO FUNDEB                                    478.446,62D"
            },
            {
                "nomeBeneficio": ""
            },
            {
                "nomeBeneficio": "                  DEBITO FUNDO                                      956.259,57D"
            },
            {
                "nomeBeneficio": "                  CREDITO FUNDO                                   2.392.233,20C"
            },
            {
                "nomeBeneficio": ""
            },
            {
                "nomeBeneficio": "TOTAL DISTRIBUIDO NO PERIODO"
            },
            {
                "nomeBeneficio": ""
            },
            {
                "nomeBeneficio": "                  DEBITO BENEF.                                     956.259,57D"
            },
            {
                "nomeBeneficio": "                  CREDITO BENEF.                                  2.392.233,20C"
            }
        ]
    },
    "March": {
        "quantidadeBeneficio": 43,
        "indicadorContinuarPesquisa": "N",
        "quantidadeOcorrencia": [
            {
                "nomeBeneficio": "AURELINO LEAL                                     -BA"
            },
            {
                "nomeBeneficio": ""
            },
            {
                "nomeBeneficio": "FPM   - FUNDO DE PARTICIPACAO DOS MUNICIPIOS"
            },
            {
                "nomeBeneficio": "DATA                PARCELA                                   VALOR DISTRIBUIDO"
            },
            {
                "nomeBeneficio": ""
            },
            {
                "nomeBeneficio": "10.03.2023        PARCELA DE IPI                                     82.223,75C"
            },
            {
                "nomeBeneficio": "                  PARCELA DE IR                                     667.989,30C"
            },
            {
                "nomeBeneficio": "                  RETENCAO PASEP                                      7.502,12D"
            },
            {
                "nomeBeneficio": "                  RFB-PREV-PARC60                                    95.103,63D"
            },
            {
                "nomeBeneficio": "                  DEDUCAO SAUDE                                     112.531,95D"
            },
            {
                "nomeBeneficio": "                  DEDUCAO FUNDEB                                    150.042,61D"
            },
            {
                "nomeBeneficio": "                  TOTAL NA DATA                                     385.032,74C"
            },
            {
                "nomeBeneficio": ""
            },
            {
                "nomeBeneficio": "20.03.2023        PARCELA DE IPI                                     16.527,55C"
            },
            {
                "nomeBeneficio": "                  PARCELA DE IR                                     148.847,19C"
            },
            {
                "nomeBeneficio": "                  RETENCAO PASEP                                      1.653,74D"
            },
            {
                "nomeBeneficio": "                  DEDUCAO SAUDE                                      24.806,20D"
            },
            {
                "nomeBeneficio": "                  DEDUCAO FUNDEB                                     33.074,94D"
            },
            {
                "nomeBeneficio": "                  TOTAL NA DATA                                     105.839,86C"
            },
            {
                "nomeBeneficio": ""
            },
            {
                "nomeBeneficio": "30.03.2023        PARCELA DE IPI                                     20.077,06C"
            },
            {
                "nomeBeneficio": "                  PARCELA DE IR                                     527.773,94C"
            },
            {
                "nomeBeneficio": "                  RETENCAO PASEP                                      5.478,50D"
            },
            {
                "nomeBeneficio": "                  DEDUCAO SAUDE                                      82.177,64D"
            },
            {
                "nomeBeneficio": "                  DEDUCAO FUNDEB                                    109.570,19D"
            },
            {
                "nomeBeneficio": "                  TOTAL NA DATA                                     350.624,67C"
            },
            {
                "nomeBeneficio": ""
            },
            {
                "nomeBeneficio": "TOTAL POR PARCELA / NATUREZA"
            },
            {
                "nomeBeneficio": ""
            },
            {
                "nomeBeneficio": "                  PARCELA DE IPI                                    118.828,36C"
            },
            {
                "nomeBeneficio": "                  PARCELA DE IR                                   1.344.610,43C"
            },
            {
                "nomeBeneficio": "                  RETENCAO PASEP                                     14.634,36D"
            },
            {
                "nomeBeneficio": "                  RFB-PREV-PARC60                                    95.103,63D"
            },
            {
                "nomeBeneficio": "                  DEDUCAO SAUDE                                     219.515,79D"
            },
            {
                "nomeBeneficio": "                  DEDUCAO FUNDEB                                    292.687,74D"
            },
            {
                "nomeBeneficio": ""
            },
            {
                "nomeBeneficio": "                  DEBITO FUNDO                                      621.941,52D"
            },
            {
                "nomeBeneficio": "                  CREDITO FUNDO                                   1.463.438,79C"
            },
            {
                "nomeBeneficio": ""
            },
            {
                "nomeBeneficio": "TOTAL DISTRIBUIDO NO PERIODO"
            },
            {
                "nomeBeneficio": ""
            },
            {
                "nomeBeneficio": "                  DEBITO BENEF.                                     621.941,52D"
            },
            {
                "nomeBeneficio": "                  CREDITO BENEF.                                  1.463.438,79C"
            }
        ]
    },
    "April": {
        "quantidadeBeneficio": 43,
        "indicadorContinuarPesquisa": "N",
        "quantidadeOcorrencia": [
            {
                "nomeBeneficio": "AURELINO LEAL                                     -BA"
            },
            {
                "nomeBeneficio": ""
            },
            {
                "nomeBeneficio": "FPM   - FUNDO DE PARTICIPACAO DOS MUNICIPIOS"
            },
            {
                "nomeBeneficio": "DATA                PARCELA                                   VALOR DISTRIBUIDO"
            },
            {
                "nomeBeneficio": ""
            },
            {
                "nomeBeneficio": "10.04.2023        PARCELA DE IPI                                     93.524,98C"
            },
            {
                "nomeBeneficio": "                  PARCELA DE IR                                     715.673,78C"
            },
            {
                "nomeBeneficio": "                  RETENCAO PASEP                                      8.091,97D"
            },
            {
                "nomeBeneficio": "                  RFB-PREV-PARC60                                   115.949,40D"
            },
            {
                "nomeBeneficio": "                  DEDUCAO SAUDE                                     121.379,80D"
            },
            {
                "nomeBeneficio": "                  DEDUCAO FUNDEB                                    161.839,74D"
            },
            {
                "nomeBeneficio": "                  TOTAL NA DATA                                     401.937,85C"
            },
            {
                "nomeBeneficio": ""
            },
            {
                "nomeBeneficio": "20.04.2023        PARCELA DE IPI                                     14.743,71C"
            },
            {
                "nomeBeneficio": "                  PARCELA DE IR                                     193.010,83C"
            },
            {
                "nomeBeneficio": "                  RETENCAO PASEP                                      2.077,53D"
            },
            {
                "nomeBeneficio": "                  DEDUCAO SAUDE                                      31.163,17D"
            },
            {
                "nomeBeneficio": "                  DEDUCAO FUNDEB                                     41.550,90D"
            },
            {
                "nomeBeneficio": "                  TOTAL NA DATA                                     132.962,94C"
            },
            {
                "nomeBeneficio": ""
            },
            {
                "nomeBeneficio": "28.04.2023        PARCELA DE IPI                                     18.410,87C"
            },
            {
                "nomeBeneficio": "                  PARCELA DE IR                                     637.803,06C"
            },
            {
                "nomeBeneficio": "                  RETENCAO PASEP                                      6.562,13D"
            },
            {
                "nomeBeneficio": "                  DEDUCAO SAUDE                                      98.432,08D"
            },
            {
                "nomeBeneficio": "                  DEDUCAO FUNDEB                                    131.242,78D"
            },
            {
                "nomeBeneficio": "                  TOTAL NA DATA                                     419.976,94C"
            },
            {
                "nomeBeneficio": ""
            },
            {
                "nomeBeneficio": "TOTAL POR PARCELA / NATUREZA"
            },
            {
                "nomeBeneficio": ""
            },
            {
                "nomeBeneficio": "                  PARCELA DE IPI                                    126.679,56C"
            },
            {
                "nomeBeneficio": "                  PARCELA DE IR                                   1.546.487,67C"
            },
            {
                "nomeBeneficio": "                  RETENCAO PASEP                                     16.731,63D"
            },
            {
                "nomeBeneficio": "                  RFB-PREV-PARC60                                   115.949,40D"
            },
            {
                "nomeBeneficio": "                  DEDUCAO SAUDE                                     250.975,05D"
            },
            {
                "nomeBeneficio": "                  DEDUCAO FUNDEB                                    334.633,42D"
            },
            {
                "nomeBeneficio": ""
            },
            {
                "nomeBeneficio": "                  DEBITO FUNDO                                      718.289,50D"
            },
            {
                "nomeBeneficio": "                  CREDITO FUNDO                                   1.673.167,23C"
            },
            {
                "nomeBeneficio": ""
            },
            {
                "nomeBeneficio": "TOTAL DISTRIBUIDO NO PERIODO"
            },
            {
                "nomeBeneficio": ""
            },
            {
                "nomeBeneficio": "                  DEBITO BENEF.                                     718.289,50D"
            },
            {
                "nomeBeneficio": "                  CREDITO BENEF.                                  1.673.167,23C"
            }
        ]
    },
    "May": {
        "quantidadeBeneficio": 45,
        "indicadorContinuarPesquisa": "N",
        "quantidadeOcorrencia": [
            {
                "nomeBeneficio": "AURELINO LEAL                                     -BA"
            },
            {
                "nomeBeneficio": ""
            },
            {
                "nomeBeneficio": "FPM   - FUNDO DE PARTICIPACAO DOS MUNICIPIOS"
            },
            {
                "nomeBeneficio": "DATA                PARCELA                                   VALOR DISTRIBUIDO"
            },
            {
                "nomeBeneficio": ""
            },
            {
                "nomeBeneficio": "10.05.2023        PARCELA DE IPI                                     77.977,85C"
            },
            {
                "nomeBeneficio": "                  PARCELA DE IR                                   1.017.505,44C"
            },
            {
                "nomeBeneficio": "                  RETENCAO PASEP                                     10.954,82D"
            },
            {
                "nomeBeneficio": "                  RFB-PREV-PARC60                                   115.356,11D"
            },
            {
                "nomeBeneficio": "                  RFB-RET DARF                                       16.935,93D"
            },
            {
                "nomeBeneficio": "                  DEDUCAO SAUDE                                     164.322,48D"
            },
            {
                "nomeBeneficio": "                  DEDUCAO FUNDEB                                    219.096,65D"
            },
            {
                "nomeBeneficio": "                  TOTAL NA DATA                                     568.817,30C"
            },
            {
                "nomeBeneficio": ""
            },
            {
                "nomeBeneficio": "19.05.2023        PARCELA DE IPI                                     22.057,98C"
            },
            {
                "nomeBeneficio": "                  PARCELA DE IR                                     194.377,63C"
            },
            {
                "nomeBeneficio": "                  RETENCAO PASEP                                      2.164,34D"
            },
            {
                "nomeBeneficio": "                  DEDUCAO SAUDE                                      32.465,33D"
            },
            {
                "nomeBeneficio": "                  DEDUCAO FUNDEB                                     43.287,11D"
            },
            {
                "nomeBeneficio": "                  TOTAL NA DATA                                     138.518,83C"
            },
            {
                "nomeBeneficio": ""
            },
            {
                "nomeBeneficio": "30.05.2023        PARCELA DE IPI                                     13.881,85C"
            },
            {
                "nomeBeneficio": "                  PARCELA DE IR                                     534.193,24C"
            },
            {
                "nomeBeneficio": "                  RETENCAO PASEP                                      5.480,74D"
            },
            {
                "nomeBeneficio": "                  DEDUCAO SAUDE                                      82.211,25D"
            },
            {
                "nomeBeneficio": "                  DEDUCAO FUNDEB                                    109.615,01D"
            },
            {
                "nomeBeneficio": "                  TOTAL NA DATA                                     350.768,09C"
            },
            {
                "nomeBeneficio": ""
            },
            {
                "nomeBeneficio": "TOTAL POR PARCELA / NATUREZA"
            },
            {
                "nomeBeneficio": ""
            },
            {
                "nomeBeneficio": "                  PARCELA DE IPI                                    113.917,68C"
            },
            {
                "nomeBeneficio": "                  PARCELA DE IR                                   1.746.076,31C"
            },
            {
                "nomeBeneficio": "                  RETENCAO PASEP                                     18.599,90D"
            },
            {
                "nomeBeneficio": "                  RFB-PREV-PARC60                                   115.356,11D"
            },
            {
                "nomeBeneficio": "                  RFB-RET DARF                                       16.935,93D"
            },
            {
                "nomeBeneficio": "                  DEDUCAO SAUDE                                     278.999,06D"
            },
            {
                "nomeBeneficio": "                  DEDUCAO FUNDEB                                    371.998,77D"
            },
            {
                "nomeBeneficio": ""
            },
            {
                "nomeBeneficio": "                  DEBITO FUNDO                                      801.889,77D"
            },
            {
                "nomeBeneficio": "                  CREDITO FUNDO                                   1.859.993,99C"
            },
            {
                "nomeBeneficio": ""
            },
            {
                "nomeBeneficio": "TOTAL DISTRIBUIDO NO PERIODO"
            },
            {
                "nomeBeneficio": ""
            },
            {
                "nomeBeneficio": "                  DEBITO BENEF.                                     801.889,77D"
            },
            {
                "nomeBeneficio": "                  CREDITO BENEF.                                  1.859.993,99C"
            }
        ]
    },
    "June": {
        "quantidadeBeneficio": 45,
        "indicadorContinuarPesquisa": "N",
        "quantidadeOcorrencia": [
            {
                "nomeBeneficio": "AURELINO LEAL                                     -BA"
            },
            {
                "nomeBeneficio": ""
            },
            {
                "nomeBeneficio": "FPM   - FUNDO DE PARTICIPACAO DOS MUNICIPIOS"
            },
            {
                "nomeBeneficio": "DATA                PARCELA                                   VALOR DISTRIBUIDO"
            },
            {
                "nomeBeneficio": ""
            },
            {
                "nomeBeneficio": "09.06.2023        PARCELA DE IPI                                     96.206,16C"
            },
            {
                "nomeBeneficio": "                  PARCELA DE IR                                     666.638,55C"
            },
            {
                "nomeBeneficio": "                  RETENCAO PASEP                                      7.628,44D"
            },
            {
                "nomeBeneficio": "                  RFB-PREV-PARC60                                   115.408,89D"
            },
            {
                "nomeBeneficio": "                  RFB-RET DARF                                       16.935,93D"
            },
            {
                "nomeBeneficio": "                  DEDUCAO SAUDE                                     114.426,70D"
            },
            {
                "nomeBeneficio": "                  DEDUCAO FUNDEB                                    152.568,94D"
            },
            {
                "nomeBeneficio": "                  TOTAL NA DATA                                     355.875,81C"
            },
            {
                "nomeBeneficio": ""
            },
            {
                "nomeBeneficio": "20.06.2023        PARCELA DE IPI                                     24.162,12C"
            },
            {
                "nomeBeneficio": "                  PARCELA DE IR                                     416.482,08C"
            },
            {
                "nomeBeneficio": "                  RETENCAO PASEP                                      4.406,44D"
            },
            {
                "nomeBeneficio": "                  DEDUCAO SAUDE                                      66.096,62D"
            },
            {
                "nomeBeneficio": "                  DEDUCAO FUNDEB                                     88.128,83D"
            },
            {
                "nomeBeneficio": "                  TOTAL NA DATA                                     282.012,31C"
            },
            {
                "nomeBeneficio": ""
            },
            {
                "nomeBeneficio": "30.06.2023        PARCELA DE IPI                                     21.684,06C"
            },
            {
                "nomeBeneficio": "                  PARCELA DE IR                                     512.047,48C"
            },
            {
                "nomeBeneficio": "                  RETENCAO PASEP                                      5.337,31D"
            },
            {
                "nomeBeneficio": "                  DEDUCAO SAUDE                                      80.059,72D"
            },
            {
                "nomeBeneficio": "                  DEDUCAO FUNDEB                                    106.746,30D"
            },
            {
                "nomeBeneficio": "                  TOTAL NA DATA                                     341.588,21C"
            },
            {
                "nomeBeneficio": ""
            },
            {
                "nomeBeneficio": "TOTAL POR PARCELA / NATUREZA"
            },
            {
                "nomeBeneficio": ""
            },
            {
                "nomeBeneficio": "                  PARCELA DE IPI                                    142.052,34C"
            },
            {
                "nomeBeneficio": "                  PARCELA DE IR                                   1.595.168,11C"
            },
            {
                "nomeBeneficio": "                  RETENCAO PASEP                                     17.372,19D"
            },
            {
                "nomeBeneficio": "                  RFB-PREV-PARC60                                   115.408,89D"
            },
            {
                "nomeBeneficio": "                  RFB-RET DARF                                       16.935,93D"
            },
            {
                "nomeBeneficio": "                  DEDUCAO SAUDE                                     260.583,04D"
            },
            {
                "nomeBeneficio": "                  DEDUCAO FUNDEB                                    347.444,07D"
            },
            {
                "nomeBeneficio": ""
            },
            {
                "nomeBeneficio": "                  DEBITO FUNDO                                      757.744,12D"
            },
            {
                "nomeBeneficio": "                  CREDITO FUNDO                                   1.737.220,45C"
            },
            {
                "nomeBeneficio": ""
            },
            {
                "nomeBeneficio": "TOTAL DISTRIBUIDO NO PERIODO"
            },
            {
                "nomeBeneficio": ""
            },
            {
                "nomeBeneficio": "                  DEBITO BENEF.                                     757.744,12D"
            },
            {
                "nomeBeneficio": "                  CREDITO BENEF.                                  1.737.220,45C"
            }
        ]
    },
    "July": {
        "quantidadeBeneficio": 51,
        "indicadorContinuarPesquisa": "N",
        "quantidadeOcorrencia": [
            {
                "nomeBeneficio": "AURELINO LEAL                                     -BA"
            },
            {
                "nomeBeneficio": ""
            },
            {
                "nomeBeneficio": "FPM   - FUNDO DE PARTICIPACAO DOS MUNICIPIOS"
            },
            {
                "nomeBeneficio": "DATA                PARCELA                                   VALOR DISTRIBUIDO"
            },
            {
                "nomeBeneficio": ""
            },
            {
                "nomeBeneficio": "10.07.2023        PARCELA DE IPI                                    157.911,26C"
            },
            {
                "nomeBeneficio": "                  PARCELA DE IR                                   1.278.994,25C"
            },
            {
                "nomeBeneficio": "                  AJ DED FUNDEB                                       5.994,09C"
            },
            {
                "nomeBeneficio": "                  AJ DED PASEP                                          299,69C"
            },
            {
                "nomeBeneficio": "                  RETENCAO PASEP                                     14.369,04D"
            },
            {
                "nomeBeneficio": "                  RFB-PREV-PARC60                                   115.459,31D"
            },
            {
                "nomeBeneficio": "                  RFB-RET DARF                                       17.535,59D"
            },
            {
                "nomeBeneficio": "                  DEDUCAO SAUDE                                      82.734,70D"
            },
            {
                "nomeBeneficio": "                  DEDUCAO FUNDEB                                    110.312,94D"
            },
            {
                "nomeBeneficio": "                  AJUSTE FPM                                         29.970,56D"
            },
            {
                "nomeBeneficio": "                  TOTAL NA DATA                                   1.072.817,15C"
            },
            {
                "nomeBeneficio": ""
            },
            {
                "nomeBeneficio": "20.07.2023        PARCELA DE IPI                                     24.280,50C"
            },
            {
                "nomeBeneficio": "                  PARCELA DE IR                                     171.435,56C"
            },
            {
                "nomeBeneficio": "                  RETENCAO PASEP                                      1.957,15D"
            },
            {
                "nomeBeneficio": "                  DEDUCAO SAUDE                                      29.357,40D"
            },
            {
                "nomeBeneficio": "                  DEDUCAO FUNDEB                                     39.143,21D"
            },
            {
                "nomeBeneficio": "                  TOTAL NA DATA                                     125.258,30C"
            },
            {
                "nomeBeneficio": ""
            },
            {
                "nomeBeneficio": "28.07.2023        PARCELA DE IPI                                     12.151,18C"
            },
            {
                "nomeBeneficio": "                  PARCELA DE IR                                     523.070,37C"
            },
            {
                "nomeBeneficio": "                  RETENCAO PASEP                                      5.352,21D"
            },
            {
                "nomeBeneficio": "                  DEDUCAO SAUDE                                      80.283,22D"
            },
            {
                "nomeBeneficio": "                  DEDUCAO FUNDEB                                    107.044,30D"
            },
            {
                "nomeBeneficio": "                  TOTAL NA DATA                                     342.541,82C"
            },
            {
                "nomeBeneficio": ""
            },
            {
                "nomeBeneficio": "TOTAL POR PARCELA / NATUREZA"
            },
            {
                "nomeBeneficio": ""
            },
            {
                "nomeBeneficio": "                  PARCELA DE IPI                                    194.342,94C"
            },
            {
                "nomeBeneficio": "                  PARCELA DE IR                                   1.973.500,18C"
            },
            {
                "nomeBeneficio": "                  RETENCAO PASEP                                     21.678,40D"
            },
            {
                "nomeBeneficio": "                  RFB-PREV-PARC60                                   115.459,31D"
            },
            {
                "nomeBeneficio": "                  RFB-RET DARF                                       17.535,59D"
            },
            {
                "nomeBeneficio": "                  DEDUCAO SAUDE                                     192.375,32D"
            },
            {
                "nomeBeneficio": "                  DEDUCAO FUNDEB                                    256.500,45D"
            },
            {
                "nomeBeneficio": "                  AJ DED FUNDEB                                       5.994,09C"
            },
            {
                "nomeBeneficio": "                  AJ DED PASEP                                          299,69C"
            },
            {
                "nomeBeneficio": "                  AJUSTE FPM                                         29.970,56D"
            },
            {
                "nomeBeneficio": ""
            },
            {
                "nomeBeneficio": "                  DEBITO FUNDO                                      633.519,63D"
            },
            {
                "nomeBeneficio": "                  CREDITO FUNDO                                   2.174.136,90C"
            },
            {
                "nomeBeneficio": ""
            },
            {
                "nomeBeneficio": "TOTAL DISTRIBUIDO NO PERIODO"
            },
            {
                "nomeBeneficio": ""
            },
            {
                "nomeBeneficio": "                  DEBITO BENEF.                                     633.519,63D"
            },
            {
                "nomeBeneficio": "                  CREDITO BENEF.                                  2.174.136,90C"
            }
        ]
    },
    "August": {
        "quantidadeBeneficio": 45,
        "indicadorContinuarPesquisa": "N",
        "quantidadeOcorrencia": [
            {
                "nomeBeneficio": "AURELINO LEAL                                     -BA"
            },
            {
                "nomeBeneficio": ""
            },
            {
                "nomeBeneficio": "FPM   - FUNDO DE PARTICIPACAO DOS MUNICIPIOS"
            },
            {
                "nomeBeneficio": "DATA                PARCELA                                   VALOR DISTRIBUIDO"
            },
            {
                "nomeBeneficio": ""
            },
            {
                "nomeBeneficio": "10.08.2023        PARCELA DE IPI                                     82.427,48C"
            },
            {
                "nomeBeneficio": "                  PARCELA DE IR                                     756.255,88C"
            },
            {
                "nomeBeneficio": "                  RETENCAO PASEP                                      8.386,82D"
            },
            {
                "nomeBeneficio": "                  RFB-PREV-PARC60                                   115.509,72D"
            },
            {
                "nomeBeneficio": "                  RFB-RET DARF                                       17.535,59D"
            },
            {
                "nomeBeneficio": "                  DEDUCAO SAUDE                                     125.802,50D"
            },
            {
                "nomeBeneficio": "                  DEDUCAO FUNDEB                                    167.736,66D"
            },
            {
                "nomeBeneficio": "                  TOTAL NA DATA                                     403.712,07C"
            },
            {
                "nomeBeneficio": ""
            },
            {
                "nomeBeneficio": "18.08.2023        PARCELA DE IPI                                     19.825,18C"
            },
            {
                "nomeBeneficio": "                  PARCELA DE IR                                     171.592,51C"
            },
            {
                "nomeBeneficio": "                  RETENCAO PASEP                                      1.914,17D"
            },
            {
                "nomeBeneficio": "                  DEDUCAO SAUDE                                      28.712,64D"
            },
            {
                "nomeBeneficio": "                  DEDUCAO FUNDEB                                     38.283,53D"
            },
            {
                "nomeBeneficio": "                  TOTAL NA DATA                                     122.507,35C"
            },
            {
                "nomeBeneficio": ""
            },
            {
                "nomeBeneficio": "30.08.2023        PARCELA DE IPI                                     11.518,23C"
            },
            {
                "nomeBeneficio": "                  PARCELA DE IR                                     431.526,43C"
            },
            {
                "nomeBeneficio": "                  RETENCAO PASEP                                      4.430,44D"
            },
            {
                "nomeBeneficio": "                  DEDUCAO SAUDE                                      66.456,69D"
            },
            {
                "nomeBeneficio": "                  DEDUCAO FUNDEB                                     88.608,92D"
            },
            {
                "nomeBeneficio": "                  TOTAL NA DATA                                     283.548,61C"
            },
            {
                "nomeBeneficio": ""
            },
            {
                "nomeBeneficio": "TOTAL POR PARCELA / NATUREZA"
            },
            {
                "nomeBeneficio": ""
            },
            {
                "nomeBeneficio": "                  PARCELA DE IPI                                    113.770,89C"
            },
            {
                "nomeBeneficio": "                  PARCELA DE IR                                   1.359.374,82C"
            },
            {
                "nomeBeneficio": "                  RETENCAO PASEP                                     14.731,43D"
            },
            {
                "nomeBeneficio": "                  RFB-PREV-PARC60                                   115.509,72D"
            },
            {
                "nomeBeneficio": "                  RFB-RET DARF                                       17.535,59D"
            },
            {
                "nomeBeneficio": "                  DEDUCAO SAUDE                                     220.971,83D"
            },
            {
                "nomeBeneficio": "                  DEDUCAO FUNDEB                                    294.629,11D"
            },
            {
                "nomeBeneficio": ""
            },
            {
                "nomeBeneficio": "                  DEBITO FUNDO                                      663.377,68D"
            },
            {
                "nomeBeneficio": "                  CREDITO FUNDO                                   1.473.145,71C"
            },
            {
                "nomeBeneficio": ""
            },
            {
                "nomeBeneficio": "TOTAL DISTRIBUIDO NO PERIODO"
            },
            {
                "nomeBeneficio": ""
            },
            {
                "nomeBeneficio": "                  DEBITO BENEF.                                     663.377,68D"
            },
            {
                "nomeBeneficio": "                  CREDITO BENEF.                                  1.473.145,71C"
            }
        ]
    },
    "September": {
        "quantidadeBeneficio": 45,
        "indicadorContinuarPesquisa": "N",
        "quantidadeOcorrencia": [
            {
                "nomeBeneficio": "AURELINO LEAL                                     -BA"
            },
            {
                "nomeBeneficio": ""
            },
            {
                "nomeBeneficio": "FPM   - FUNDO DE PARTICIPACAO DOS MUNICIPIOS"
            },
            {
                "nomeBeneficio": "DATA                PARCELA                                   VALOR DISTRIBUIDO"
            },
            {
                "nomeBeneficio": ""
            },
            {
                "nomeBeneficio": "08.09.2023        PARCELA DE IPI                                    112.024,11C"
            },
            {
                "nomeBeneficio": "                  PARCELA DE IR                                     649.186,95C"
            },
            {
                "nomeBeneficio": "                  RETENCAO PASEP                                      7.612,09D"
            },
            {
                "nomeBeneficio": "                  RFB-PREV-PARC60                                   115.563,44D"
            },
            {
                "nomeBeneficio": "                  DEDUCAO SAUDE                                      81.310,81D"
            },
            {
                "nomeBeneficio": "                  DEDUCAO FUNDEB                                    108.414,41D"
            },
            {
                "nomeBeneficio": "                  TOTAL NA DATA                                     448.310,31C"
            },
            {
                "nomeBeneficio": ""
            },
            {
                "nomeBeneficio": "20.09.2023        PARCELA DE IPI                                     14.991,64C"
            },
            {
                "nomeBeneficio": "                  PARCELA DE IR                                     123.975,85C"
            },
            {
                "nomeBeneficio": "                  RETENCAO PASEP                                      1.389,66D"
            },
            {
                "nomeBeneficio": "                  RFB-RET DARF                                       17.535,39D"
            },
            {
                "nomeBeneficio": "                  DEDUCAO SAUDE                                      20.845,11D"
            },
            {
                "nomeBeneficio": "                  DEDUCAO FUNDEB                                     27.793,49D"
            },
            {
                "nomeBeneficio": "                  TOTAL NA DATA                                      71.403,84C"
            },
            {
                "nomeBeneficio": ""
            },
            {
                "nomeBeneficio": "29.09.2023        PARCELA DE IPI                                     37.179,73C"
            },
            {
                "nomeBeneficio": "                  PARCELA DE IR                                     564.364,50C"
            },
            {
                "nomeBeneficio": "                  RETENCAO PASEP                                      6.015,43D"
            },
            {
                "nomeBeneficio": "                  DEDUCAO SAUDE                                      90.231,62D"
            },
            {
                "nomeBeneficio": "                  DEDUCAO FUNDEB                                    120.308,84D"
            },
            {
                "nomeBeneficio": "                  TOTAL NA DATA                                     384.988,34C"
            },
            {
                "nomeBeneficio": ""
            },
            {
                "nomeBeneficio": "TOTAL POR PARCELA / NATUREZA"
            },
            {
                "nomeBeneficio": ""
            },
            {
                "nomeBeneficio": "                  PARCELA DE IPI                                    164.195,48C"
            },
            {
                "nomeBeneficio": "                  PARCELA DE IR                                   1.337.527,30C"
            },
            {
                "nomeBeneficio": "                  RETENCAO PASEP                                     15.017,18D"
            },
            {
                "nomeBeneficio": "                  RFB-PREV-PARC60                                   115.563,44D"
            },
            {
                "nomeBeneficio": "                  RFB-RET DARF                                       17.535,39D"
            },
            {
                "nomeBeneficio": "                  DEDUCAO SAUDE                                     192.387,54D"
            },
            {
                "nomeBeneficio": "                  DEDUCAO FUNDEB                                    256.516,74D"
            },
            {
                "nomeBeneficio": ""
            },
            {
                "nomeBeneficio": "                  DEBITO FUNDO                                      597.020,29D"
            },
            {
                "nomeBeneficio": "                  CREDITO FUNDO                                   1.501.722,78C"
            },
            {
                "nomeBeneficio": ""
            },
            {
                "nomeBeneficio": "TOTAL DISTRIBUIDO NO PERIODO"
            },
            {
                "nomeBeneficio": ""
            },
            {
                "nomeBeneficio": "                  DEBITO BENEF.                                     597.020,29D"
            },
            {
                "nomeBeneficio": "                  CREDITO BENEF.                                  1.501.722,78C"
            }
        ]
    },
    "October": {
        "quantidadeBeneficio": 45,
        "indicadorContinuarPesquisa": "N",
        "quantidadeOcorrencia": [
            {
                "nomeBeneficio": "AURELINO LEAL                                     -BA"
            },
            {
                "nomeBeneficio": ""
            },
            {
                "nomeBeneficio": "FPM   - FUNDO DE PARTICIPACAO DOS MUNICIPIOS"
            },
            {
                "nomeBeneficio": "DATA                PARCELA                                   VALOR DISTRIBUIDO"
            },
            {
                "nomeBeneficio": ""
            },
            {
                "nomeBeneficio": "10.10.2023        PARCELA DE IPI                                     95.182,43C"
            },
            {
                "nomeBeneficio": "                  PARCELA DE IR                                     512.846,62C"
            },
            {
                "nomeBeneficio": "                  RETENCAO PASEP                                      6.080,28D"
            },
            {
                "nomeBeneficio": "                  RFB-PREV-PARC60                                   115.609,15D"
            },
            {
                "nomeBeneficio": "                  DEDUCAO SAUDE                                      91.204,35D"
            },
            {
                "nomeBeneficio": "                  DEDUCAO FUNDEB                                    121.605,80D"
            },
            {
                "nomeBeneficio": "                  TOTAL NA DATA                                     273.529,47C"
            },
            {
                "nomeBeneficio": ""
            },
            {
                "nomeBeneficio": "20.10.2023        PARCELA DE IPI                                     43.461,62C"
            },
            {
                "nomeBeneficio": "                  PARCELA DE IR                                     192.033,20C"
            },
            {
                "nomeBeneficio": "                  RETENCAO PASEP                                      2.354,94D"
            },
            {
                "nomeBeneficio": "                  RFB-RET DARF                                       17.535,39D"
            },
            {
                "nomeBeneficio": "                  DEDUCAO SAUDE                                      35.324,22D"
            },
            {
                "nomeBeneficio": "                  DEDUCAO FUNDEB                                     47.098,96D"
            },
            {
                "nomeBeneficio": "                  TOTAL NA DATA                                     133.181,31C"
            },
            {
                "nomeBeneficio": ""
            },
            {
                "nomeBeneficio": "30.10.2023        PARCELA DE IPI                                     26.074,11C"
            },
            {
                "nomeBeneficio": "                  PARCELA DE IR                                     525.145,93C"
            },
            {
                "nomeBeneficio": "                  RETENCAO PASEP                                      5.512,19D"
            },
            {
                "nomeBeneficio": "                  DEDUCAO SAUDE                                      82.682,99D"
            },
            {
                "nomeBeneficio": "                  DEDUCAO FUNDEB                                    110.244,00D"
            },
            {
                "nomeBeneficio": "                  TOTAL NA DATA                                     352.780,86C"
            },
            {
                "nomeBeneficio": ""
            },
            {
                "nomeBeneficio": "TOTAL POR PARCELA / NATUREZA"
            },
            {
                "nomeBeneficio": ""
            },
            {
                "nomeBeneficio": "                  PARCELA DE IPI                                    164.718,16C"
            },
            {
                "nomeBeneficio": "                  PARCELA DE IR                                   1.230.025,75C"
            },
            {
                "nomeBeneficio": "                  RETENCAO PASEP                                     13.947,41D"
            },
            {
                "nomeBeneficio": "                  RFB-PREV-PARC60                                   115.609,15D"
            },
            {
                "nomeBeneficio": "                  RFB-RET DARF                                       17.535,39D"
            },
            {
                "nomeBeneficio": "                  DEDUCAO SAUDE                                     209.211,56D"
            },
            {
                "nomeBeneficio": "                  DEDUCAO FUNDEB                                    278.948,76D"
            },
            {
                "nomeBeneficio": ""
            },
            {
                "nomeBeneficio": "                  DEBITO FUNDO                                      635.252,27D"
            },
            {
                "nomeBeneficio": "                  CREDITO FUNDO                                   1.394.743,91C"
            },
            {
                "nomeBeneficio": ""
            },
            {
                "nomeBeneficio": "TOTAL DISTRIBUIDO NO PERIODO"
            },
            {
                "nomeBeneficio": ""
            },
            {
                "nomeBeneficio": "                  DEBITO BENEF.                                     635.252,27D"
            },
            {
                "nomeBeneficio": "                  CREDITO BENEF.                                  1.394.743,91C"
            }
        ]
    },
    "November": {
        "quantidadeBeneficio": 45,
        "indicadorContinuarPesquisa": "N",
        "quantidadeOcorrencia": [
            {
                "nomeBeneficio": "AURELINO LEAL                                     -BA"
            },
            {
                "nomeBeneficio": ""
            },
            {
                "nomeBeneficio": "FPM   - FUNDO DE PARTICIPACAO DOS MUNICIPIOS"
            },
            {
                "nomeBeneficio": "DATA                PARCELA                                   VALOR DISTRIBUIDO"
            },
            {
                "nomeBeneficio": ""
            },
            {
                "nomeBeneficio": "10.11.2023        PARCELA DE IPI                                     79.641,33C"
            },
            {
                "nomeBeneficio": "                  PARCELA DE IR                                     998.330,21C"
            },
            {
                "nomeBeneficio": "                  RETENCAO PASEP                                     10.779,71D"
            },
            {
                "nomeBeneficio": "                  RFB-PREV-PARC60                                   115.656,27D"
            },
            {
                "nomeBeneficio": "                  DEDUCAO SAUDE                                     161.695,72D"
            },
            {
                "nomeBeneficio": "                  DEDUCAO FUNDEB                                    215.594,30D"
            },
            {
                "nomeBeneficio": "                  TOTAL NA DATA                                     574.245,54C"
            },
            {
                "nomeBeneficio": ""
            },
            {
                "nomeBeneficio": "20.11.2023        PARCELA DE IPI                                     28.108,03C"
            },
            {
                "nomeBeneficio": "                  PARCELA DE IR                                     205.738,72C"
            },
            {
                "nomeBeneficio": "                  RETENCAO PASEP                                      2.338,46D"
            },
            {
                "nomeBeneficio": "                  RFB-RET DARF                                       17.535,39D"
            },
            {
                "nomeBeneficio": "                  DEDUCAO SAUDE                                      35.077,00D"
            },
            {
                "nomeBeneficio": "                  DEDUCAO FUNDEB                                     46.769,34D"
            },
            {
                "nomeBeneficio": "                  TOTAL NA DATA                                     132.126,56C"
            },
            {
                "nomeBeneficio": ""
            },
            {
                "nomeBeneficio": "30.11.2023        PARCELA DE IPI                                     27.216,62C"
            },
            {
                "nomeBeneficio": "                  PARCELA DE IR                                     470.595,73C"
            },
            {
                "nomeBeneficio": "                  RETENCAO PASEP                                      4.978,11D"
            },
            {
                "nomeBeneficio": "                  DEDUCAO SAUDE                                      74.671,84D"
            },
            {
                "nomeBeneficio": "                  DEDUCAO FUNDEB                                     99.562,46D"
            },
            {
                "nomeBeneficio": "                  TOTAL NA DATA                                     318.599,94C"
            },
            {
                "nomeBeneficio": ""
            },
            {
                "nomeBeneficio": "TOTAL POR PARCELA / NATUREZA"
            },
            {
                "nomeBeneficio": ""
            },
            {
                "nomeBeneficio": "                  PARCELA DE IPI                                    134.965,98C"
            },
            {
                "nomeBeneficio": "                  PARCELA DE IR                                   1.674.664,66C"
            },
            {
                "nomeBeneficio": "                  RETENCAO PASEP                                     18.096,28D"
            },
            {
                "nomeBeneficio": "                  RFB-PREV-PARC60                                   115.656,27D"
            },
            {
                "nomeBeneficio": "                  RFB-RET DARF                                       17.535,39D"
            },
            {
                "nomeBeneficio": "                  DEDUCAO SAUDE                                     271.444,56D"
            },
            {
                "nomeBeneficio": "                  DEDUCAO FUNDEB                                    361.926,10D"
            },
            {
                "nomeBeneficio": ""
            },
            {
                "nomeBeneficio": "                  DEBITO FUNDO                                      784.658,60D"
            },
            {
                "nomeBeneficio": "                  CREDITO FUNDO                                   1.809.630,64C"
            },
            {
                "nomeBeneficio": ""
            },
            {
                "nomeBeneficio": "TOTAL DISTRIBUIDO NO PERIODO"
            },
            {
                "nomeBeneficio": ""
            },
            {
                "nomeBeneficio": "                  DEBITO BENEF.                                     784.658,60D"
            },
            {
                "nomeBeneficio": "                  CREDITO BENEF.                                  1.809.630,64C"
            }
        ]
    },
    "December": {
        "quantidadeBeneficio": 50,
        "indicadorContinuarPesquisa": "N",
        "quantidadeOcorrencia": [
            {
                "nomeBeneficio": "AURELINO LEAL                                     -BA"
            },
            {
                "nomeBeneficio": ""
            },
            {
                "nomeBeneficio": "FPM   - FUNDO DE PARTICIPACAO DOS MUNICIPIOS"
            },
            {
                "nomeBeneficio": "DATA                PARCELA                                   VALOR DISTRIBUIDO"
            },
            {
                "nomeBeneficio": ""
            },
            {
                "nomeBeneficio": "07.12.2023        PARCELA DE IPI                                     68.666,58C"
            },
            {
                "nomeBeneficio": "                  PARCELA DE IR                                     814.084,78C"
            },
            {
                "nomeBeneficio": "                  RETENCAO PASEP                                      8.827,50D"
            },
            {
                "nomeBeneficio": "                  TOTAL NA DATA                                     873.923,86C"
            },
            {
                "nomeBeneficio": ""
            },
            {
                "nomeBeneficio": "08.12.2023        PARCELA DE IPI                                     77.887,88C"
            },
            {
                "nomeBeneficio": "                  PARCELA DE IR                                     700.338,00C"
            },
            {
                "nomeBeneficio": "                  RETENCAO PASEP                                      7.782,25D"
            },
            {
                "nomeBeneficio": "                  RFB-PREV-PARC60                                   115.699,62D"
            },
            {
                "nomeBeneficio": "                  DEDUCAO SAUDE                                     116.733,88D"
            },
            {
                "nomeBeneficio": "                  DEDUCAO FUNDEB                                    155.645,17D"
            },
            {
                "nomeBeneficio": "                  TOTAL NA DATA                                     382.364,96C"
            },
            {
                "nomeBeneficio": ""
            },
            {
                "nomeBeneficio": "20.12.2023        PARCELA DE IPI                                     36.868,19C"
            },
            {
                "nomeBeneficio": "                  PARCELA DE IR                                     498.817,77C"
            },
            {
                "nomeBeneficio": "                  RETENCAO PASEP                                      5.356,85D"
            },
            {
                "nomeBeneficio": "                  RFB-RET DARF                                       17.535,39D"
            },
            {
                "nomeBeneficio": "                  DEDUCAO SAUDE                                      80.352,88D"
            },
            {
                "nomeBeneficio": "                  DEDUCAO FUNDEB                                    107.137,18D"
            },
            {
                "nomeBeneficio": "                  TOTAL NA DATA                                     325.303,66C"
            },
            {
                "nomeBeneficio": ""
            },
            {
                "nomeBeneficio": "28.12.2023        PARCELA DE IPI                                     32.180,15C"
            },
            {
                "nomeBeneficio": "                  PARCELA DE IR                                     644.977,09C"
            },
            {
                "nomeBeneficio": "                  RETENCAO PASEP                                      6.771,57D"
            },
            {
                "nomeBeneficio": "                  DEDUCAO SAUDE                                     101.573,58D"
            },
            {
                "nomeBeneficio": "                  DEDUCAO FUNDEB                                    135.431,44D"
            },
            {
                "nomeBeneficio": "                  TOTAL NA DATA                                     433.380,65C"
            },
            {
                "nomeBeneficio": ""
            },
            {
                "nomeBeneficio": "TOTAL POR PARCELA / NATUREZA"
            },
            {
                "nomeBeneficio": ""
            },
            {
                "nomeBeneficio": "                  PARCELA DE IPI                                    215.602,80C"
            },
            {
                "nomeBeneficio": "                  PARCELA DE IR                                   2.658.217,64C"
            },
            {
                "nomeBeneficio": "                  RETENCAO PASEP                                     28.738,17D"
            },
            {
                "nomeBeneficio": "                  RFB-PREV-PARC60                                   115.699,62D"
            },
            {
                "nomeBeneficio": "                  RFB-RET DARF                                       17.535,39D"
            },
            {
                "nomeBeneficio": "                  DEDUCAO SAUDE                                     298.660,34D"
            },
            {
                "nomeBeneficio": "                  DEDUCAO FUNDEB                                    398.213,79D"
            },
            {
                "nomeBeneficio": ""
            },
            {
                "nomeBeneficio": "                  DEBITO FUNDO                                      858.847,31D"
            },
            {
                "nomeBeneficio": "                  CREDITO FUNDO                                   2.873.820,44C"
            },
            {
                "nomeBeneficio": ""
            },
            {
                "nomeBeneficio": "TOTAL DISTRIBUIDO NO PERIODO"
            },
            {
                "nomeBeneficio": ""
            },
            {
                "nomeBeneficio": "                  DEBITO BENEF.                                     858.847,31D"
            },
            {
                "nomeBeneficio": "                  CREDITO BENEF.                                  2.873.820,44C"
            }
        ]
    }
}