{
    "January": {
        "quantidadeBeneficio": 41,
        "indicadorContinuarPesquisa": "N",
        "quantidadeOcorrencia": [
            {
                "nomeBeneficio": "CORONEL JOAO SA                                   -BA"
            },
            {
                "nomeBeneficio": ""
            },
            {
                "nomeBeneficio": "FPM   - FUNDO DE PARTICIPACAO DOS MUNICIPIOS"
            },
            {
                "nomeBeneficio": "DATA                PARCELA                                   VALOR DISTRIBUIDO"
            },
            {
                "nomeBeneficio": ""
            },
            {
                "nomeBeneficio": "10.01.2023        PARCELA DE IPI                                    117.353,44C"
            },
            {
                "nomeBeneficio": "                  PARCELA DE IR                                   1.081.352,38C"
            },
            {
                "nomeBeneficio": "                  RETENCAO PASEP                                     11.987,05D"
            },
            {
                "nomeBeneficio": "                  RFB-PREV-PARC60                                    31.788,39D"
            },
            {
                "nomeBeneficio": "                  DEDUCAO FUNDEB                                    239.741,15D"
            },
            {
                "nomeBeneficio": "                  TOTAL NA DATA                                     915.189,23C"
            },
            {
                "nomeBeneficio": ""
            },
            {
                "nomeBeneficio": "20.01.2023        PARCELA DE IPI                                     58.124,68C"
            },
            {
                "nomeBeneficio": "                  PARCELA DE IR                                     403.826,97C"
            },
            {
                "nomeBeneficio": "                  RETENCAO PASEP                                      4.619,50D"
            },
            {
                "nomeBeneficio": "                  DEDUCAO FUNDEB                                     92.390,32D"
            },
            {
                "nomeBeneficio": "                  TOTAL NA DATA                                     364.941,83C"
            },
            {
                "nomeBeneficio": ""
            },
            {
                "nomeBeneficio": "30.01.2023        PARCELA DE IPI                                     30.923,14C"
            },
            {
                "nomeBeneficio": "                  PARCELA DE IR                                   1.019.847,84C"
            },
            {
                "nomeBeneficio": "                  RETENCAO PASEP                                     10.507,70D"
            },
            {
                "nomeBeneficio": "                  CEF-FINANC-FGTS                                   326.567,67D"
            },
            {
                "nomeBeneficio": "                  DEDUCAO FUNDEB                                    210.154,18D"
            },
            {
                "nomeBeneficio": "                  TOTAL NA DATA                                     503.541,43C"
            },
            {
                "nomeBeneficio": ""
            },
            {
                "nomeBeneficio": "TOTAL POR PARCELA / NATUREZA"
            },
            {
                "nomeBeneficio": ""
            },
            {
                "nomeBeneficio": "                  PARCELA DE IPI                                    206.401,26C"
            },
            {
                "nomeBeneficio": "                  PARCELA DE IR                                   2.505.027,19C"
            },
            {
                "nomeBeneficio": "                  RETENCAO PASEP                                     27.114,25D"
            },
            {
                "nomeBeneficio": "                  RFB-PREV-PARC60                                    31.788,39D"
            },
            {
                "nomeBeneficio": "                  CEF-FINANC-FGTS                                   326.567,67D"
            },
            {
                "nomeBeneficio": "                  DEDUCAO FUNDEB                                    542.285,65D"
            },
            {
                "nomeBeneficio": ""
            },
            {
                "nomeBeneficio": "                  DEBITO FUNDO                                      927.755,96D"
            },
            {
                "nomeBeneficio": "                  CREDITO FUNDO                                   2.711.428,45C"
            },
            {
                "nomeBeneficio": ""
            },
            {
                "nomeBeneficio": "TOTAL DISTRIBUIDO NO PERIODO"
            },
            {
                "nomeBeneficio": ""
            },
            {
                "nomeBeneficio": "                  DEBITO BENEF.                                     927.755,96D"
            },
            {
                "nomeBeneficio": "                  CREDITO BENEF.                                  2.711.428,45C"
            }
        ]
    },
    "February": {
        "quantidadeBeneficio": 39,
        "indicadorContinuarPesquisa": "N",
        "quantidadeOcorrencia": [
            {
                "nomeBeneficio": "CORONEL JOAO SA                                   -BA"
            },
            {
                "nomeBeneficio": ""
            },
            {
                "nomeBeneficio": "FPM   - FUNDO DE PARTICIPACAO DOS MUNICIPIOS"
            },
            {
                "nomeBeneficio": "DATA                PARCELA                                   VALOR DISTRIBUIDO"
            },
            {
                "nomeBeneficio": ""
            },
            {
                "nomeBeneficio": "10.02.2023        PARCELA DE IPI                                    109.348,00C"
            },
            {
                "nomeBeneficio": "                  PARCELA DE IR                                   2.578.620,80C"
            },
            {
                "nomeBeneficio": "                  RETENCAO PASEP                                     26.879,68D"
            },
            {
                "nomeBeneficio": "                  RFB-PREV-PARC60                                    31.788,39D"
            },
            {
                "nomeBeneficio": "                  DEDUCAO FUNDEB                                    537.593,76D"
            },
            {
                "nomeBeneficio": "                  TOTAL NA DATA                                   2.091.706,97C"
            },
            {
                "nomeBeneficio": ""
            },
            {
                "nomeBeneficio": "17.02.2023        PARCELA DE IPI                                     19.872,30C"
            },
            {
                "nomeBeneficio": "                  PARCELA DE IR                                     238.885,84C"
            },
            {
                "nomeBeneficio": "                  RETENCAO PASEP                                      2.587,57D"
            },
            {
                "nomeBeneficio": "                  DEDUCAO FUNDEB                                     51.751,62D"
            },
            {
                "nomeBeneficio": "                  TOTAL NA DATA                                     204.418,95C"
            },
            {
                "nomeBeneficio": ""
            },
            {
                "nomeBeneficio": "28.02.2023        PARCELA DE IPI                                     14.603,35C"
            },
            {
                "nomeBeneficio": "                  PARCELA DE IR                                     627.019,51C"
            },
            {
                "nomeBeneficio": "                  RETENCAO PASEP                                      6.416,22D"
            },
            {
                "nomeBeneficio": "                  DEDUCAO FUNDEB                                    128.324,57D"
            },
            {
                "nomeBeneficio": "                  TOTAL NA DATA                                     506.882,07C"
            },
            {
                "nomeBeneficio": ""
            },
            {
                "nomeBeneficio": "TOTAL POR PARCELA / NATUREZA"
            },
            {
                "nomeBeneficio": ""
            },
            {
                "nomeBeneficio": "                  PARCELA DE IPI                                    143.823,65C"
            },
            {
                "nomeBeneficio": "                  PARCELA DE IR                                   3.444.526,15C"
            },
            {
                "nomeBeneficio": "                  RETENCAO PASEP                                     35.883,47D"
            },
            {
                "nomeBeneficio": "                  RFB-PREV-PARC60                                    31.788,39D"
            },
            {
                "nomeBeneficio": "                  DEDUCAO FUNDEB                                    717.669,95D"
            },
            {
                "nomeBeneficio": ""
            },
            {
                "nomeBeneficio": "                  DEBITO FUNDO                                      785.341,81D"
            },
            {
                "nomeBeneficio": "                  CREDITO FUNDO                                   3.588.349,80C"
            },
            {
                "nomeBeneficio": ""
            },
            {
                "nomeBeneficio": "TOTAL DISTRIBUIDO NO PERIODO"
            },
            {
                "nomeBeneficio": ""
            },
            {
                "nomeBeneficio": "                  DEBITO BENEF.                                     785.341,81D"
            },
            {
                "nomeBeneficio": "                  CREDITO BENEF.                                  3.588.349,80C"
            }
        ]
    },
    "March": {
        "quantidadeBeneficio": 41,
        "indicadorContinuarPesquisa": "N",
        "quantidadeOcorrencia": [
            {
                "nomeBeneficio": "CORONEL JOAO SA                                   -BA"
            },
            {
                "nomeBeneficio": ""
            },
            {
                "nomeBeneficio": "FPM   - FUNDO DE PARTICIPACAO DOS MUNICIPIOS"
            },
            {
                "nomeBeneficio": "DATA                PARCELA                                   VALOR DISTRIBUIDO"
            },
            {
                "nomeBeneficio": ""
            },
            {
                "nomeBeneficio": "10.03.2023        PARCELA DE IPI                                    123.335,62C"
            },
            {
                "nomeBeneficio": "                  PARCELA DE IR                                   1.001.983,96C"
            },
            {
                "nomeBeneficio": "                  RETENCAO PASEP                                     11.253,18D"
            },
            {
                "nomeBeneficio": "                  RFB-PREV-PARC60                                    31.788,39D"
            },
            {
                "nomeBeneficio": "                  DEDUCAO FUNDEB                                    225.063,91D"
            },
            {
                "nomeBeneficio": "                  TOTAL NA DATA                                     857.214,10C"
            },
            {
                "nomeBeneficio": ""
            },
            {
                "nomeBeneficio": "20.03.2023        PARCELA DE IPI                                     24.791,32C"
            },
            {
                "nomeBeneficio": "                  PARCELA DE IR                                     223.270,78C"
            },
            {
                "nomeBeneficio": "                  RETENCAO PASEP                                      2.480,61D"
            },
            {
                "nomeBeneficio": "                  DEDUCAO FUNDEB                                     49.612,41D"
            },
            {
                "nomeBeneficio": "                  TOTAL NA DATA                                     195.969,08C"
            },
            {
                "nomeBeneficio": ""
            },
            {
                "nomeBeneficio": "30.03.2023        PARCELA DE IPI                                     30.115,59C"
            },
            {
                "nomeBeneficio": "                  PARCELA DE IR                                     791.660,91C"
            },
            {
                "nomeBeneficio": "                  RETENCAO PASEP                                      8.217,75D"
            },
            {
                "nomeBeneficio": "                  CEF-FINANC-FGTS                                   280.838,47D"
            },
            {
                "nomeBeneficio": "                  DEDUCAO FUNDEB                                    164.355,29D"
            },
            {
                "nomeBeneficio": "                  TOTAL NA DATA                                     368.364,99C"
            },
            {
                "nomeBeneficio": ""
            },
            {
                "nomeBeneficio": "TOTAL POR PARCELA / NATUREZA"
            },
            {
                "nomeBeneficio": ""
            },
            {
                "nomeBeneficio": "                  PARCELA DE IPI                                    178.242,53C"
            },
            {
                "nomeBeneficio": "                  PARCELA DE IR                                   2.016.915,65C"
            },
            {
                "nomeBeneficio": "                  RETENCAO PASEP                                     21.951,54D"
            },
            {
                "nomeBeneficio": "                  RFB-PREV-PARC60                                    31.788,39D"
            },
            {
                "nomeBeneficio": "                  CEF-FINANC-FGTS                                   280.838,47D"
            },
            {
                "nomeBeneficio": "                  DEDUCAO FUNDEB                                    439.031,61D"
            },
            {
                "nomeBeneficio": ""
            },
            {
                "nomeBeneficio": "                  DEBITO FUNDO                                      773.610,01D"
            },
            {
                "nomeBeneficio": "                  CREDITO FUNDO                                   2.195.158,18C"
            },
            {
                "nomeBeneficio": ""
            },
            {
                "nomeBeneficio": "TOTAL DISTRIBUIDO NO PERIODO"
            },
            {
                "nomeBeneficio": ""
            },
            {
                "nomeBeneficio": "                  DEBITO BENEF.                                     773.610,01D"
            },
            {
                "nomeBeneficio": "                  CREDITO BENEF.                                  2.195.158,18C"
            }
        ]
    },
    "April": {
        "quantidadeBeneficio": 41,
        "indicadorContinuarPesquisa": "N",
        "quantidadeOcorrencia": [
            {
                "nomeBeneficio": "CORONEL JOAO SA                                   -BA"
            },
            {
                "nomeBeneficio": ""
            },
            {
                "nomeBeneficio": "FPM   - FUNDO DE PARTICIPACAO DOS MUNICIPIOS"
            },
            {
                "nomeBeneficio": "DATA                PARCELA                                   VALOR DISTRIBUIDO"
            },
            {
                "nomeBeneficio": ""
            },
            {
                "nomeBeneficio": "10.04.2023        PARCELA DE IPI                                    140.287,47C"
            },
            {
                "nomeBeneficio": "                  PARCELA DE IR                                   1.073.510,68C"
            },
            {
                "nomeBeneficio": "                  RETENCAO PASEP                                     12.137,97D"
            },
            {
                "nomeBeneficio": "                  RFB-PREV-PARC60                                    33.538,34D"
            },
            {
                "nomeBeneficio": "                  DEDUCAO FUNDEB                                    242.759,62D"
            },
            {
                "nomeBeneficio": "                  TOTAL NA DATA                                     925.362,22C"
            },
            {
                "nomeBeneficio": ""
            },
            {
                "nomeBeneficio": "20.04.2023        PARCELA DE IPI                                     22.115,57C"
            },
            {
                "nomeBeneficio": "                  PARCELA DE IR                                     289.516,24C"
            },
            {
                "nomeBeneficio": "                  RETENCAO PASEP                                      3.116,31D"
            },
            {
                "nomeBeneficio": "                  DEDUCAO FUNDEB                                     62.326,35D"
            },
            {
                "nomeBeneficio": "                  TOTAL NA DATA                                     246.189,15C"
            },
            {
                "nomeBeneficio": ""
            },
            {
                "nomeBeneficio": "28.04.2023        PARCELA DE IPI                                     27.616,31C"
            },
            {
                "nomeBeneficio": "                  PARCELA DE IR                                     956.704,59C"
            },
            {
                "nomeBeneficio": "                  RETENCAO PASEP                                      9.843,20D"
            },
            {
                "nomeBeneficio": "                  CEF-FINANC-FGTS                                   311.737,27D"
            },
            {
                "nomeBeneficio": "                  DEDUCAO FUNDEB                                    196.864,17D"
            },
            {
                "nomeBeneficio": "                  TOTAL NA DATA                                     465.876,26C"
            },
            {
                "nomeBeneficio": ""
            },
            {
                "nomeBeneficio": "TOTAL POR PARCELA / NATUREZA"
            },
            {
                "nomeBeneficio": ""
            },
            {
                "nomeBeneficio": "                  PARCELA DE IPI                                    190.019,35C"
            },
            {
                "nomeBeneficio": "                  PARCELA DE IR                                   2.319.731,51C"
            },
            {
                "nomeBeneficio": "                  RETENCAO PASEP                                     25.097,48D"
            },
            {
                "nomeBeneficio": "                  RFB-PREV-PARC60                                    33.538,34D"
            },
            {
                "nomeBeneficio": "                  CEF-FINANC-FGTS                                   311.737,27D"
            },
            {
                "nomeBeneficio": "                  DEDUCAO FUNDEB                                    501.950,14D"
            },
            {
                "nomeBeneficio": ""
            },
            {
                "nomeBeneficio": "                  DEBITO FUNDO                                      872.323,23D"
            },
            {
                "nomeBeneficio": "                  CREDITO FUNDO                                   2.509.750,86C"
            },
            {
                "nomeBeneficio": ""
            },
            {
                "nomeBeneficio": "TOTAL DISTRIBUIDO NO PERIODO"
            },
            {
                "nomeBeneficio": ""
            },
            {
                "nomeBeneficio": "                  DEBITO BENEF.                                     872.323,23D"
            },
            {
                "nomeBeneficio": "                  CREDITO BENEF.                                  2.509.750,86C"
            }
        ]
    },
    "May": {
        "quantidadeBeneficio": 41,
        "indicadorContinuarPesquisa": "N",
        "quantidadeOcorrencia": [
            {
                "nomeBeneficio": "CORONEL JOAO SA                                   -BA"
            },
            {
                "nomeBeneficio": ""
            },
            {
                "nomeBeneficio": "FPM   - FUNDO DE PARTICIPACAO DOS MUNICIPIOS"
            },
            {
                "nomeBeneficio": "DATA                PARCELA                                   VALOR DISTRIBUIDO"
            },
            {
                "nomeBeneficio": ""
            },
            {
                "nomeBeneficio": "10.05.2023        PARCELA DE IPI                                    116.966,78C"
            },
            {
                "nomeBeneficio": "                  PARCELA DE IR                                   1.526.258,16C"
            },
            {
                "nomeBeneficio": "                  RETENCAO PASEP                                     16.432,24D"
            },
            {
                "nomeBeneficio": "                  RFB-PREV-PARC60                                    33.538,34D"
            },
            {
                "nomeBeneficio": "                  DEDUCAO FUNDEB                                    328.644,98D"
            },
            {
                "nomeBeneficio": "                  TOTAL NA DATA                                   1.264.609,38C"
            },
            {
                "nomeBeneficio": ""
            },
            {
                "nomeBeneficio": "19.05.2023        PARCELA DE IPI                                     33.086,97C"
            },
            {
                "nomeBeneficio": "                  PARCELA DE IR                                     291.566,45C"
            },
            {
                "nomeBeneficio": "                  RETENCAO PASEP                                      3.246,52D"
            },
            {
                "nomeBeneficio": "                  DEDUCAO FUNDEB                                     64.930,68D"
            },
            {
                "nomeBeneficio": "                  TOTAL NA DATA                                     256.476,22C"
            },
            {
                "nomeBeneficio": ""
            },
            {
                "nomeBeneficio": "30.05.2023        PARCELA DE IPI                                     20.822,78C"
            },
            {
                "nomeBeneficio": "                  PARCELA DE IR                                     801.289,86C"
            },
            {
                "nomeBeneficio": "                  RETENCAO PASEP                                      8.221,11D"
            },
            {
                "nomeBeneficio": "                  CEF-FINANC-FGTS                                   311.846,22D"
            },
            {
                "nomeBeneficio": "                  DEDUCAO FUNDEB                                    164.422,52D"
            },
            {
                "nomeBeneficio": "                  TOTAL NA DATA                                     337.622,79C"
            },
            {
                "nomeBeneficio": ""
            },
            {
                "nomeBeneficio": "TOTAL POR PARCELA / NATUREZA"
            },
            {
                "nomeBeneficio": ""
            },
            {
                "nomeBeneficio": "                  PARCELA DE IPI                                    170.876,53C"
            },
            {
                "nomeBeneficio": "                  PARCELA DE IR                                   2.619.114,47C"
            },
            {
                "nomeBeneficio": "                  RETENCAO PASEP                                     27.899,87D"
            },
            {
                "nomeBeneficio": "                  RFB-PREV-PARC60                                    33.538,34D"
            },
            {
                "nomeBeneficio": "                  CEF-FINANC-FGTS                                   311.846,22D"
            },
            {
                "nomeBeneficio": "                  DEDUCAO FUNDEB                                    557.998,18D"
            },
            {
                "nomeBeneficio": ""
            },
            {
                "nomeBeneficio": "                  DEBITO FUNDO                                      931.282,61D"
            },
            {
                "nomeBeneficio": "                  CREDITO FUNDO                                   2.789.991,00C"
            },
            {
                "nomeBeneficio": ""
            },
            {
                "nomeBeneficio": "TOTAL DISTRIBUIDO NO PERIODO"
            },
            {
                "nomeBeneficio": ""
            },
            {
                "nomeBeneficio": "                  DEBITO BENEF.                                     931.282,61D"
            },
            {
                "nomeBeneficio": "                  CREDITO BENEF.                                  2.789.991,00C"
            }
        ]
    },
    "June": {
        "quantidadeBeneficio": 41,
        "indicadorContinuarPesquisa": "N",
        "quantidadeOcorrencia": [
            {
                "nomeBeneficio": "CORONEL JOAO SA                                   -BA"
            },
            {
                "nomeBeneficio": ""
            },
            {
                "nomeBeneficio": "FPM   - FUNDO DE PARTICIPACAO DOS MUNICIPIOS"
            },
            {
                "nomeBeneficio": "DATA                PARCELA                                   VALOR DISTRIBUIDO"
            },
            {
                "nomeBeneficio": ""
            },
            {
                "nomeBeneficio": "09.06.2023        PARCELA DE IPI                                    144.309,24C"
            },
            {
                "nomeBeneficio": "                  PARCELA DE IR                                     999.957,83C"
            },
            {
                "nomeBeneficio": "                  RETENCAO PASEP                                     11.442,66D"
            },
            {
                "nomeBeneficio": "                  RFB-PREV-PARC60                                    37.893,21D"
            },
            {
                "nomeBeneficio": "                  DEDUCAO FUNDEB                                    228.853,40D"
            },
            {
                "nomeBeneficio": "                  TOTAL NA DATA                                     866.077,80C"
            },
            {
                "nomeBeneficio": ""
            },
            {
                "nomeBeneficio": "20.06.2023        PARCELA DE IPI                                     36.243,18C"
            },
            {
                "nomeBeneficio": "                  PARCELA DE IR                                     624.723,12C"
            },
            {
                "nomeBeneficio": "                  RETENCAO PASEP                                      6.609,66D"
            },
            {
                "nomeBeneficio": "                  DEDUCAO FUNDEB                                    132.193,25D"
            },
            {
                "nomeBeneficio": "                  TOTAL NA DATA                                     522.163,39C"
            },
            {
                "nomeBeneficio": ""
            },
            {
                "nomeBeneficio": "30.06.2023        PARCELA DE IPI                                     32.526,09C"
            },
            {
                "nomeBeneficio": "                  PARCELA DE IR                                     768.071,22C"
            },
            {
                "nomeBeneficio": "                  RETENCAO PASEP                                      8.005,97D"
            },
            {
                "nomeBeneficio": "                  CEF-FINANC-FGTS                                   343.247,02D"
            },
            {
                "nomeBeneficio": "                  DEDUCAO FUNDEB                                    160.119,45D"
            },
            {
                "nomeBeneficio": "                  TOTAL NA DATA                                     289.224,87C"
            },
            {
                "nomeBeneficio": ""
            },
            {
                "nomeBeneficio": "TOTAL POR PARCELA / NATUREZA"
            },
            {
                "nomeBeneficio": ""
            },
            {
                "nomeBeneficio": "                  PARCELA DE IPI                                    213.078,51C"
            },
            {
                "nomeBeneficio": "                  PARCELA DE IR                                   2.392.752,17C"
            },
            {
                "nomeBeneficio": "                  RETENCAO PASEP                                     26.058,29D"
            },
            {
                "nomeBeneficio": "                  RFB-PREV-PARC60                                    37.893,21D"
            },
            {
                "nomeBeneficio": "                  CEF-FINANC-FGTS                                   343.247,02D"
            },
            {
                "nomeBeneficio": "                  DEDUCAO FUNDEB                                    521.166,10D"
            },
            {
                "nomeBeneficio": ""
            },
            {
                "nomeBeneficio": "                  DEBITO FUNDO                                      928.364,62D"
            },
            {
                "nomeBeneficio": "                  CREDITO FUNDO                                   2.605.830,68C"
            },
            {
                "nomeBeneficio": ""
            },
            {
                "nomeBeneficio": "TOTAL DISTRIBUIDO NO PERIODO"
            },
            {
                "nomeBeneficio": ""
            },
            {
                "nomeBeneficio": "                  DEBITO BENEF.                                     928.364,62D"
            },
            {
                "nomeBeneficio": "                  CREDITO BENEF.                                  2.605.830,68C"
            }
        ]
    },
    "July": {
        "quantidadeBeneficio": 47,
        "indicadorContinuarPesquisa": "N",
        "quantidadeOcorrencia": [
            {
                "nomeBeneficio": "CORONEL JOAO SA                                   -BA"
            },
            {
                "nomeBeneficio": ""
            },
            {
                "nomeBeneficio": "FPM   - FUNDO DE PARTICIPACAO DOS MUNICIPIOS"
            },
            {
                "nomeBeneficio": "DATA                PARCELA                                   VALOR DISTRIBUIDO"
            },
            {
                "nomeBeneficio": ""
            },
            {
                "nomeBeneficio": "10.07.2023        PARCELA DE IPI                                    236.866,89C"
            },
            {
                "nomeBeneficio": "                  PARCELA DE IR                                   1.918.491,37C"
            },
            {
                "nomeBeneficio": "                  AJ DED FUNDEB                                       8.991,15C"
            },
            {
                "nomeBeneficio": "                  AJ DED PASEP                                          449,55C"
            },
            {
                "nomeBeneficio": "                  RETENCAO PASEP                                     21.553,57D"
            },
            {
                "nomeBeneficio": "                  RFB-PREV-PARC60                                    37.893,21D"
            },
            {
                "nomeBeneficio": "                  DEDUCAO FUNDEB                                    165.469,42D"
            },
            {
                "nomeBeneficio": "                  AJUSTE FPM                                         44.955,84D"
            },
            {
                "nomeBeneficio": "                  TOTAL NA DATA                                   1.894.926,92C"
            },
            {
                "nomeBeneficio": ""
            },
            {
                "nomeBeneficio": "20.07.2023        PARCELA DE IPI                                     36.420,75C"
            },
            {
                "nomeBeneficio": "                  PARCELA DE IR                                     257.153,34C"
            },
            {
                "nomeBeneficio": "                  RETENCAO PASEP                                      2.935,73D"
            },
            {
                "nomeBeneficio": "                  DEDUCAO FUNDEB                                     58.714,81D"
            },
            {
                "nomeBeneficio": "                  TOTAL NA DATA                                     231.923,55C"
            },
            {
                "nomeBeneficio": ""
            },
            {
                "nomeBeneficio": "28.07.2023        PARCELA DE IPI                                     18.226,77C"
            },
            {
                "nomeBeneficio": "                  PARCELA DE IR                                     784.605,55C"
            },
            {
                "nomeBeneficio": "                  RETENCAO PASEP                                      8.028,31D"
            },
            {
                "nomeBeneficio": "                  CEF-FINANC-FGTS                                   311.846,22D"
            },
            {
                "nomeBeneficio": "                  DEDUCAO FUNDEB                                    160.566,46D"
            },
            {
                "nomeBeneficio": "                  TOTAL NA DATA                                     322.391,33C"
            },
            {
                "nomeBeneficio": ""
            },
            {
                "nomeBeneficio": "TOTAL POR PARCELA / NATUREZA"
            },
            {
                "nomeBeneficio": ""
            },
            {
                "nomeBeneficio": "                  PARCELA DE IPI                                    291.514,41C"
            },
            {
                "nomeBeneficio": "                  PARCELA DE IR                                   2.960.250,26C"
            },
            {
                "nomeBeneficio": "                  RETENCAO PASEP                                     32.517,61D"
            },
            {
                "nomeBeneficio": "                  RFB-PREV-PARC60                                    37.893,21D"
            },
            {
                "nomeBeneficio": "                  CEF-FINANC-FGTS                                   311.846,22D"
            },
            {
                "nomeBeneficio": "                  DEDUCAO FUNDEB                                    384.750,69D"
            },
            {
                "nomeBeneficio": "                  AJ DED FUNDEB                                       8.991,15C"
            },
            {
                "nomeBeneficio": "                  AJ DED PASEP                                          449,55C"
            },
            {
                "nomeBeneficio": "                  AJUSTE FPM                                         44.955,84D"
            },
            {
                "nomeBeneficio": ""
            },
            {
                "nomeBeneficio": "                  DEBITO FUNDO                                      811.963,57D"
            },
            {
                "nomeBeneficio": "                  CREDITO FUNDO                                   3.261.205,37C"
            },
            {
                "nomeBeneficio": ""
            },
            {
                "nomeBeneficio": "TOTAL DISTRIBUIDO NO PERIODO"
            },
            {
                "nomeBeneficio": ""
            },
            {
                "nomeBeneficio": "                  DEBITO BENEF.                                     811.963,57D"
            },
            {
                "nomeBeneficio": "                  CREDITO BENEF.                                  3.261.205,37C"
            }
        ]
    },
    "August": {
        "quantidadeBeneficio": 39,
        "indicadorContinuarPesquisa": "N",
        "quantidadeOcorrencia": [
            {
                "nomeBeneficio": "CORONEL JOAO SA                                   -BA"
            },
            {
                "nomeBeneficio": ""
            },
            {
                "nomeBeneficio": "FPM   - FUNDO DE PARTICIPACAO DOS MUNICIPIOS"
            },
            {
                "nomeBeneficio": "DATA                PARCELA                                   VALOR DISTRIBUIDO"
            },
            {
                "nomeBeneficio": ""
            },
            {
                "nomeBeneficio": "10.08.2023        PARCELA DE IPI                                    123.641,21C"
            },
            {
                "nomeBeneficio": "                  PARCELA DE IR                                   1.134.383,82C"
            },
            {
                "nomeBeneficio": "                  RETENCAO PASEP                                     12.580,24D"
            },
            {
                "nomeBeneficio": "                  RFB-PREV-PARC60                                    37.893,21D"
            },
            {
                "nomeBeneficio": "                  DEDUCAO FUNDEB                                    251.605,00D"
            },
            {
                "nomeBeneficio": "                  TOTAL NA DATA                                     955.946,58C"
            },
            {
                "nomeBeneficio": ""
            },
            {
                "nomeBeneficio": "18.08.2023        PARCELA DE IPI                                     29.737,77C"
            },
            {
                "nomeBeneficio": "                  PARCELA DE IR                                     257.388,77C"
            },
            {
                "nomeBeneficio": "                  RETENCAO PASEP                                      2.871,25D"
            },
            {
                "nomeBeneficio": "                  DEDUCAO FUNDEB                                     57.425,30D"
            },
            {
                "nomeBeneficio": "                  TOTAL NA DATA                                     226.829,99C"
            },
            {
                "nomeBeneficio": ""
            },
            {
                "nomeBeneficio": "30.08.2023        PARCELA DE IPI                                     17.277,35C"
            },
            {
                "nomeBeneficio": "                  PARCELA DE IR                                     647.289,64C"
            },
            {
                "nomeBeneficio": "                  RETENCAO PASEP                                      6.645,66D"
            },
            {
                "nomeBeneficio": "                  DEDUCAO FUNDEB                                    132.913,39D"
            },
            {
                "nomeBeneficio": "                  TOTAL NA DATA                                     525.007,94C"
            },
            {
                "nomeBeneficio": ""
            },
            {
                "nomeBeneficio": "TOTAL POR PARCELA / NATUREZA"
            },
            {
                "nomeBeneficio": ""
            },
            {
                "nomeBeneficio": "                  PARCELA DE IPI                                    170.656,33C"
            },
            {
                "nomeBeneficio": "                  PARCELA DE IR                                   2.039.062,23C"
            },
            {
                "nomeBeneficio": "                  RETENCAO PASEP                                     22.097,15D"
            },
            {
                "nomeBeneficio": "                  RFB-PREV-PARC60                                    37.893,21D"
            },
            {
                "nomeBeneficio": "                  DEDUCAO FUNDEB                                    441.943,69D"
            },
            {
                "nomeBeneficio": ""
            },
            {
                "nomeBeneficio": "                  DEBITO FUNDO                                      501.934,05D"
            },
            {
                "nomeBeneficio": "                  CREDITO FUNDO                                   2.209.718,56C"
            },
            {
                "nomeBeneficio": ""
            },
            {
                "nomeBeneficio": "TOTAL DISTRIBUIDO NO PERIODO"
            },
            {
                "nomeBeneficio": ""
            },
            {
                "nomeBeneficio": "                  DEBITO BENEF.                                     501.934,05D"
            },
            {
                "nomeBeneficio": "                  CREDITO BENEF.                                  2.209.718,56C"
            }
        ]
    },
    "September": {
        "quantidadeBeneficio": 41,
        "indicadorContinuarPesquisa": "N",
        "quantidadeOcorrencia": [
            {
                "nomeBeneficio": "CORONEL JOAO SA                                   -BA"
            },
            {
                "nomeBeneficio": ""
            },
            {
                "nomeBeneficio": "FPM   - FUNDO DE PARTICIPACAO DOS MUNICIPIOS"
            },
            {
                "nomeBeneficio": "DATA                PARCELA                                   VALOR DISTRIBUIDO"
            },
            {
                "nomeBeneficio": ""
            },
            {
                "nomeBeneficio": "08.09.2023        PARCELA DE IPI                                    168.036,17C"
            },
            {
                "nomeBeneficio": "                  PARCELA DE IR                                     973.780,43C"
            },
            {
                "nomeBeneficio": "                  RETENCAO PASEP                                     11.418,15D"
            },
            {
                "nomeBeneficio": "                  RFB-PREV-PARC60                                    37.893,21D"
            },
            {
                "nomeBeneficio": "                  DEDUCAO FUNDEB                                    162.621,63D"
            },
            {
                "nomeBeneficio": "                  TOTAL NA DATA                                     929.883,61C"
            },
            {
                "nomeBeneficio": ""
            },
            {
                "nomeBeneficio": "20.09.2023        PARCELA DE IPI                                     22.487,46C"
            },
            {
                "nomeBeneficio": "                  PARCELA DE IR                                     185.963,78C"
            },
            {
                "nomeBeneficio": "                  RETENCAO PASEP                                      2.084,50D"
            },
            {
                "nomeBeneficio": "                  DEDUCAO FUNDEB                                     41.690,24D"
            },
            {
                "nomeBeneficio": "                  TOTAL NA DATA                                     164.676,50C"
            },
            {
                "nomeBeneficio": ""
            },
            {
                "nomeBeneficio": "29.09.2023        PARCELA DE IPI                                     55.769,60C"
            },
            {
                "nomeBeneficio": "                  PARCELA DE IR                                     846.546,75C"
            },
            {
                "nomeBeneficio": "                  RETENCAO PASEP                                      9.023,15D"
            },
            {
                "nomeBeneficio": "                  CEF-FINANC-FGTS                                   531.748,94D"
            },
            {
                "nomeBeneficio": "                  DEDUCAO FUNDEB                                    180.463,27D"
            },
            {
                "nomeBeneficio": "                  TOTAL NA DATA                                     181.080,99C"
            },
            {
                "nomeBeneficio": ""
            },
            {
                "nomeBeneficio": "TOTAL POR PARCELA / NATUREZA"
            },
            {
                "nomeBeneficio": ""
            },
            {
                "nomeBeneficio": "                  PARCELA DE IPI                                    246.293,23C"
            },
            {
                "nomeBeneficio": "                  PARCELA DE IR                                   2.006.290,96C"
            },
            {
                "nomeBeneficio": "                  RETENCAO PASEP                                     22.525,80D"
            },
            {
                "nomeBeneficio": "                  RFB-PREV-PARC60                                    37.893,21D"
            },
            {
                "nomeBeneficio": "                  CEF-FINANC-FGTS                                   531.748,94D"
            },
            {
                "nomeBeneficio": "                  DEDUCAO FUNDEB                                    384.775,14D"
            },
            {
                "nomeBeneficio": ""
            },
            {
                "nomeBeneficio": "                  DEBITO FUNDO                                      976.943,09D"
            },
            {
                "nomeBeneficio": "                  CREDITO FUNDO                                   2.252.584,19C"
            },
            {
                "nomeBeneficio": ""
            },
            {
                "nomeBeneficio": "TOTAL DISTRIBUIDO NO PERIODO"
            },
            {
                "nomeBeneficio": ""
            },
            {
                "nomeBeneficio": "                  DEBITO BENEF.                                     976.943,09D"
            },
            {
                "nomeBeneficio": "                  CREDITO BENEF.                                  2.252.584,19C"
            }
        ]
    },
    "October": {
        "quantidadeBeneficio": 41,
        "indicadorContinuarPesquisa": "N",
        "quantidadeOcorrencia": [
            {
                "nomeBeneficio": "CORONEL JOAO SA                                   -BA"
            },
            {
                "nomeBeneficio": ""
            },
            {
                "nomeBeneficio": "FPM   - FUNDO DE PARTICIPACAO DOS MUNICIPIOS"
            },
            {
                "nomeBeneficio": "DATA                PARCELA                                   VALOR DISTRIBUIDO"
            },
            {
                "nomeBeneficio": ""
            },
            {
                "nomeBeneficio": "10.10.2023        PARCELA DE IPI                                    142.773,64C"
            },
            {
                "nomeBeneficio": "                  PARCELA DE IR                                     769.269,93C"
            },
            {
                "nomeBeneficio": "                  RETENCAO PASEP                                      9.120,42D"
            },
            {
                "nomeBeneficio": "                  RFB-PREV-PARC60                                    37.893,21D"
            },
            {
                "nomeBeneficio": "                  DEDUCAO FUNDEB                                    182.408,70D"
            },
            {
                "nomeBeneficio": "                  TOTAL NA DATA                                     682.621,24C"
            },
            {
                "nomeBeneficio": ""
            },
            {
                "nomeBeneficio": "20.10.2023        PARCELA DE IPI                                     65.192,43C"
            },
            {
                "nomeBeneficio": "                  PARCELA DE IR                                     288.049,80C"
            },
            {
                "nomeBeneficio": "                  RETENCAO PASEP                                      3.532,41D"
            },
            {
                "nomeBeneficio": "                  DEDUCAO FUNDEB                                     70.648,44D"
            },
            {
                "nomeBeneficio": "                  TOTAL NA DATA                                     279.061,38C"
            },
            {
                "nomeBeneficio": ""
            },
            {
                "nomeBeneficio": "30.10.2023        PARCELA DE IPI                                     39.111,17C"
            },
            {
                "nomeBeneficio": "                  PARCELA DE IR                                     787.718,89C"
            },
            {
                "nomeBeneficio": "                  RETENCAO PASEP                                      8.268,29D"
            },
            {
                "nomeBeneficio": "                  CEF-FINANC-FGTS                                   507.275,91D"
            },
            {
                "nomeBeneficio": "                  DEDUCAO FUNDEB                                    165.366,00D"
            },
            {
                "nomeBeneficio": "                  TOTAL NA DATA                                     145.919,86C"
            },
            {
                "nomeBeneficio": ""
            },
            {
                "nomeBeneficio": "TOTAL POR PARCELA / NATUREZA"
            },
            {
                "nomeBeneficio": ""
            },
            {
                "nomeBeneficio": "                  PARCELA DE IPI                                    247.077,24C"
            },
            {
                "nomeBeneficio": "                  PARCELA DE IR                                   1.845.038,62C"
            },
            {
                "nomeBeneficio": "                  RETENCAO PASEP                                     20.921,12D"
            },
            {
                "nomeBeneficio": "                  RFB-PREV-PARC60                                    37.893,21D"
            },
            {
                "nomeBeneficio": "                  CEF-FINANC-FGTS                                   507.275,91D"
            },
            {
                "nomeBeneficio": "                  DEDUCAO FUNDEB                                    418.423,14D"
            },
            {
                "nomeBeneficio": ""
            },
            {
                "nomeBeneficio": "                  DEBITO FUNDO                                      984.513,38D"
            },
            {
                "nomeBeneficio": "                  CREDITO FUNDO                                   2.092.115,86C"
            },
            {
                "nomeBeneficio": ""
            },
            {
                "nomeBeneficio": "TOTAL DISTRIBUIDO NO PERIODO"
            },
            {
                "nomeBeneficio": ""
            },
            {
                "nomeBeneficio": "                  DEBITO BENEF.                                     984.513,38D"
            },
            {
                "nomeBeneficio": "                  CREDITO BENEF.                                  2.092.115,86C"
            }
        ]
    },
    "November": {
        "quantidadeBeneficio": 41,
        "indicadorContinuarPesquisa": "N",
        "quantidadeOcorrencia": [
            {
                "nomeBeneficio": "CORONEL JOAO SA                                   -BA"
            },
            {
                "nomeBeneficio": ""
            },
            {
                "nomeBeneficio": "FPM   - FUNDO DE PARTICIPACAO DOS MUNICIPIOS"
            },
            {
                "nomeBeneficio": "DATA                PARCELA                                   VALOR DISTRIBUIDO"
            },
            {
                "nomeBeneficio": ""
            },
            {
                "nomeBeneficio": "10.11.2023        PARCELA DE IPI                                    119.462,00C"
            },
            {
                "nomeBeneficio": "                  PARCELA DE IR                                   1.497.495,31C"
            },
            {
                "nomeBeneficio": "                  RETENCAO PASEP                                     16.169,57D"
            },
            {
                "nomeBeneficio": "                  RFB-PREV-PARC60                                    37.893,21D"
            },
            {
                "nomeBeneficio": "                  DEDUCAO FUNDEB                                    323.391,46D"
            },
            {
                "nomeBeneficio": "                  TOTAL NA DATA                                   1.239.503,07C"
            },
            {
                "nomeBeneficio": ""
            },
            {
                "nomeBeneficio": "20.11.2023        PARCELA DE IPI                                     42.162,04C"
            },
            {
                "nomeBeneficio": "                  PARCELA DE IR                                     308.608,07C"
            },
            {
                "nomeBeneficio": "                  RETENCAO PASEP                                      3.507,70D"
            },
            {
                "nomeBeneficio": "                  DEDUCAO FUNDEB                                     70.154,01D"
            },
            {
                "nomeBeneficio": "                  TOTAL NA DATA                                     277.108,40C"
            },
            {
                "nomeBeneficio": ""
            },
            {
                "nomeBeneficio": "30.11.2023        PARCELA DE IPI                                     40.824,93C"
            },
            {
                "nomeBeneficio": "                  PARCELA DE IR                                     705.893,60C"
            },
            {
                "nomeBeneficio": "                  RETENCAO PASEP                                      7.467,17D"
            },
            {
                "nomeBeneficio": "                  CEF-FINANC-FGTS                                   514.742,08D"
            },
            {
                "nomeBeneficio": "                  DEDUCAO FUNDEB                                    149.343,70D"
            },
            {
                "nomeBeneficio": "                  TOTAL NA DATA                                      75.165,58C"
            },
            {
                "nomeBeneficio": ""
            },
            {
                "nomeBeneficio": "TOTAL POR PARCELA / NATUREZA"
            },
            {
                "nomeBeneficio": ""
            },
            {
                "nomeBeneficio": "                  PARCELA DE IPI                                    202.448,97C"
            },
            {
                "nomeBeneficio": "                  PARCELA DE IR                                   2.511.996,98C"
            },
            {
                "nomeBeneficio": "                  RETENCAO PASEP                                     27.144,44D"
            },
            {
                "nomeBeneficio": "                  RFB-PREV-PARC60                                    37.893,21D"
            },
            {
                "nomeBeneficio": "                  CEF-FINANC-FGTS                                   514.742,08D"
            },
            {
                "nomeBeneficio": "                  DEDUCAO FUNDEB                                    542.889,17D"
            },
            {
                "nomeBeneficio": ""
            },
            {
                "nomeBeneficio": "                  DEBITO FUNDO                                    1.122.668,90D"
            },
            {
                "nomeBeneficio": "                  CREDITO FUNDO                                   2.714.445,95C"
            },
            {
                "nomeBeneficio": ""
            },
            {
                "nomeBeneficio": "TOTAL DISTRIBUIDO NO PERIODO"
            },
            {
                "nomeBeneficio": ""
            },
            {
                "nomeBeneficio": "                  DEBITO BENEF.                                   1.122.668,90D"
            },
            {
                "nomeBeneficio": "                  CREDITO BENEF.                                  2.714.445,95C"
            }
        ]
    },
    "December": {
        "quantidadeBeneficio": 46,
        "indicadorContinuarPesquisa": "N",
        "quantidadeOcorrencia": [
            {
                "nomeBeneficio": "CORONEL JOAO SA                                   -BA"
            },
            {
                "nomeBeneficio": ""
            },
            {
                "nomeBeneficio": "FPM   - FUNDO DE PARTICIPACAO DOS MUNICIPIOS"
            },
            {
                "nomeBeneficio": "DATA                PARCELA                                   VALOR DISTRIBUIDO"
            },
            {
                "nomeBeneficio": ""
            },
            {
                "nomeBeneficio": "07.12.2023        PARCELA DE IPI                                    102.999,87C"
            },
            {
                "nomeBeneficio": "                  PARCELA DE IR                                   1.221.127,17C"
            },
            {
                "nomeBeneficio": "                  RETENCAO PASEP                                     13.241,26D"
            },
            {
                "nomeBeneficio": "                  TOTAL NA DATA                                   1.310.885,78C"
            },
            {
                "nomeBeneficio": ""
            },
            {
                "nomeBeneficio": "08.12.2023        PARCELA DE IPI                                    116.831,82C"
            },
            {
                "nomeBeneficio": "                  PARCELA DE IR                                   1.050.507,00C"
            },
            {
                "nomeBeneficio": "                  RETENCAO PASEP                                     11.673,38D"
            },
            {
                "nomeBeneficio": "                  RFB-PREV-PARC60                                    37.893,21D"
            },
            {
                "nomeBeneficio": "                  DEDUCAO FUNDEB                                    233.467,76D"
            },
            {
                "nomeBeneficio": "                  TOTAL NA DATA                                     884.304,47C"
            },
            {
                "nomeBeneficio": ""
            },
            {
                "nomeBeneficio": "20.12.2023        PARCELA DE IPI                                     55.302,28C"
            },
            {
                "nomeBeneficio": "                  PARCELA DE IR                                     748.226,65C"
            },
            {
                "nomeBeneficio": "                  RETENCAO PASEP                                      8.035,28D"
            },
            {
                "nomeBeneficio": "                  DEDUCAO FUNDEB                                    160.705,78D"
            },
            {
                "nomeBeneficio": "                  TOTAL NA DATA                                     634.787,87C"
            },
            {
                "nomeBeneficio": ""
            },
            {
                "nomeBeneficio": "28.12.2023        PARCELA DE IPI                                     48.270,22C"
            },
            {
                "nomeBeneficio": "                  PARCELA DE IR                                     967.465,63C"
            },
            {
                "nomeBeneficio": "                  RETENCAO PASEP                                     10.157,35D"
            },
            {
                "nomeBeneficio": "                  CEF-FINANC-FGTS                                   505.714,05D"
            },
            {
                "nomeBeneficio": "                  DEDUCAO FUNDEB                                    203.147,16D"
            },
            {
                "nomeBeneficio": "                  TOTAL NA DATA                                     296.717,29C"
            },
            {
                "nomeBeneficio": ""
            },
            {
                "nomeBeneficio": "TOTAL POR PARCELA / NATUREZA"
            },
            {
                "nomeBeneficio": ""
            },
            {
                "nomeBeneficio": "                  PARCELA DE IPI                                    323.404,19C"
            },
            {
                "nomeBeneficio": "                  PARCELA DE IR                                   3.987.326,45C"
            },
            {
                "nomeBeneficio": "                  RETENCAO PASEP                                     43.107,27D"
            },
            {
                "nomeBeneficio": "                  RFB-PREV-PARC60                                    37.893,21D"
            },
            {
                "nomeBeneficio": "                  CEF-FINANC-FGTS                                   505.714,05D"
            },
            {
                "nomeBeneficio": "                  DEDUCAO FUNDEB                                    597.320,70D"
            },
            {
                "nomeBeneficio": ""
            },
            {
                "nomeBeneficio": "                  DEBITO FUNDO                                    1.184.035,23D"
            },
            {
                "nomeBeneficio": "                  CREDITO FUNDO                                   4.310.730,64C"
            },
            {
                "nomeBeneficio": ""
            },
            {
                "nomeBeneficio": "TOTAL DISTRIBUIDO NO PERIODO"
            },
            {
                "nomeBeneficio": ""
            },
            {
                "nomeBeneficio": "                  DEBITO BENEF.                                   1.184.035,23D"
            },
            {
                "nomeBeneficio": "                  CREDITO BENEF.                                  4.310.730,64C"
            }
        ]
    }
}