{
    "January": {
        "quantidadeBeneficio": 43,
        "indicadorContinuarPesquisa": "N",
        "quantidadeOcorrencia": [
            {
                "nomeBeneficio": "RIACHO DE SANTANA                                 -RN"
            },
            {
                "nomeBeneficio": ""
            },
            {
                "nomeBeneficio": "FPM   - FUNDO DE PARTICIPACAO DOS MUNICIPIOS"
            },
            {
                "nomeBeneficio": "DATA                PARCELA                                   VALOR DISTRIBUIDO"
            },
            {
                "nomeBeneficio": ""
            },
            {
                "nomeBeneficio": "10.01.2023        PARCELA DE IPI                                     55.129,53C"
            },
            {
                "nomeBeneficio": "                  PARCELA DE IR                                     507.990,62C"
            },
            {
                "nomeBeneficio": "                  RETENCAO PASEP                                      5.631,19D"
            },
            {
                "nomeBeneficio": "                  RFB-PREV-PARC60                                    15.086,42D"
            },
            {
                "nomeBeneficio": "                  DEDUCAO SAUDE                                      84.468,01D"
            },
            {
                "nomeBeneficio": "                  DEDUCAO FUNDEB                                    112.624,02D"
            },
            {
                "nomeBeneficio": "                  TOTAL NA DATA                                     345.310,51C"
            },
            {
                "nomeBeneficio": ""
            },
            {
                "nomeBeneficio": "20.01.2023        PARCELA DE IPI                                     27.101,61C"
            },
            {
                "nomeBeneficio": "                  PARCELA DE IR                                     188.291,12C"
            },
            {
                "nomeBeneficio": "                  RETENCAO PASEP                                      2.153,92D"
            },
            {
                "nomeBeneficio": "                  DEDUCAO SAUDE                                      32.308,90D"
            },
            {
                "nomeBeneficio": "                  DEDUCAO FUNDEB                                     43.078,54D"
            },
            {
                "nomeBeneficio": "                  TOTAL NA DATA                                     137.851,37C"
            },
            {
                "nomeBeneficio": ""
            },
            {
                "nomeBeneficio": "30.01.2023        PARCELA DE IPI                                     14.663,06C"
            },
            {
                "nomeBeneficio": "                  PARCELA DE IR                                     483.589,02C"
            },
            {
                "nomeBeneficio": "                  RETENCAO PASEP                                      4.982,52D"
            },
            {
                "nomeBeneficio": "                  DEDUCAO SAUDE                                      74.737,80D"
            },
            {
                "nomeBeneficio": "                  DEDUCAO FUNDEB                                     99.650,41D"
            },
            {
                "nomeBeneficio": "                  TOTAL NA DATA                                     318.881,35C"
            },
            {
                "nomeBeneficio": ""
            },
            {
                "nomeBeneficio": "TOTAL POR PARCELA / NATUREZA"
            },
            {
                "nomeBeneficio": ""
            },
            {
                "nomeBeneficio": "                  PARCELA DE IPI                                     96.894,20C"
            },
            {
                "nomeBeneficio": "                  PARCELA DE IR                                   1.179.870,76C"
            },
            {
                "nomeBeneficio": "                  RETENCAO PASEP                                     12.767,63D"
            },
            {
                "nomeBeneficio": "                  RFB-PREV-PARC60                                    15.086,42D"
            },
            {
                "nomeBeneficio": "                  DEDUCAO SAUDE                                     191.514,71D"
            },
            {
                "nomeBeneficio": "                  DEDUCAO FUNDEB                                    255.352,97D"
            },
            {
                "nomeBeneficio": ""
            },
            {
                "nomeBeneficio": "                  DEBITO FUNDO                                      474.721,73D"
            },
            {
                "nomeBeneficio": "                  CREDITO FUNDO                                   1.276.764,96C"
            },
            {
                "nomeBeneficio": ""
            },
            {
                "nomeBeneficio": "TOTAL DISTRIBUIDO NO PERIODO"
            },
            {
                "nomeBeneficio": ""
            },
            {
                "nomeBeneficio": "                  DEBITO BENEF.                                     474.721,73D"
            },
            {
                "nomeBeneficio": "                  CREDITO BENEF.                                  1.276.764,96C"
            }
        ]
    },
    "February": {
        "quantidadeBeneficio": 43,
        "indicadorContinuarPesquisa": "N",
        "quantidadeOcorrencia": [
            {
                "nomeBeneficio": "RIACHO DE SANTANA                                 -RN"
            },
            {
                "nomeBeneficio": ""
            },
            {
                "nomeBeneficio": "FPM   - FUNDO DE PARTICIPACAO DOS MUNICIPIOS"
            },
            {
                "nomeBeneficio": "DATA                PARCELA                                   VALOR DISTRIBUIDO"
            },
            {
                "nomeBeneficio": ""
            },
            {
                "nomeBeneficio": "10.02.2023        PARCELA DE IPI                                     51.850,37C"
            },
            {
                "nomeBeneficio": "                  PARCELA DE IR                                   1.222.724,28C"
            },
            {
                "nomeBeneficio": "                  RETENCAO PASEP                                     12.745,74D"
            },
            {
                "nomeBeneficio": "                  RFB-PREV-PARC60                                    15.198,51D"
            },
            {
                "nomeBeneficio": "                  DEDUCAO SAUDE                                     191.186,19D"
            },
            {
                "nomeBeneficio": "                  DEDUCAO FUNDEB                                    254.914,92D"
            },
            {
                "nomeBeneficio": "                  TOTAL NA DATA                                     800.529,29C"
            },
            {
                "nomeBeneficio": ""
            },
            {
                "nomeBeneficio": "17.02.2023        PARCELA DE IPI                                      9.423,00C"
            },
            {
                "nomeBeneficio": "                  PARCELA DE IR                                     113.274,32C"
            },
            {
                "nomeBeneficio": "                  RETENCAO PASEP                                      1.226,97D"
            },
            {
                "nomeBeneficio": "                  DEDUCAO SAUDE                                      18.404,59D"
            },
            {
                "nomeBeneficio": "                  DEDUCAO FUNDEB                                     24.539,46D"
            },
            {
                "nomeBeneficio": "                  TOTAL NA DATA                                      78.526,30C"
            },
            {
                "nomeBeneficio": ""
            },
            {
                "nomeBeneficio": "28.02.2023        PARCELA DE IPI                                      6.924,58C"
            },
            {
                "nomeBeneficio": "                  PARCELA DE IR                                     297.318,62C"
            },
            {
                "nomeBeneficio": "                  RETENCAO PASEP                                      3.042,42D"
            },
            {
                "nomeBeneficio": "                  DEDUCAO SAUDE                                      45.636,47D"
            },
            {
                "nomeBeneficio": "                  DEDUCAO FUNDEB                                     60.848,63D"
            },
            {
                "nomeBeneficio": "                  TOTAL NA DATA                                     194.715,68C"
            },
            {
                "nomeBeneficio": ""
            },
            {
                "nomeBeneficio": "TOTAL POR PARCELA / NATUREZA"
            },
            {
                "nomeBeneficio": ""
            },
            {
                "nomeBeneficio": "                  PARCELA DE IPI                                     68.197,95C"
            },
            {
                "nomeBeneficio": "                  PARCELA DE IR                                   1.633.317,22C"
            },
            {
                "nomeBeneficio": "                  RETENCAO PASEP                                     17.015,13D"
            },
            {
                "nomeBeneficio": "                  RFB-PREV-PARC60                                    15.198,51D"
            },
            {
                "nomeBeneficio": "                  DEDUCAO SAUDE                                     255.227,25D"
            },
            {
                "nomeBeneficio": "                  DEDUCAO FUNDEB                                    340.303,01D"
            },
            {
                "nomeBeneficio": ""
            },
            {
                "nomeBeneficio": "                  DEBITO FUNDO                                      627.743,90D"
            },
            {
                "nomeBeneficio": "                  CREDITO FUNDO                                   1.701.515,17C"
            },
            {
                "nomeBeneficio": ""
            },
            {
                "nomeBeneficio": "TOTAL DISTRIBUIDO NO PERIODO"
            },
            {
                "nomeBeneficio": ""
            },
            {
                "nomeBeneficio": "                  DEBITO BENEF.                                     627.743,90D"
            },
            {
                "nomeBeneficio": "                  CREDITO BENEF.                                  1.701.515,17C"
            }
        ]
    },
    "March": {
        "quantidadeBeneficio": 43,
        "indicadorContinuarPesquisa": "N",
        "quantidadeOcorrencia": [
            {
                "nomeBeneficio": "RIACHO DE SANTANA                                 -RN"
            },
            {
                "nomeBeneficio": ""
            },
            {
                "nomeBeneficio": "FPM   - FUNDO DE PARTICIPACAO DOS MUNICIPIOS"
            },
            {
                "nomeBeneficio": "DATA                PARCELA                                   VALOR DISTRIBUIDO"
            },
            {
                "nomeBeneficio": ""
            },
            {
                "nomeBeneficio": "10.03.2023        PARCELA DE IPI                                     58.482,99C"
            },
            {
                "nomeBeneficio": "                  PARCELA DE IR                                     475.118,37C"
            },
            {
                "nomeBeneficio": "                  RETENCAO PASEP                                      5.336,00D"
            },
            {
                "nomeBeneficio": "                  RFB-PREV-PARC60                                    14.443,48D"
            },
            {
                "nomeBeneficio": "                  DEDUCAO SAUDE                                      80.040,19D"
            },
            {
                "nomeBeneficio": "                  DEDUCAO FUNDEB                                    106.720,26D"
            },
            {
                "nomeBeneficio": "                  TOTAL NA DATA                                     327.061,43C"
            },
            {
                "nomeBeneficio": ""
            },
            {
                "nomeBeneficio": "20.03.2023        PARCELA DE IPI                                     11.755,49C"
            },
            {
                "nomeBeneficio": "                  PARCELA DE IR                                     105.870,01C"
            },
            {
                "nomeBeneficio": "                  RETENCAO PASEP                                      1.176,25D"
            },
            {
                "nomeBeneficio": "                  DEDUCAO SAUDE                                      17.643,82D"
            },
            {
                "nomeBeneficio": "                  DEDUCAO FUNDEB                                     23.525,09D"
            },
            {
                "nomeBeneficio": "                  TOTAL NA DATA                                      75.280,34C"
            },
            {
                "nomeBeneficio": ""
            },
            {
                "nomeBeneficio": "30.03.2023        PARCELA DE IPI                                     14.280,14C"
            },
            {
                "nomeBeneficio": "                  PARCELA DE IR                                     375.387,89C"
            },
            {
                "nomeBeneficio": "                  RETENCAO PASEP                                      3.896,67D"
            },
            {
                "nomeBeneficio": "                  DEDUCAO SAUDE                                      58.450,20D"
            },
            {
                "nomeBeneficio": "                  DEDUCAO FUNDEB                                     77.933,59D"
            },
            {
                "nomeBeneficio": "                  TOTAL NA DATA                                     249.387,57C"
            },
            {
                "nomeBeneficio": ""
            },
            {
                "nomeBeneficio": "TOTAL POR PARCELA / NATUREZA"
            },
            {
                "nomeBeneficio": ""
            },
            {
                "nomeBeneficio": "                  PARCELA DE IPI                                     84.518,62C"
            },
            {
                "nomeBeneficio": "                  PARCELA DE IR                                     956.376,27C"
            },
            {
                "nomeBeneficio": "                  RETENCAO PASEP                                     10.408,92D"
            },
            {
                "nomeBeneficio": "                  RFB-PREV-PARC60                                    14.443,48D"
            },
            {
                "nomeBeneficio": "                  DEDUCAO SAUDE                                     156.134,21D"
            },
            {
                "nomeBeneficio": "                  DEDUCAO FUNDEB                                    208.178,94D"
            },
            {
                "nomeBeneficio": ""
            },
            {
                "nomeBeneficio": "                  DEBITO FUNDO                                      389.165,55D"
            },
            {
                "nomeBeneficio": "                  CREDITO FUNDO                                   1.040.894,89C"
            },
            {
                "nomeBeneficio": ""
            },
            {
                "nomeBeneficio": "TOTAL DISTRIBUIDO NO PERIODO"
            },
            {
                "nomeBeneficio": ""
            },
            {
                "nomeBeneficio": "                  DEBITO BENEF.                                     389.165,55D"
            },
            {
                "nomeBeneficio": "                  CREDITO BENEF.                                  1.040.894,89C"
            }
        ]
    },
    "April": {
        "quantidadeBeneficio": 43,
        "indicadorContinuarPesquisa": "N",
        "quantidadeOcorrencia": [
            {
                "nomeBeneficio": "RIACHO DE SANTANA                                 -RN"
            },
            {
                "nomeBeneficio": ""
            },
            {
                "nomeBeneficio": "FPM   - FUNDO DE PARTICIPACAO DOS MUNICIPIOS"
            },
            {
                "nomeBeneficio": "DATA                PARCELA                                   VALOR DISTRIBUIDO"
            },
            {
                "nomeBeneficio": ""
            },
            {
                "nomeBeneficio": "10.04.2023        PARCELA DE IPI                                     66.521,18C"
            },
            {
                "nomeBeneficio": "                  PARCELA DE IR                                     509.034,74C"
            },
            {
                "nomeBeneficio": "                  RETENCAO PASEP                                      5.755,55D"
            },
            {
                "nomeBeneficio": "                  RFB-PREV-PARC60                                    14.553,09D"
            },
            {
                "nomeBeneficio": "                  DEDUCAO SAUDE                                      86.333,38D"
            },
            {
                "nomeBeneficio": "                  DEDUCAO FUNDEB                                    115.111,17D"
            },
            {
                "nomeBeneficio": "                  TOTAL NA DATA                                     353.802,73C"
            },
            {
                "nomeBeneficio": ""
            },
            {
                "nomeBeneficio": "20.04.2023        PARCELA DE IPI                                     10.486,71C"
            },
            {
                "nomeBeneficio": "                  PARCELA DE IR                                     137.282,12C"
            },
            {
                "nomeBeneficio": "                  RETENCAO PASEP                                      1.477,68D"
            },
            {
                "nomeBeneficio": "                  DEDUCAO SAUDE                                      22.165,31D"
            },
            {
                "nomeBeneficio": "                  DEDUCAO FUNDEB                                     29.553,76D"
            },
            {
                "nomeBeneficio": "                  TOTAL NA DATA                                      94.572,08C"
            },
            {
                "nomeBeneficio": ""
            },
            {
                "nomeBeneficio": "28.04.2023        PARCELA DE IPI                                     13.095,03C"
            },
            {
                "nomeBeneficio": "                  PARCELA DE IR                                     453.647,91C"
            },
            {
                "nomeBeneficio": "                  RETENCAO PASEP                                      4.667,42D"
            },
            {
                "nomeBeneficio": "                  DEDUCAO SAUDE                                      70.011,43D"
            },
            {
                "nomeBeneficio": "                  DEDUCAO FUNDEB                                     93.348,58D"
            },
            {
                "nomeBeneficio": "                  TOTAL NA DATA                                     298.715,51C"
            },
            {
                "nomeBeneficio": ""
            },
            {
                "nomeBeneficio": "TOTAL POR PARCELA / NATUREZA"
            },
            {
                "nomeBeneficio": ""
            },
            {
                "nomeBeneficio": "                  PARCELA DE IPI                                     90.102,92C"
            },
            {
                "nomeBeneficio": "                  PARCELA DE IR                                   1.099.964,77C"
            },
            {
                "nomeBeneficio": "                  RETENCAO PASEP                                     11.900,65D"
            },
            {
                "nomeBeneficio": "                  RFB-PREV-PARC60                                    14.553,09D"
            },
            {
                "nomeBeneficio": "                  DEDUCAO SAUDE                                     178.510,12D"
            },
            {
                "nomeBeneficio": "                  DEDUCAO FUNDEB                                    238.013,51D"
            },
            {
                "nomeBeneficio": ""
            },
            {
                "nomeBeneficio": "                  DEBITO FUNDO                                      442.977,37D"
            },
            {
                "nomeBeneficio": "                  CREDITO FUNDO                                   1.190.067,69C"
            },
            {
                "nomeBeneficio": ""
            },
            {
                "nomeBeneficio": "TOTAL DISTRIBUIDO NO PERIODO"
            },
            {
                "nomeBeneficio": ""
            },
            {
                "nomeBeneficio": "                  DEBITO BENEF.                                     442.977,37D"
            },
            {
                "nomeBeneficio": "                  CREDITO BENEF.                                  1.190.067,69C"
            }
        ]
    },
    "May": {
        "quantidadeBeneficio": 43,
        "indicadorContinuarPesquisa": "N",
        "quantidadeOcorrencia": [
            {
                "nomeBeneficio": "RIACHO DE SANTANA                                 -RN"
            },
            {
                "nomeBeneficio": ""
            },
            {
                "nomeBeneficio": "FPM   - FUNDO DE PARTICIPACAO DOS MUNICIPIOS"
            },
            {
                "nomeBeneficio": "DATA                PARCELA                                   VALOR DISTRIBUIDO"
            },
            {
                "nomeBeneficio": ""
            },
            {
                "nomeBeneficio": "10.05.2023        PARCELA DE IPI                                     55.463,03C"
            },
            {
                "nomeBeneficio": "                  PARCELA DE IR                                     723.717,47C"
            },
            {
                "nomeBeneficio": "                  RETENCAO PASEP                                      7.791,80D"
            },
            {
                "nomeBeneficio": "                  RFB-PREV-PARC60                                    14.639,28D"
            },
            {
                "nomeBeneficio": "                  DEDUCAO SAUDE                                     116.877,07D"
            },
            {
                "nomeBeneficio": "                  DEDUCAO FUNDEB                                    155.836,09D"
            },
            {
                "nomeBeneficio": "                  TOTAL NA DATA                                     484.036,26C"
            },
            {
                "nomeBeneficio": ""
            },
            {
                "nomeBeneficio": "19.05.2023        PARCELA DE IPI                                     15.689,10C"
            },
            {
                "nomeBeneficio": "                  PARCELA DE IR                                     138.254,28C"
            },
            {
                "nomeBeneficio": "                  RETENCAO PASEP                                      1.539,43D"
            },
            {
                "nomeBeneficio": "                  DEDUCAO SAUDE                                      23.091,50D"
            },
            {
                "nomeBeneficio": "                  DEDUCAO FUNDEB                                     30.788,67D"
            },
            {
                "nomeBeneficio": "                  TOTAL NA DATA                                      98.523,78C"
            },
            {
                "nomeBeneficio": ""
            },
            {
                "nomeBeneficio": "30.05.2023        PARCELA DE IPI                                      9.873,70C"
            },
            {
                "nomeBeneficio": "                  PARCELA DE IR                                     379.953,72C"
            },
            {
                "nomeBeneficio": "                  RETENCAO PASEP                                      3.898,26D"
            },
            {
                "nomeBeneficio": "                  DEDUCAO SAUDE                                      58.474,10D"
            },
            {
                "nomeBeneficio": "                  DEDUCAO FUNDEB                                     77.965,48D"
            },
            {
                "nomeBeneficio": "                  TOTAL NA DATA                                     249.489,58C"
            },
            {
                "nomeBeneficio": ""
            },
            {
                "nomeBeneficio": "TOTAL POR PARCELA / NATUREZA"
            },
            {
                "nomeBeneficio": ""
            },
            {
                "nomeBeneficio": "                  PARCELA DE IPI                                     81.025,83C"
            },
            {
                "nomeBeneficio": "                  PARCELA DE IR                                   1.241.925,47C"
            },
            {
                "nomeBeneficio": "                  RETENCAO PASEP                                     13.229,49D"
            },
            {
                "nomeBeneficio": "                  RFB-PREV-PARC60                                    14.639,28D"
            },
            {
                "nomeBeneficio": "                  DEDUCAO SAUDE                                     198.442,67D"
            },
            {
                "nomeBeneficio": "                  DEDUCAO FUNDEB                                    264.590,24D"
            },
            {
                "nomeBeneficio": ""
            },
            {
                "nomeBeneficio": "                  DEBITO FUNDO                                      490.901,68D"
            },
            {
                "nomeBeneficio": "                  CREDITO FUNDO                                   1.322.951,30C"
            },
            {
                "nomeBeneficio": ""
            },
            {
                "nomeBeneficio": "TOTAL DISTRIBUIDO NO PERIODO"
            },
            {
                "nomeBeneficio": ""
            },
            {
                "nomeBeneficio": "                  DEBITO BENEF.                                     490.901,68D"
            },
            {
                "nomeBeneficio": "                  CREDITO BENEF.                                  1.322.951,30C"
            }
        ]
    },
    "June": {
        "quantidadeBeneficio": 43,
        "indicadorContinuarPesquisa": "N",
        "quantidadeOcorrencia": [
            {
                "nomeBeneficio": "RIACHO DE SANTANA                                 -RN"
            },
            {
                "nomeBeneficio": ""
            },
            {
                "nomeBeneficio": "FPM   - FUNDO DE PARTICIPACAO DOS MUNICIPIOS"
            },
            {
                "nomeBeneficio": "DATA                PARCELA                                   VALOR DISTRIBUIDO"
            },
            {
                "nomeBeneficio": ""
            },
            {
                "nomeBeneficio": "09.06.2023        PARCELA DE IPI                                     68.428,21C"
            },
            {
                "nomeBeneficio": "                  PARCELA DE IR                                     474.157,63C"
            },
            {
                "nomeBeneficio": "                  RETENCAO PASEP                                      5.425,85D"
            },
            {
                "nomeBeneficio": "                  RFB-PREV-PARC60                                    14.744,20D"
            },
            {
                "nomeBeneficio": "                  DEDUCAO SAUDE                                      81.387,87D"
            },
            {
                "nomeBeneficio": "                  DEDUCAO FUNDEB                                    108.517,16D"
            },
            {
                "nomeBeneficio": "                  TOTAL NA DATA                                     332.510,76C"
            },
            {
                "nomeBeneficio": ""
            },
            {
                "nomeBeneficio": "20.06.2023        PARCELA DE IPI                                     17.185,70C"
            },
            {
                "nomeBeneficio": "                  PARCELA DE IR                                     296.229,73C"
            },
            {
                "nomeBeneficio": "                  RETENCAO PASEP                                      3.134,14D"
            },
            {
                "nomeBeneficio": "                  DEDUCAO SAUDE                                      47.012,30D"
            },
            {
                "nomeBeneficio": "                  DEDUCAO FUNDEB                                     62.683,08D"
            },
            {
                "nomeBeneficio": "                  TOTAL NA DATA                                     200.585,91C"
            },
            {
                "nomeBeneficio": ""
            },
            {
                "nomeBeneficio": "30.06.2023        PARCELA DE IPI                                     15.423,14C"
            },
            {
                "nomeBeneficio": "                  PARCELA DE IR                                     364.202,18C"
            },
            {
                "nomeBeneficio": "                  RETENCAO PASEP                                      3.796,25D"
            },
            {
                "nomeBeneficio": "                  DEDUCAO SAUDE                                      56.943,79D"
            },
            {
                "nomeBeneficio": "                  DEDUCAO FUNDEB                                     75.925,05D"
            },
            {
                "nomeBeneficio": "                  TOTAL NA DATA                                     242.960,23C"
            },
            {
                "nomeBeneficio": ""
            },
            {
                "nomeBeneficio": "TOTAL POR PARCELA / NATUREZA"
            },
            {
                "nomeBeneficio": ""
            },
            {
                "nomeBeneficio": "                  PARCELA DE IPI                                    101.037,05C"
            },
            {
                "nomeBeneficio": "                  PARCELA DE IR                                   1.134.589,54C"
            },
            {
                "nomeBeneficio": "                  RETENCAO PASEP                                     12.356,24D"
            },
            {
                "nomeBeneficio": "                  RFB-PREV-PARC60                                    14.744,20D"
            },
            {
                "nomeBeneficio": "                  DEDUCAO SAUDE                                     185.343,96D"
            },
            {
                "nomeBeneficio": "                  DEDUCAO FUNDEB                                    247.125,29D"
            },
            {
                "nomeBeneficio": ""
            },
            {
                "nomeBeneficio": "                  DEBITO FUNDO                                      459.569,69D"
            },
            {
                "nomeBeneficio": "                  CREDITO FUNDO                                   1.235.626,59C"
            },
            {
                "nomeBeneficio": ""
            },
            {
                "nomeBeneficio": "TOTAL DISTRIBUIDO NO PERIODO"
            },
            {
                "nomeBeneficio": ""
            },
            {
                "nomeBeneficio": "                  DEBITO BENEF.                                     459.569,69D"
            },
            {
                "nomeBeneficio": "                  CREDITO BENEF.                                  1.235.626,59C"
            }
        ]
    },
    "July": {
        "quantidadeBeneficio": 49,
        "indicadorContinuarPesquisa": "N",
        "quantidadeOcorrencia": [
            {
                "nomeBeneficio": "RIACHO DE SANTANA                                 -RN"
            },
            {
                "nomeBeneficio": ""
            },
            {
                "nomeBeneficio": "FPM   - FUNDO DE PARTICIPACAO DOS MUNICIPIOS"
            },
            {
                "nomeBeneficio": "DATA                PARCELA                                   VALOR DISTRIBUIDO"
            },
            {
                "nomeBeneficio": ""
            },
            {
                "nomeBeneficio": "10.07.2023        PARCELA DE IPI                                    112.196,14C"
            },
            {
                "nomeBeneficio": "                  PARCELA DE IR                                     908.726,95C"
            },
            {
                "nomeBeneficio": "                  AJ DED FUNDEB                                       2.476,65C"
            },
            {
                "nomeBeneficio": "                  AJ DED PASEP                                          123,83C"
            },
            {
                "nomeBeneficio": "                  RETENCAO PASEP                                     10.209,21D"
            },
            {
                "nomeBeneficio": "                  RFB-PREV-PARC60                                    14.844,45D"
            },
            {
                "nomeBeneficio": "                  DEDUCAO SAUDE                                      58.783,10D"
            },
            {
                "nomeBeneficio": "                  DEDUCAO FUNDEB                                     78.377,47D"
            },
            {
                "nomeBeneficio": "                  AJUSTE FPM                                         12.383,32D"
            },
            {
                "nomeBeneficio": "                  TOTAL NA DATA                                     848.926,02C"
            },
            {
                "nomeBeneficio": ""
            },
            {
                "nomeBeneficio": "20.07.2023        PARCELA DE IPI                                     17.251,33C"
            },
            {
                "nomeBeneficio": "                  PARCELA DE IR                                     121.805,17C"
            },
            {
                "nomeBeneficio": "                  RETENCAO PASEP                                      1.390,56D"
            },
            {
                "nomeBeneficio": "                  DEDUCAO SAUDE                                      20.858,46D"
            },
            {
                "nomeBeneficio": "                  DEDUCAO FUNDEB                                     27.811,29D"
            },
            {
                "nomeBeneficio": "                  TOTAL NA DATA                                      88.996,19C"
            },
            {
                "nomeBeneficio": ""
            },
            {
                "nomeBeneficio": "28.07.2023        PARCELA DE IPI                                      8.633,43C"
            },
            {
                "nomeBeneficio": "                  PARCELA DE IR                                     371.642,13C"
            },
            {
                "nomeBeneficio": "                  RETENCAO PASEP                                      3.802,75D"
            },
            {
                "nomeBeneficio": "                  DEDUCAO SAUDE                                      57.041,32D"
            },
            {
                "nomeBeneficio": "                  DEDUCAO FUNDEB                                     76.055,10D"
            },
            {
                "nomeBeneficio": "                  TOTAL NA DATA                                     243.376,39C"
            },
            {
                "nomeBeneficio": ""
            },
            {
                "nomeBeneficio": "TOTAL POR PARCELA / NATUREZA"
            },
            {
                "nomeBeneficio": ""
            },
            {
                "nomeBeneficio": "                  PARCELA DE IPI                                    138.080,90C"
            },
            {
                "nomeBeneficio": "                  PARCELA DE IR                                   1.402.174,25C"
            },
            {
                "nomeBeneficio": "                  RETENCAO PASEP                                     15.402,52D"
            },
            {
                "nomeBeneficio": "                  RFB-PREV-PARC60                                    14.844,45D"
            },
            {
                "nomeBeneficio": "                  DEDUCAO SAUDE                                     136.682,88D"
            },
            {
                "nomeBeneficio": "                  DEDUCAO FUNDEB                                    182.243,86D"
            },
            {
                "nomeBeneficio": "                  AJ DED FUNDEB                                       2.476,65C"
            },
            {
                "nomeBeneficio": "                  AJ DED PASEP                                          123,83C"
            },
            {
                "nomeBeneficio": "                  AJUSTE FPM                                         12.383,32D"
            },
            {
                "nomeBeneficio": ""
            },
            {
                "nomeBeneficio": "                  DEBITO FUNDO                                      361.557,03D"
            },
            {
                "nomeBeneficio": "                  CREDITO FUNDO                                   1.542.855,63C"
            },
            {
                "nomeBeneficio": ""
            },
            {
                "nomeBeneficio": "TOTAL DISTRIBUIDO NO PERIODO"
            },
            {
                "nomeBeneficio": ""
            },
            {
                "nomeBeneficio": "                  DEBITO BENEF.                                     361.557,03D"
            },
            {
                "nomeBeneficio": "                  CREDITO BENEF.                                  1.542.855,63C"
            }
        ]
    },
    "August": {
        "quantidadeBeneficio": 43,
        "indicadorContinuarPesquisa": "N",
        "quantidadeOcorrencia": [
            {
                "nomeBeneficio": "RIACHO DE SANTANA                                 -RN"
            },
            {
                "nomeBeneficio": ""
            },
            {
                "nomeBeneficio": "FPM   - FUNDO DE PARTICIPACAO DOS MUNICIPIOS"
            },
            {
                "nomeBeneficio": "DATA                PARCELA                                   VALOR DISTRIBUIDO"
            },
            {
                "nomeBeneficio": ""
            },
            {
                "nomeBeneficio": "10.08.2023        PARCELA DE IPI                                     58.564,82C"
            },
            {
                "nomeBeneficio": "                  PARCELA DE IR                                     537.320,71C"
            },
            {
                "nomeBeneficio": "                  RETENCAO PASEP                                      5.958,84D"
            },
            {
                "nomeBeneficio": "                  RFB-PREV-PARC60                                    14.944,69D"
            },
            {
                "nomeBeneficio": "                  DEDUCAO SAUDE                                      89.382,82D"
            },
            {
                "nomeBeneficio": "                  DEDUCAO FUNDEB                                    119.177,10D"
            },
            {
                "nomeBeneficio": "                  TOTAL NA DATA                                     366.422,08C"
            },
            {
                "nomeBeneficio": ""
            },
            {
                "nomeBeneficio": "18.08.2023        PARCELA DE IPI                                     14.085,82C"
            },
            {
                "nomeBeneficio": "                  PARCELA DE IR                                     121.916,69C"
            },
            {
                "nomeBeneficio": "                  RETENCAO PASEP                                      1.360,01D"
            },
            {
                "nomeBeneficio": "                  DEDUCAO SAUDE                                      20.400,37D"
            },
            {
                "nomeBeneficio": "                  DEDUCAO FUNDEB                                     27.200,49D"
            },
            {
                "nomeBeneficio": "                  TOTAL NA DATA                                      87.041,64C"
            },
            {
                "nomeBeneficio": ""
            },
            {
                "nomeBeneficio": "30.08.2023        PARCELA DE IPI                                      8.183,72C"
            },
            {
                "nomeBeneficio": "                  PARCELA DE IR                                     306.600,05C"
            },
            {
                "nomeBeneficio": "                  RETENCAO PASEP                                      3.147,83D"
            },
            {
                "nomeBeneficio": "                  DEDUCAO SAUDE                                      47.217,55D"
            },
            {
                "nomeBeneficio": "                  DEDUCAO FUNDEB                                     62.956,75D"
            },
            {
                "nomeBeneficio": "                  TOTAL NA DATA                                     201.461,64C"
            },
            {
                "nomeBeneficio": ""
            },
            {
                "nomeBeneficio": "TOTAL POR PARCELA / NATUREZA"
            },
            {
                "nomeBeneficio": ""
            },
            {
                "nomeBeneficio": "                  PARCELA DE IPI                                     80.834,36C"
            },
            {
                "nomeBeneficio": "                  PARCELA DE IR                                     965.837,45C"
            },
            {
                "nomeBeneficio": "                  RETENCAO PASEP                                     10.466,68D"
            },
            {
                "nomeBeneficio": "                  RFB-PREV-PARC60                                    14.944,69D"
            },
            {
                "nomeBeneficio": "                  DEDUCAO SAUDE                                     157.000,74D"
            },
            {
                "nomeBeneficio": "                  DEDUCAO FUNDEB                                    209.334,34D"
            },
            {
                "nomeBeneficio": ""
            },
            {
                "nomeBeneficio": "                  DEBITO FUNDO                                      391.746,45D"
            },
            {
                "nomeBeneficio": "                  CREDITO FUNDO                                   1.046.671,81C"
            },
            {
                "nomeBeneficio": ""
            },
            {
                "nomeBeneficio": "TOTAL DISTRIBUIDO NO PERIODO"
            },
            {
                "nomeBeneficio": ""
            },
            {
                "nomeBeneficio": "                  DEBITO BENEF.                                     391.746,45D"
            },
            {
                "nomeBeneficio": "                  CREDITO BENEF.                                  1.046.671,81C"
            }
        ]
    },
    "September": {
        "quantidadeBeneficio": 43,
        "indicadorContinuarPesquisa": "N",
        "quantidadeOcorrencia": [
            {
                "nomeBeneficio": "RIACHO DE SANTANA                                 -RN"
            },
            {
                "nomeBeneficio": ""
            },
            {
                "nomeBeneficio": "FPM   - FUNDO DE PARTICIPACAO DOS MUNICIPIOS"
            },
            {
                "nomeBeneficio": "DATA                PARCELA                                   VALOR DISTRIBUIDO"
            },
            {
                "nomeBeneficio": ""
            },
            {
                "nomeBeneficio": "08.09.2023        PARCELA DE IPI                                     79.593,27C"
            },
            {
                "nomeBeneficio": "                  PARCELA DE IR                                     461.248,12C"
            },
            {
                "nomeBeneficio": "                  RETENCAO PASEP                                      5.408,39D"
            },
            {
                "nomeBeneficio": "                  RFB-PREV-PARC60                                    15.051,48D"
            },
            {
                "nomeBeneficio": "                  DEDUCAO SAUDE                                      57.771,43D"
            },
            {
                "nomeBeneficio": "                  DEDUCAO FUNDEB                                     77.028,57D"
            },
            {
                "nomeBeneficio": "                  TOTAL NA DATA                                     385.581,52C"
            },
            {
                "nomeBeneficio": ""
            },
            {
                "nomeBeneficio": "20.09.2023        PARCELA DE IPI                                     10.651,58C"
            },
            {
                "nomeBeneficio": "                  PARCELA DE IR                                      88.084,99C"
            },
            {
                "nomeBeneficio": "                  RETENCAO PASEP                                        987,35D"
            },
            {
                "nomeBeneficio": "                  DEDUCAO SAUDE                                      14.810,47D"
            },
            {
                "nomeBeneficio": "                  DEDUCAO FUNDEB                                     19.747,30D"
            },
            {
                "nomeBeneficio": "                  TOTAL NA DATA                                      63.191,45C"
            },
            {
                "nomeBeneficio": ""
            },
            {
                "nomeBeneficio": "29.09.2023        PARCELA DE IPI                                     26.416,25C"
            },
            {
                "nomeBeneficio": "                  PARCELA DE IR                                     400.981,66C"
            },
            {
                "nomeBeneficio": "                  RETENCAO PASEP                                      4.273,97D"
            },
            {
                "nomeBeneficio": "                  DEDUCAO SAUDE                                      64.109,67D"
            },
            {
                "nomeBeneficio": "                  DEDUCAO FUNDEB                                     85.479,58D"
            },
            {
                "nomeBeneficio": "                  TOTAL NA DATA                                     273.534,69C"
            },
            {
                "nomeBeneficio": ""
            },
            {
                "nomeBeneficio": "TOTAL POR PARCELA / NATUREZA"
            },
            {
                "nomeBeneficio": ""
            },
            {
                "nomeBeneficio": "                  PARCELA DE IPI                                    116.661,10C"
            },
            {
                "nomeBeneficio": "                  PARCELA DE IR                                     950.314,77C"
            },
            {
                "nomeBeneficio": "                  RETENCAO PASEP                                     10.669,71D"
            },
            {
                "nomeBeneficio": "                  RFB-PREV-PARC60                                    15.051,48D"
            },
            {
                "nomeBeneficio": "                  DEDUCAO SAUDE                                     136.691,57D"
            },
            {
                "nomeBeneficio": "                  DEDUCAO FUNDEB                                    182.255,45D"
            },
            {
                "nomeBeneficio": ""
            },
            {
                "nomeBeneficio": "                  DEBITO FUNDO                                      344.668,21D"
            },
            {
                "nomeBeneficio": "                  CREDITO FUNDO                                   1.066.975,87C"
            },
            {
                "nomeBeneficio": ""
            },
            {
                "nomeBeneficio": "TOTAL DISTRIBUIDO NO PERIODO"
            },
            {
                "nomeBeneficio": ""
            },
            {
                "nomeBeneficio": "                  DEBITO BENEF.                                     344.668,21D"
            },
            {
                "nomeBeneficio": "                  CREDITO BENEF.                                  1.066.975,87C"
            }
        ]
    },
    "October": {
        "quantidadeBeneficio": 43,
        "indicadorContinuarPesquisa": "N",
        "quantidadeOcorrencia": [
            {
                "nomeBeneficio": "RIACHO DE SANTANA                                 -RN"
            },
            {
                "nomeBeneficio": ""
            },
            {
                "nomeBeneficio": "FPM   - FUNDO DE PARTICIPACAO DOS MUNICIPIOS"
            },
            {
                "nomeBeneficio": "DATA                PARCELA                                   VALOR DISTRIBUIDO"
            },
            {
                "nomeBeneficio": ""
            },
            {
                "nomeBeneficio": "10.10.2023        PARCELA DE IPI                                     67.627,23C"
            },
            {
                "nomeBeneficio": "                  PARCELA DE IR                                     364.378,14C"
            },
            {
                "nomeBeneficio": "                  RETENCAO PASEP                                      4.320,05D"
            },
            {
                "nomeBeneficio": "                  RFB-PREV-PARC60                                    15.142,36D"
            },
            {
                "nomeBeneficio": "                  DEDUCAO SAUDE                                      64.800,80D"
            },
            {
                "nomeBeneficio": "                  DEDUCAO FUNDEB                                     86.401,06D"
            },
            {
                "nomeBeneficio": "                  TOTAL NA DATA                                     261.341,10C"
            },
            {
                "nomeBeneficio": ""
            },
            {
                "nomeBeneficio": "20.10.2023        PARCELA DE IPI                                     30.879,53C"
            },
            {
                "nomeBeneficio": "                  PARCELA DE IR                                     136.439,82C"
            },
            {
                "nomeBeneficio": "                  RETENCAO PASEP                                      1.673,18D"
            },
            {
                "nomeBeneficio": "                  DEDUCAO SAUDE                                      25.097,89D"
            },
            {
                "nomeBeneficio": "                  DEDUCAO FUNDEB                                     33.463,86D"
            },
            {
                "nomeBeneficio": "                  TOTAL NA DATA                                     107.084,42C"
            },
            {
                "nomeBeneficio": ""
            },
            {
                "nomeBeneficio": "30.10.2023        PARCELA DE IPI                                     18.525,69C"
            },
            {
                "nomeBeneficio": "                  PARCELA DE IR                                     373.116,81C"
            },
            {
                "nomeBeneficio": "                  RETENCAO PASEP                                      3.916,41D"
            },
            {
                "nomeBeneficio": "                  DEDUCAO SAUDE                                      58.746,37D"
            },
            {
                "nomeBeneficio": "                  DEDUCAO FUNDEB                                     78.328,49D"
            },
            {
                "nomeBeneficio": "                  TOTAL NA DATA                                     250.651,23C"
            },
            {
                "nomeBeneficio": ""
            },
            {
                "nomeBeneficio": "TOTAL POR PARCELA / NATUREZA"
            },
            {
                "nomeBeneficio": ""
            },
            {
                "nomeBeneficio": "                  PARCELA DE IPI                                    117.032,45C"
            },
            {
                "nomeBeneficio": "                  PARCELA DE IR                                     873.934,77C"
            },
            {
                "nomeBeneficio": "                  RETENCAO PASEP                                      9.909,64D"
            },
            {
                "nomeBeneficio": "                  RFB-PREV-PARC60                                    15.142,36D"
            },
            {
                "nomeBeneficio": "                  DEDUCAO SAUDE                                     148.645,06D"
            },
            {
                "nomeBeneficio": "                  DEDUCAO FUNDEB                                    198.193,41D"
            },
            {
                "nomeBeneficio": ""
            },
            {
                "nomeBeneficio": "                  DEBITO FUNDO                                      371.890,47D"
            },
            {
                "nomeBeneficio": "                  CREDITO FUNDO                                     990.967,22C"
            },
            {
                "nomeBeneficio": ""
            },
            {
                "nomeBeneficio": "TOTAL DISTRIBUIDO NO PERIODO"
            },
            {
                "nomeBeneficio": ""
            },
            {
                "nomeBeneficio": "                  DEBITO BENEF.                                     371.890,47D"
            },
            {
                "nomeBeneficio": "                  CREDITO BENEF.                                    990.967,22C"
            }
        ]
    },
    "November": {
        "quantidadeBeneficio": 43,
        "indicadorContinuarPesquisa": "N",
        "quantidadeOcorrencia": [
            {
                "nomeBeneficio": "RIACHO DE SANTANA                                 -RN"
            },
            {
                "nomeBeneficio": ""
            },
            {
                "nomeBeneficio": "FPM   - FUNDO DE PARTICIPACAO DOS MUNICIPIOS"
            },
            {
                "nomeBeneficio": "DATA                PARCELA                                   VALOR DISTRIBUIDO"
            },
            {
                "nomeBeneficio": ""
            },
            {
                "nomeBeneficio": "10.11.2023        PARCELA DE IPI                                     56.585,26C"
            },
            {
                "nomeBeneficio": "                  PARCELA DE IR                                     709.314,81C"
            },
            {
                "nomeBeneficio": "                  RETENCAO PASEP                                      7.658,99D"
            },
            {
                "nomeBeneficio": "                  RFB-PREV-PARC60                                    15.236,03D"
            },
            {
                "nomeBeneficio": "                  DEDUCAO SAUDE                                     114.885,00D"
            },
            {
                "nomeBeneficio": "                  DEDUCAO FUNDEB                                    153.180,01D"
            },
            {
                "nomeBeneficio": "                  TOTAL NA DATA                                     474.940,04C"
            },
            {
                "nomeBeneficio": ""
            },
            {
                "nomeBeneficio": "20.11.2023        PARCELA DE IPI                                     19.970,79C"
            },
            {
                "nomeBeneficio": "                  PARCELA DE IR                                     146.177,61C"
            },
            {
                "nomeBeneficio": "                  RETENCAO PASEP                                      1.661,47D"
            },
            {
                "nomeBeneficio": "                  DEDUCAO SAUDE                                      24.922,25D"
            },
            {
                "nomeBeneficio": "                  DEDUCAO FUNDEB                                     33.229,67D"
            },
            {
                "nomeBeneficio": "                  TOTAL NA DATA                                     106.335,01C"
            },
            {
                "nomeBeneficio": ""
            },
            {
                "nomeBeneficio": "30.11.2023        PARCELA DE IPI                                     19.337,44C"
            },
            {
                "nomeBeneficio": "                  PARCELA DE IR                                     334.358,83C"
            },
            {
                "nomeBeneficio": "                  RETENCAO PASEP                                      3.536,95D"
            },
            {
                "nomeBeneficio": "                  DEDUCAO SAUDE                                      53.054,43D"
            },
            {
                "nomeBeneficio": "                  DEDUCAO FUNDEB                                     70.739,24D"
            },
            {
                "nomeBeneficio": "                  TOTAL NA DATA                                     226.365,65C"
            },
            {
                "nomeBeneficio": ""
            },
            {
                "nomeBeneficio": "TOTAL POR PARCELA / NATUREZA"
            },
            {
                "nomeBeneficio": ""
            },
            {
                "nomeBeneficio": "                  PARCELA DE IPI                                     95.893,49C"
            },
            {
                "nomeBeneficio": "                  PARCELA DE IR                                   1.189.851,25C"
            },
            {
                "nomeBeneficio": "                  RETENCAO PASEP                                     12.857,41D"
            },
            {
                "nomeBeneficio": "                  RFB-PREV-PARC60                                    15.236,03D"
            },
            {
                "nomeBeneficio": "                  DEDUCAO SAUDE                                     192.861,68D"
            },
            {
                "nomeBeneficio": "                  DEDUCAO FUNDEB                                    257.148,92D"
            },
            {
                "nomeBeneficio": ""
            },
            {
                "nomeBeneficio": "                  DEBITO FUNDO                                      478.104,04D"
            },
            {
                "nomeBeneficio": "                  CREDITO FUNDO                                   1.285.744,74C"
            },
            {
                "nomeBeneficio": ""
            },
            {
                "nomeBeneficio": "TOTAL DISTRIBUIDO NO PERIODO"
            },
            {
                "nomeBeneficio": ""
            },
            {
                "nomeBeneficio": "                  DEBITO BENEF.                                     478.104,04D"
            },
            {
                "nomeBeneficio": "                  CREDITO BENEF.                                  1.285.744,74C"
            }
        ]
    },
    "December": {
        "quantidadeBeneficio": 48,
        "indicadorContinuarPesquisa": "N",
        "quantidadeOcorrencia": [
            {
                "nomeBeneficio": "RIACHO DE SANTANA                                 -RN"
            },
            {
                "nomeBeneficio": ""
            },
            {
                "nomeBeneficio": "FPM   - FUNDO DE PARTICIPACAO DOS MUNICIPIOS"
            },
            {
                "nomeBeneficio": "DATA                PARCELA                                   VALOR DISTRIBUIDO"
            },
            {
                "nomeBeneficio": ""
            },
            {
                "nomeBeneficio": "07.12.2023        PARCELA DE IPI                                     48.787,69C"
            },
            {
                "nomeBeneficio": "                  PARCELA DE IR                                     578.408,22C"
            },
            {
                "nomeBeneficio": "                  RETENCAO PASEP                                      6.271,95D"
            },
            {
                "nomeBeneficio": "                  TOTAL NA DATA                                     620.923,96C"
            },
            {
                "nomeBeneficio": ""
            },
            {
                "nomeBeneficio": "08.12.2023        PARCELA DE IPI                                     55.339,43C"
            },
            {
                "nomeBeneficio": "                  PARCELA DE IR                                     497.590,99C"
            },
            {
                "nomeBeneficio": "                  RETENCAO PASEP                                      5.529,29D"
            },
            {
                "nomeBeneficio": "                  RFB-PREV-PARC60                                    15.322,23D"
            },
            {
                "nomeBeneficio": "                  DEDUCAO SAUDE                                      82.939,55D"
            },
            {
                "nomeBeneficio": "                  DEDUCAO FUNDEB                                    110.586,07D"
            },
            {
                "nomeBeneficio": "                  TOTAL NA DATA                                     338.553,28C"
            },
            {
                "nomeBeneficio": ""
            },
            {
                "nomeBeneficio": "20.12.2023        PARCELA DE IPI                                     26.194,89C"
            },
            {
                "nomeBeneficio": "                  PARCELA DE IR                                     354.410,63C"
            },
            {
                "nomeBeneficio": "                  RETENCAO PASEP                                      3.806,04D"
            },
            {
                "nomeBeneficio": "                  DEDUCAO SAUDE                                      57.090,82D"
            },
            {
                "nomeBeneficio": "                  DEDUCAO FUNDEB                                     76.121,09D"
            },
            {
                "nomeBeneficio": "                  TOTAL NA DATA                                     243.587,57C"
            },
            {
                "nomeBeneficio": ""
            },
            {
                "nomeBeneficio": "28.12.2023        PARCELA DE IPI                                     22.864,03C"
            },
            {
                "nomeBeneficio": "                  PARCELA DE IR                                     458.257,00C"
            },
            {
                "nomeBeneficio": "                  RETENCAO PASEP                                      4.811,21D"
            },
            {
                "nomeBeneficio": "                  DEDUCAO SAUDE                                      72.168,15D"
            },
            {
                "nomeBeneficio": "                  DEDUCAO FUNDEB                                     96.224,20D"
            },
            {
                "nomeBeneficio": "                  TOTAL NA DATA                                     307.917,47C"
            },
            {
                "nomeBeneficio": ""
            },
            {
                "nomeBeneficio": "TOTAL POR PARCELA / NATUREZA"
            },
            {
                "nomeBeneficio": ""
            },
            {
                "nomeBeneficio": "                  PARCELA DE IPI                                    153.186,04C"
            },
            {
                "nomeBeneficio": "                  PARCELA DE IR                                   1.888.666,84C"
            },
            {
                "nomeBeneficio": "                  RETENCAO PASEP                                     20.418,49D"
            },
            {
                "nomeBeneficio": "                  RFB-PREV-PARC60                                    15.322,23D"
            },
            {
                "nomeBeneficio": "                  DEDUCAO SAUDE                                     212.198,52D"
            },
            {
                "nomeBeneficio": "                  DEDUCAO FUNDEB                                    282.931,36D"
            },
            {
                "nomeBeneficio": ""
            },
            {
                "nomeBeneficio": "                  DEBITO FUNDO                                      530.870,60D"
            },
            {
                "nomeBeneficio": "                  CREDITO FUNDO                                   2.041.852,88C"
            },
            {
                "nomeBeneficio": ""
            },
            {
                "nomeBeneficio": "TOTAL DISTRIBUIDO NO PERIODO"
            },
            {
                "nomeBeneficio": ""
            },
            {
                "nomeBeneficio": "                  DEBITO BENEF.                                     530.870,60D"
            },
            {
                "nomeBeneficio": "                  CREDITO BENEF.                                  2.041.852,88C"
            }
        ]
    }
}