{
    "January": {
        "quantidadeBeneficio": 41,
        "indicadorContinuarPesquisa": "N",
        "quantidadeOcorrencia": [
            {
                "nomeBeneficio": "IPIRA                                             -BA"
            },
            {
                "nomeBeneficio": ""
            },
            {
                "nomeBeneficio": "FPM   - FUNDO DE PARTICIPACAO DOS MUNICIPIOS"
            },
            {
                "nomeBeneficio": "DATA                PARCELA                                   VALOR DISTRIBUIDO"
            },
            {
                "nomeBeneficio": ""
            },
            {
                "nomeBeneficio": "10.01.2023        PARCELA DE IPI                                    215.147,98C"
            },
            {
                "nomeBeneficio": "                  PARCELA DE IR                                   1.982.479,37C"
            },
            {
                "nomeBeneficio": "                  RETENCAO PASEP                                     21.976,26D"
            },
            {
                "nomeBeneficio": "                  DEDUCAO SAUDE                                     329.644,09D"
            },
            {
                "nomeBeneficio": "                  DEDUCAO FUNDEB                                    439.525,46D"
            },
            {
                "nomeBeneficio": "                  TOTAL NA DATA                                   1.406.481,54C"
            },
            {
                "nomeBeneficio": ""
            },
            {
                "nomeBeneficio": "20.01.2023        PARCELA DE IPI                                    106.561,91C"
            },
            {
                "nomeBeneficio": "                  PARCELA DE IR                                     740.349,45C"
            },
            {
                "nomeBeneficio": "                  RETENCAO PASEP                                      8.469,10D"
            },
            {
                "nomeBeneficio": "                  DEDUCAO SAUDE                                     127.036,69D"
            },
            {
                "nomeBeneficio": "                  DEDUCAO FUNDEB                                    169.382,27D"
            },
            {
                "nomeBeneficio": "                  TOTAL NA DATA                                     542.023,30C"
            },
            {
                "nomeBeneficio": ""
            },
            {
                "nomeBeneficio": "30.01.2023        PARCELA DE IPI                                     61.846,28C"
            },
            {
                "nomeBeneficio": "                  PARCELA DE IR                                   2.039.695,68C"
            },
            {
                "nomeBeneficio": "                  RETENCAO PASEP                                     21.015,41D"
            },
            {
                "nomeBeneficio": "                  DEDUCAO SAUDE                                     315.231,29D"
            },
            {
                "nomeBeneficio": "                  DEDUCAO FUNDEB                                    420.308,38D"
            },
            {
                "nomeBeneficio": "                  TOTAL NA DATA                                   1.344.986,88C"
            },
            {
                "nomeBeneficio": ""
            },
            {
                "nomeBeneficio": "TOTAL POR PARCELA / NATUREZA"
            },
            {
                "nomeBeneficio": ""
            },
            {
                "nomeBeneficio": "                  PARCELA DE IPI                                    383.556,17C"
            },
            {
                "nomeBeneficio": "                  PARCELA DE IR                                   4.762.524,50C"
            },
            {
                "nomeBeneficio": "                  RETENCAO PASEP                                     51.460,77D"
            },
            {
                "nomeBeneficio": "                  DEDUCAO SAUDE                                     771.912,07D"
            },
            {
                "nomeBeneficio": "                  DEDUCAO FUNDEB                                  1.029.216,11D"
            },
            {
                "nomeBeneficio": ""
            },
            {
                "nomeBeneficio": "                  DEBITO FUNDO                                    1.852.588,95D"
            },
            {
                "nomeBeneficio": "                  CREDITO FUNDO                                   5.146.080,67C"
            },
            {
                "nomeBeneficio": ""
            },
            {
                "nomeBeneficio": "TOTAL DISTRIBUIDO NO PERIODO"
            },
            {
                "nomeBeneficio": ""
            },
            {
                "nomeBeneficio": "                  DEBITO BENEF.                                   1.852.588,95D"
            },
            {
                "nomeBeneficio": "                  CREDITO BENEF.                                  5.146.080,67C"
            }
        ]
    },
    "February": {
        "quantidadeBeneficio": 41,
        "indicadorContinuarPesquisa": "N",
        "quantidadeOcorrencia": [
            {
                "nomeBeneficio": "IPIRA                                             -BA"
            },
            {
                "nomeBeneficio": ""
            },
            {
                "nomeBeneficio": "FPM   - FUNDO DE PARTICIPACAO DOS MUNICIPIOS"
            },
            {
                "nomeBeneficio": "DATA                PARCELA                                   VALOR DISTRIBUIDO"
            },
            {
                "nomeBeneficio": ""
            },
            {
                "nomeBeneficio": "10.02.2023        PARCELA DE IPI                                    218.695,99C"
            },
            {
                "nomeBeneficio": "                  PARCELA DE IR                                   5.157.241,61C"
            },
            {
                "nomeBeneficio": "                  RETENCAO PASEP                                     53.759,36D"
            },
            {
                "nomeBeneficio": "                  DEDUCAO SAUDE                                     806.390,63D"
            },
            {
                "nomeBeneficio": "                  DEDUCAO FUNDEB                                  1.075.187,51D"
            },
            {
                "nomeBeneficio": "                  TOTAL NA DATA                                   3.440.600,10C"
            },
            {
                "nomeBeneficio": ""
            },
            {
                "nomeBeneficio": "17.02.2023        PARCELA DE IPI                                     39.744,60C"
            },
            {
                "nomeBeneficio": "                  PARCELA DE IR                                     477.771,68C"
            },
            {
                "nomeBeneficio": "                  RETENCAO PASEP                                      5.175,15D"
            },
            {
                "nomeBeneficio": "                  DEDUCAO SAUDE                                      77.627,44D"
            },
            {
                "nomeBeneficio": "                  DEDUCAO FUNDEB                                    103.503,25D"
            },
            {
                "nomeBeneficio": "                  TOTAL NA DATA                                     331.210,44C"
            },
            {
                "nomeBeneficio": ""
            },
            {
                "nomeBeneficio": "28.02.2023        PARCELA DE IPI                                     29.206,69C"
            },
            {
                "nomeBeneficio": "                  PARCELA DE IR                                   1.254.039,03C"
            },
            {
                "nomeBeneficio": "                  RETENCAO PASEP                                     12.832,45D"
            },
            {
                "nomeBeneficio": "                  DEDUCAO SAUDE                                     192.486,85D"
            },
            {
                "nomeBeneficio": "                  DEDUCAO FUNDEB                                    256.649,13D"
            },
            {
                "nomeBeneficio": "                  TOTAL NA DATA                                     821.277,29C"
            },
            {
                "nomeBeneficio": ""
            },
            {
                "nomeBeneficio": "TOTAL POR PARCELA / NATUREZA"
            },
            {
                "nomeBeneficio": ""
            },
            {
                "nomeBeneficio": "                  PARCELA DE IPI                                    287.647,28C"
            },
            {
                "nomeBeneficio": "                  PARCELA DE IR                                   6.889.052,32C"
            },
            {
                "nomeBeneficio": "                  RETENCAO PASEP                                     71.766,96D"
            },
            {
                "nomeBeneficio": "                  DEDUCAO SAUDE                                   1.076.504,92D"
            },
            {
                "nomeBeneficio": "                  DEDUCAO FUNDEB                                  1.435.339,89D"
            },
            {
                "nomeBeneficio": ""
            },
            {
                "nomeBeneficio": "                  DEBITO FUNDO                                    2.583.611,77D"
            },
            {
                "nomeBeneficio": "                  CREDITO FUNDO                                   7.176.699,60C"
            },
            {
                "nomeBeneficio": ""
            },
            {
                "nomeBeneficio": "TOTAL DISTRIBUIDO NO PERIODO"
            },
            {
                "nomeBeneficio": ""
            },
            {
                "nomeBeneficio": "                  DEBITO BENEF.                                   2.583.611,77D"
            },
            {
                "nomeBeneficio": "                  CREDITO BENEF.                                  7.176.699,60C"
            }
        ]
    },
    "March": {
        "quantidadeBeneficio": 41,
        "indicadorContinuarPesquisa": "N",
        "quantidadeOcorrencia": [
            {
                "nomeBeneficio": "IPIRA                                             -BA"
            },
            {
                "nomeBeneficio": ""
            },
            {
                "nomeBeneficio": "FPM   - FUNDO DE PARTICIPACAO DOS MUNICIPIOS"
            },
            {
                "nomeBeneficio": "DATA                PARCELA                                   VALOR DISTRIBUIDO"
            },
            {
                "nomeBeneficio": ""
            },
            {
                "nomeBeneficio": "10.03.2023        PARCELA DE IPI                                    246.671,24C"
            },
            {
                "nomeBeneficio": "                  PARCELA DE IR                                   2.003.967,91C"
            },
            {
                "nomeBeneficio": "                  RETENCAO PASEP                                     22.506,38D"
            },
            {
                "nomeBeneficio": "                  DEDUCAO SAUDE                                     337.595,86D"
            },
            {
                "nomeBeneficio": "                  DEDUCAO FUNDEB                                    450.127,82D"
            },
            {
                "nomeBeneficio": "                  TOTAL NA DATA                                   1.440.409,09C"
            },
            {
                "nomeBeneficio": ""
            },
            {
                "nomeBeneficio": "20.03.2023        PARCELA DE IPI                                     49.582,65C"
            },
            {
                "nomeBeneficio": "                  PARCELA DE IR                                     446.541,56C"
            },
            {
                "nomeBeneficio": "                  RETENCAO PASEP                                      4.961,23D"
            },
            {
                "nomeBeneficio": "                  DEDUCAO SAUDE                                      74.418,62D"
            },
            {
                "nomeBeneficio": "                  DEDUCAO FUNDEB                                     99.224,84D"
            },
            {
                "nomeBeneficio": "                  TOTAL NA DATA                                     317.519,52C"
            },
            {
                "nomeBeneficio": ""
            },
            {
                "nomeBeneficio": "30.03.2023        PARCELA DE IPI                                     60.231,19C"
            },
            {
                "nomeBeneficio": "                  PARCELA DE IR                                   1.583.321,83C"
            },
            {
                "nomeBeneficio": "                  RETENCAO PASEP                                     16.435,52D"
            },
            {
                "nomeBeneficio": "                  DEDUCAO SAUDE                                     246.532,94D"
            },
            {
                "nomeBeneficio": "                  DEDUCAO FUNDEB                                    328.710,59D"
            },
            {
                "nomeBeneficio": "                  TOTAL NA DATA                                   1.051.873,97C"
            },
            {
                "nomeBeneficio": ""
            },
            {
                "nomeBeneficio": "TOTAL POR PARCELA / NATUREZA"
            },
            {
                "nomeBeneficio": ""
            },
            {
                "nomeBeneficio": "                  PARCELA DE IPI                                    356.485,08C"
            },
            {
                "nomeBeneficio": "                  PARCELA DE IR                                   4.033.831,30C"
            },
            {
                "nomeBeneficio": "                  RETENCAO PASEP                                     43.903,13D"
            },
            {
                "nomeBeneficio": "                  DEDUCAO SAUDE                                     658.547,42D"
            },
            {
                "nomeBeneficio": "                  DEDUCAO FUNDEB                                    878.063,25D"
            },
            {
                "nomeBeneficio": ""
            },
            {
                "nomeBeneficio": "                  DEBITO FUNDO                                    1.580.513,80D"
            },
            {
                "nomeBeneficio": "                  CREDITO FUNDO                                   4.390.316,38C"
            },
            {
                "nomeBeneficio": ""
            },
            {
                "nomeBeneficio": "TOTAL DISTRIBUIDO NO PERIODO"
            },
            {
                "nomeBeneficio": ""
            },
            {
                "nomeBeneficio": "                  DEBITO BENEF.                                   1.580.513,80D"
            },
            {
                "nomeBeneficio": "                  CREDITO BENEF.                                  4.390.316,38C"
            }
        ]
    },
    "April": {
        "quantidadeBeneficio": 41,
        "indicadorContinuarPesquisa": "N",
        "quantidadeOcorrencia": [
            {
                "nomeBeneficio": "IPIRA                                             -BA"
            },
            {
                "nomeBeneficio": ""
            },
            {
                "nomeBeneficio": "FPM   - FUNDO DE PARTICIPACAO DOS MUNICIPIOS"
            },
            {
                "nomeBeneficio": "DATA                PARCELA                                   VALOR DISTRIBUIDO"
            },
            {
                "nomeBeneficio": ""
            },
            {
                "nomeBeneficio": "10.04.2023        PARCELA DE IPI                                    280.574,93C"
            },
            {
                "nomeBeneficio": "                  PARCELA DE IR                                   2.147.021,35C"
            },
            {
                "nomeBeneficio": "                  RETENCAO PASEP                                     24.275,95D"
            },
            {
                "nomeBeneficio": "                  DEDUCAO SAUDE                                     364.139,43D"
            },
            {
                "nomeBeneficio": "                  DEDUCAO FUNDEB                                    485.519,25D"
            },
            {
                "nomeBeneficio": "                  TOTAL NA DATA                                   1.553.661,65C"
            },
            {
                "nomeBeneficio": ""
            },
            {
                "nomeBeneficio": "20.04.2023        PARCELA DE IPI                                     44.231,14C"
            },
            {
                "nomeBeneficio": "                  PARCELA DE IR                                     579.032,48C"
            },
            {
                "nomeBeneficio": "                  RETENCAO PASEP                                      6.232,63D"
            },
            {
                "nomeBeneficio": "                  DEDUCAO SAUDE                                      93.489,54D"
            },
            {
                "nomeBeneficio": "                  DEDUCAO FUNDEB                                    124.652,71D"
            },
            {
                "nomeBeneficio": "                  TOTAL NA DATA                                     398.888,74C"
            },
            {
                "nomeBeneficio": ""
            },
            {
                "nomeBeneficio": "28.04.2023        PARCELA DE IPI                                     55.232,61C"
            },
            {
                "nomeBeneficio": "                  PARCELA DE IR                                   1.913.409,18C"
            },
            {
                "nomeBeneficio": "                  RETENCAO PASEP                                     19.686,41D"
            },
            {
                "nomeBeneficio": "                  DEDUCAO SAUDE                                     295.296,26D"
            },
            {
                "nomeBeneficio": "                  DEDUCAO FUNDEB                                    393.728,35D"
            },
            {
                "nomeBeneficio": "                  TOTAL NA DATA                                   1.259.930,77C"
            },
            {
                "nomeBeneficio": ""
            },
            {
                "nomeBeneficio": "TOTAL POR PARCELA / NATUREZA"
            },
            {
                "nomeBeneficio": ""
            },
            {
                "nomeBeneficio": "                  PARCELA DE IPI                                    380.038,68C"
            },
            {
                "nomeBeneficio": "                  PARCELA DE IR                                   4.639.463,01C"
            },
            {
                "nomeBeneficio": "                  RETENCAO PASEP                                     50.194,99D"
            },
            {
                "nomeBeneficio": "                  DEDUCAO SAUDE                                     752.925,23D"
            },
            {
                "nomeBeneficio": "                  DEDUCAO FUNDEB                                  1.003.900,31D"
            },
            {
                "nomeBeneficio": ""
            },
            {
                "nomeBeneficio": "                  DEBITO FUNDO                                    1.807.020,53D"
            },
            {
                "nomeBeneficio": "                  CREDITO FUNDO                                   5.019.501,69C"
            },
            {
                "nomeBeneficio": ""
            },
            {
                "nomeBeneficio": "TOTAL DISTRIBUIDO NO PERIODO"
            },
            {
                "nomeBeneficio": ""
            },
            {
                "nomeBeneficio": "                  DEBITO BENEF.                                   1.807.020,53D"
            },
            {
                "nomeBeneficio": "                  CREDITO BENEF.                                  5.019.501,69C"
            }
        ]
    },
    "May": {
        "quantidadeBeneficio": 41,
        "indicadorContinuarPesquisa": "N",
        "quantidadeOcorrencia": [
            {
                "nomeBeneficio": "IPIRA                                             -BA"
            },
            {
                "nomeBeneficio": ""
            },
            {
                "nomeBeneficio": "FPM   - FUNDO DE PARTICIPACAO DOS MUNICIPIOS"
            },
            {
                "nomeBeneficio": "DATA                PARCELA                                   VALOR DISTRIBUIDO"
            },
            {
                "nomeBeneficio": ""
            },
            {
                "nomeBeneficio": "10.05.2023        PARCELA DE IPI                                    233.933,55C"
            },
            {
                "nomeBeneficio": "                  PARCELA DE IR                                   3.052.516,32C"
            },
            {
                "nomeBeneficio": "                  RETENCAO PASEP                                     32.864,49D"
            },
            {
                "nomeBeneficio": "                  DEDUCAO SAUDE                                     492.967,47D"
            },
            {
                "nomeBeneficio": "                  DEDUCAO FUNDEB                                    657.289,97D"
            },
            {
                "nomeBeneficio": "                  TOTAL NA DATA                                   2.103.327,94C"
            },
            {
                "nomeBeneficio": ""
            },
            {
                "nomeBeneficio": "19.05.2023        PARCELA DE IPI                                     66.173,95C"
            },
            {
                "nomeBeneficio": "                  PARCELA DE IR                                     583.132,89C"
            },
            {
                "nomeBeneficio": "                  RETENCAO PASEP                                      6.493,05D"
            },
            {
                "nomeBeneficio": "                  DEDUCAO SAUDE                                      97.396,02D"
            },
            {
                "nomeBeneficio": "                  DEDUCAO FUNDEB                                    129.861,36D"
            },
            {
                "nomeBeneficio": "                  TOTAL NA DATA                                     415.556,41C"
            },
            {
                "nomeBeneficio": ""
            },
            {
                "nomeBeneficio": "30.05.2023        PARCELA DE IPI                                     41.645,56C"
            },
            {
                "nomeBeneficio": "                  PARCELA DE IR                                   1.602.579,72C"
            },
            {
                "nomeBeneficio": "                  RETENCAO PASEP                                     16.442,24D"
            },
            {
                "nomeBeneficio": "                  DEDUCAO SAUDE                                     246.633,78D"
            },
            {
                "nomeBeneficio": "                  DEDUCAO FUNDEB                                    328.845,05D"
            },
            {
                "nomeBeneficio": "                  TOTAL NA DATA                                   1.052.304,21C"
            },
            {
                "nomeBeneficio": ""
            },
            {
                "nomeBeneficio": "TOTAL POR PARCELA / NATUREZA"
            },
            {
                "nomeBeneficio": ""
            },
            {
                "nomeBeneficio": "                  PARCELA DE IPI                                    341.753,06C"
            },
            {
                "nomeBeneficio": "                  PARCELA DE IR                                   5.238.228,93C"
            },
            {
                "nomeBeneficio": "                  RETENCAO PASEP                                     55.799,78D"
            },
            {
                "nomeBeneficio": "                  DEDUCAO SAUDE                                     836.997,27D"
            },
            {
                "nomeBeneficio": "                  DEDUCAO FUNDEB                                  1.115.996,38D"
            },
            {
                "nomeBeneficio": ""
            },
            {
                "nomeBeneficio": "                  DEBITO FUNDO                                    2.008.793,43D"
            },
            {
                "nomeBeneficio": "                  CREDITO FUNDO                                   5.579.981,99C"
            },
            {
                "nomeBeneficio": ""
            },
            {
                "nomeBeneficio": "TOTAL DISTRIBUIDO NO PERIODO"
            },
            {
                "nomeBeneficio": ""
            },
            {
                "nomeBeneficio": "                  DEBITO BENEF.                                   2.008.793,43D"
            },
            {
                "nomeBeneficio": "                  CREDITO BENEF.                                  5.579.981,99C"
            }
        ]
    },
    "June": {
        "quantidadeBeneficio": 41,
        "indicadorContinuarPesquisa": "N",
        "quantidadeOcorrencia": [
            {
                "nomeBeneficio": "IPIRA                                             -BA"
            },
            {
                "nomeBeneficio": ""
            },
            {
                "nomeBeneficio": "FPM   - FUNDO DE PARTICIPACAO DOS MUNICIPIOS"
            },
            {
                "nomeBeneficio": "DATA                PARCELA                                   VALOR DISTRIBUIDO"
            },
            {
                "nomeBeneficio": ""
            },
            {
                "nomeBeneficio": "09.06.2023        PARCELA DE IPI                                    288.618,47C"
            },
            {
                "nomeBeneficio": "                  PARCELA DE IR                                   1.999.915,66C"
            },
            {
                "nomeBeneficio": "                  RETENCAO PASEP                                     22.885,33D"
            },
            {
                "nomeBeneficio": "                  DEDUCAO SAUDE                                     343.280,11D"
            },
            {
                "nomeBeneficio": "                  DEDUCAO FUNDEB                                    457.706,82D"
            },
            {
                "nomeBeneficio": "                  TOTAL NA DATA                                   1.464.661,87C"
            },
            {
                "nomeBeneficio": ""
            },
            {
                "nomeBeneficio": "20.06.2023        PARCELA DE IPI                                     72.486,36C"
            },
            {
                "nomeBeneficio": "                  PARCELA DE IR                                   1.249.446,25C"
            },
            {
                "nomeBeneficio": "                  RETENCAO PASEP                                     13.219,32D"
            },
            {
                "nomeBeneficio": "                  DEDUCAO SAUDE                                     198.289,88D"
            },
            {
                "nomeBeneficio": "                  DEDUCAO FUNDEB                                    264.386,52D"
            },
            {
                "nomeBeneficio": "                  TOTAL NA DATA                                     846.036,89C"
            },
            {
                "nomeBeneficio": ""
            },
            {
                "nomeBeneficio": "30.06.2023        PARCELA DE IPI                                     65.052,17C"
            },
            {
                "nomeBeneficio": "                  PARCELA DE IR                                   1.536.142,44C"
            },
            {
                "nomeBeneficio": "                  RETENCAO PASEP                                     16.011,94D"
            },
            {
                "nomeBeneficio": "                  DEDUCAO SAUDE                                     240.179,18D"
            },
            {
                "nomeBeneficio": "                  DEDUCAO FUNDEB                                    320.238,91D"
            },
            {
                "nomeBeneficio": "                  TOTAL NA DATA                                   1.024.764,58C"
            },
            {
                "nomeBeneficio": ""
            },
            {
                "nomeBeneficio": "TOTAL POR PARCELA / NATUREZA"
            },
            {
                "nomeBeneficio": ""
            },
            {
                "nomeBeneficio": "                  PARCELA DE IPI                                    426.157,00C"
            },
            {
                "nomeBeneficio": "                  PARCELA DE IR                                   4.785.504,35C"
            },
            {
                "nomeBeneficio": "                  RETENCAO PASEP                                     52.116,59D"
            },
            {
                "nomeBeneficio": "                  DEDUCAO SAUDE                                     781.749,17D"
            },
            {
                "nomeBeneficio": "                  DEDUCAO FUNDEB                                  1.042.332,25D"
            },
            {
                "nomeBeneficio": ""
            },
            {
                "nomeBeneficio": "                  DEBITO FUNDO                                    1.876.198,01D"
            },
            {
                "nomeBeneficio": "                  CREDITO FUNDO                                   5.211.661,35C"
            },
            {
                "nomeBeneficio": ""
            },
            {
                "nomeBeneficio": "TOTAL DISTRIBUIDO NO PERIODO"
            },
            {
                "nomeBeneficio": ""
            },
            {
                "nomeBeneficio": "                  DEBITO BENEF.                                   1.876.198,01D"
            },
            {
                "nomeBeneficio": "                  CREDITO BENEF.                                  5.211.661,35C"
            }
        ]
    },
    "July": {
        "quantidadeBeneficio": 49,
        "indicadorContinuarPesquisa": "N",
        "quantidadeOcorrencia": [
            {
                "nomeBeneficio": "IPIRA                                             -BA"
            },
            {
                "nomeBeneficio": ""
            },
            {
                "nomeBeneficio": "FPM   - FUNDO DE PARTICIPACAO DOS MUNICIPIOS"
            },
            {
                "nomeBeneficio": "DATA                PARCELA                                   VALOR DISTRIBUIDO"
            },
            {
                "nomeBeneficio": ""
            },
            {
                "nomeBeneficio": "10.07.2023        PARCELA DE IPI                                    473.733,78C"
            },
            {
                "nomeBeneficio": "                  PARCELA DE IR                                   3.836.982,74C"
            },
            {
                "nomeBeneficio": "                  AJUSTE FPM                                        186.864,55C"
            },
            {
                "nomeBeneficio": "                  RETENCAO PASEP                                     43.107,15D"
            },
            {
                "nomeBeneficio": "                  RFB-PREV-PARC60                                   115.205,99D"
            },
            {
                "nomeBeneficio": "                  DEDUCAO SAUDE                                     248.204,13D"
            },
            {
                "nomeBeneficio": "                  DEDUCAO FUNDEB                                    330.938,84D"
            },
            {
                "nomeBeneficio": "                  AJ DED FUNDEB                                      37.372,92D"
            },
            {
                "nomeBeneficio": "                  AJ DED PASEP                                        1.868,66D"
            },
            {
                "nomeBeneficio": "                  TOTAL NA DATA                                   3.720.883,38C"
            },
            {
                "nomeBeneficio": ""
            },
            {
                "nomeBeneficio": "20.07.2023        PARCELA DE IPI                                     72.841,51C"
            },
            {
                "nomeBeneficio": "                  PARCELA DE IR                                     514.306,68C"
            },
            {
                "nomeBeneficio": "                  RETENCAO PASEP                                      5.871,47D"
            },
            {
                "nomeBeneficio": "                  DEDUCAO SAUDE                                      88.072,22D"
            },
            {
                "nomeBeneficio": "                  DEDUCAO FUNDEB                                    117.429,63D"
            },
            {
                "nomeBeneficio": "                  TOTAL NA DATA                                     375.774,87C"
            },
            {
                "nomeBeneficio": ""
            },
            {
                "nomeBeneficio": "28.07.2023        PARCELA DE IPI                                     36.453,53C"
            },
            {
                "nomeBeneficio": "                  PARCELA DE IR                                   1.569.211,11C"
            },
            {
                "nomeBeneficio": "                  RETENCAO PASEP                                     16.056,64D"
            },
            {
                "nomeBeneficio": "                  DEDUCAO SAUDE                                     240.849,68D"
            },
            {
                "nomeBeneficio": "                  DEDUCAO FUNDEB                                    321.132,92D"
            },
            {
                "nomeBeneficio": "                  TOTAL NA DATA                                   1.027.625,40C"
            },
            {
                "nomeBeneficio": ""
            },
            {
                "nomeBeneficio": "TOTAL POR PARCELA / NATUREZA"
            },
            {
                "nomeBeneficio": ""
            },
            {
                "nomeBeneficio": "                  PARCELA DE IPI                                    583.028,82C"
            },
            {
                "nomeBeneficio": "                  PARCELA DE IR                                   5.920.500,53C"
            },
            {
                "nomeBeneficio": "                  RETENCAO PASEP                                     65.035,26D"
            },
            {
                "nomeBeneficio": "                  RFB-PREV-PARC60                                   115.205,99D"
            },
            {
                "nomeBeneficio": "                  DEDUCAO SAUDE                                     577.126,03D"
            },
            {
                "nomeBeneficio": "                  DEDUCAO FUNDEB                                    769.501,39D"
            },
            {
                "nomeBeneficio": "                  AJ DED FUNDEB                                      37.372,92D"
            },
            {
                "nomeBeneficio": "                  AJ DED PASEP                                        1.868,66D"
            },
            {
                "nomeBeneficio": "                  AJUSTE FPM                                        186.864,55C"
            },
            {
                "nomeBeneficio": ""
            },
            {
                "nomeBeneficio": "                  DEBITO FUNDO                                    1.566.110,25D"
            },
            {
                "nomeBeneficio": "                  CREDITO FUNDO                                   6.690.393,90C"
            },
            {
                "nomeBeneficio": ""
            },
            {
                "nomeBeneficio": "TOTAL DISTRIBUIDO NO PERIODO"
            },
            {
                "nomeBeneficio": ""
            },
            {
                "nomeBeneficio": "                  DEBITO BENEF.                                   1.566.110,25D"
            },
            {
                "nomeBeneficio": "                  CREDITO BENEF.                                  6.690.393,90C"
            }
        ]
    },
    "August": {
        "quantidadeBeneficio": 41,
        "indicadorContinuarPesquisa": "N",
        "quantidadeOcorrencia": [
            {
                "nomeBeneficio": "IPIRA                                             -BA"
            },
            {
                "nomeBeneficio": ""
            },
            {
                "nomeBeneficio": "FPM   - FUNDO DE PARTICIPACAO DOS MUNICIPIOS"
            },
            {
                "nomeBeneficio": "DATA                PARCELA                                   VALOR DISTRIBUIDO"
            },
            {
                "nomeBeneficio": ""
            },
            {
                "nomeBeneficio": "10.08.2023        PARCELA DE IPI                                    247.282,43C"
            },
            {
                "nomeBeneficio": "                  PARCELA DE IR                                   2.268.767,64C"
            },
            {
                "nomeBeneficio": "                  RETENCAO PASEP                                     25.160,49D"
            },
            {
                "nomeBeneficio": "                  DEDUCAO SAUDE                                     377.407,50D"
            },
            {
                "nomeBeneficio": "                  DEDUCAO FUNDEB                                    503.210,00D"
            },
            {
                "nomeBeneficio": "                  TOTAL NA DATA                                   1.610.272,08C"
            },
            {
                "nomeBeneficio": ""
            },
            {
                "nomeBeneficio": "18.08.2023        PARCELA DE IPI                                     59.475,54C"
            },
            {
                "nomeBeneficio": "                  PARCELA DE IR                                     514.777,53C"
            },
            {
                "nomeBeneficio": "                  RETENCAO PASEP                                      5.742,52D"
            },
            {
                "nomeBeneficio": "                  DEDUCAO SAUDE                                      86.137,95D"
            },
            {
                "nomeBeneficio": "                  DEDUCAO FUNDEB                                    114.850,60D"
            },
            {
                "nomeBeneficio": "                  TOTAL NA DATA                                     367.522,00C"
            },
            {
                "nomeBeneficio": ""
            },
            {
                "nomeBeneficio": "30.08.2023        PARCELA DE IPI                                     34.554,70C"
            },
            {
                "nomeBeneficio": "                  PARCELA DE IR                                   1.294.579,29C"
            },
            {
                "nomeBeneficio": "                  RETENCAO PASEP                                     13.291,33D"
            },
            {
                "nomeBeneficio": "                  DEDUCAO SAUDE                                     199.370,09D"
            },
            {
                "nomeBeneficio": "                  DEDUCAO FUNDEB                                    265.826,79D"
            },
            {
                "nomeBeneficio": "                  TOTAL NA DATA                                     850.645,78C"
            },
            {
                "nomeBeneficio": ""
            },
            {
                "nomeBeneficio": "TOTAL POR PARCELA / NATUREZA"
            },
            {
                "nomeBeneficio": ""
            },
            {
                "nomeBeneficio": "                  PARCELA DE IPI                                    341.312,67C"
            },
            {
                "nomeBeneficio": "                  PARCELA DE IR                                   4.078.124,46C"
            },
            {
                "nomeBeneficio": "                  RETENCAO PASEP                                     44.194,34D"
            },
            {
                "nomeBeneficio": "                  DEDUCAO SAUDE                                     662.915,54D"
            },
            {
                "nomeBeneficio": "                  DEDUCAO FUNDEB                                    883.887,39D"
            },
            {
                "nomeBeneficio": ""
            },
            {
                "nomeBeneficio": "                  DEBITO FUNDO                                    1.590.997,27D"
            },
            {
                "nomeBeneficio": "                  CREDITO FUNDO                                   4.419.437,13C"
            },
            {
                "nomeBeneficio": ""
            },
            {
                "nomeBeneficio": "TOTAL DISTRIBUIDO NO PERIODO"
            },
            {
                "nomeBeneficio": ""
            },
            {
                "nomeBeneficio": "                  DEBITO BENEF.                                   1.590.997,27D"
            },
            {
                "nomeBeneficio": "                  CREDITO BENEF.                                  4.419.437,13C"
            }
        ]
    },
    "September": {
        "quantidadeBeneficio": 41,
        "indicadorContinuarPesquisa": "N",
        "quantidadeOcorrencia": [
            {
                "nomeBeneficio": "IPIRA                                             -BA"
            },
            {
                "nomeBeneficio": ""
            },
            {
                "nomeBeneficio": "FPM   - FUNDO DE PARTICIPACAO DOS MUNICIPIOS"
            },
            {
                "nomeBeneficio": "DATA                PARCELA                                   VALOR DISTRIBUIDO"
            },
            {
                "nomeBeneficio": ""
            },
            {
                "nomeBeneficio": "08.09.2023        PARCELA DE IPI                                    336.072,33C"
            },
            {
                "nomeBeneficio": "                  PARCELA DE IR                                   1.947.560,87C"
            },
            {
                "nomeBeneficio": "                  RETENCAO PASEP                                     22.836,31D"
            },
            {
                "nomeBeneficio": "                  DEDUCAO SAUDE                                     243.932,44D"
            },
            {
                "nomeBeneficio": "                  DEDUCAO FUNDEB                                    325.243,26D"
            },
            {
                "nomeBeneficio": "                  TOTAL NA DATA                                   1.691.621,19C"
            },
            {
                "nomeBeneficio": ""
            },
            {
                "nomeBeneficio": "20.09.2023        PARCELA DE IPI                                     44.974,91C"
            },
            {
                "nomeBeneficio": "                  PARCELA DE IR                                     371.927,55C"
            },
            {
                "nomeBeneficio": "                  RETENCAO PASEP                                      4.169,01D"
            },
            {
                "nomeBeneficio": "                  DEDUCAO SAUDE                                      62.535,36D"
            },
            {
                "nomeBeneficio": "                  DEDUCAO FUNDEB                                     83.380,49D"
            },
            {
                "nomeBeneficio": "                  TOTAL NA DATA                                     266.817,60C"
            },
            {
                "nomeBeneficio": ""
            },
            {
                "nomeBeneficio": "29.09.2023        PARCELA DE IPI                                    111.539,20C"
            },
            {
                "nomeBeneficio": "                  PARCELA DE IR                                   1.693.093,50C"
            },
            {
                "nomeBeneficio": "                  RETENCAO PASEP                                     18.046,32D"
            },
            {
                "nomeBeneficio": "                  DEDUCAO SAUDE                                     270.694,90D"
            },
            {
                "nomeBeneficio": "                  DEDUCAO FUNDEB                                    360.926,54D"
            },
            {
                "nomeBeneficio": "                  TOTAL NA DATA                                   1.154.964,94C"
            },
            {
                "nomeBeneficio": ""
            },
            {
                "nomeBeneficio": "TOTAL POR PARCELA / NATUREZA"
            },
            {
                "nomeBeneficio": ""
            },
            {
                "nomeBeneficio": "                  PARCELA DE IPI                                    492.586,44C"
            },
            {
                "nomeBeneficio": "                  PARCELA DE IR                                   4.012.581,92C"
            },
            {
                "nomeBeneficio": "                  RETENCAO PASEP                                     45.051,64D"
            },
            {
                "nomeBeneficio": "                  DEDUCAO SAUDE                                     577.162,70D"
            },
            {
                "nomeBeneficio": "                  DEDUCAO FUNDEB                                    769.550,29D"
            },
            {
                "nomeBeneficio": ""
            },
            {
                "nomeBeneficio": "                  DEBITO FUNDO                                    1.391.764,63D"
            },
            {
                "nomeBeneficio": "                  CREDITO FUNDO                                   4.505.168,36C"
            },
            {
                "nomeBeneficio": ""
            },
            {
                "nomeBeneficio": "TOTAL DISTRIBUIDO NO PERIODO"
            },
            {
                "nomeBeneficio": ""
            },
            {
                "nomeBeneficio": "                  DEBITO BENEF.                                   1.391.764,63D"
            },
            {
                "nomeBeneficio": "                  CREDITO BENEF.                                  4.505.168,36C"
            }
        ]
    },
    "October": {
        "quantidadeBeneficio": 41,
        "indicadorContinuarPesquisa": "N",
        "quantidadeOcorrencia": [
            {
                "nomeBeneficio": "IPIRA                                             -BA"
            },
            {
                "nomeBeneficio": ""
            },
            {
                "nomeBeneficio": "FPM   - FUNDO DE PARTICIPACAO DOS MUNICIPIOS"
            },
            {
                "nomeBeneficio": "DATA                PARCELA                                   VALOR DISTRIBUIDO"
            },
            {
                "nomeBeneficio": ""
            },
            {
                "nomeBeneficio": "10.10.2023        PARCELA DE IPI                                    285.547,28C"
            },
            {
                "nomeBeneficio": "                  PARCELA DE IR                                   1.538.539,85C"
            },
            {
                "nomeBeneficio": "                  RETENCAO PASEP                                     18.240,86D"
            },
            {
                "nomeBeneficio": "                  DEDUCAO SAUDE                                     273.613,06D"
            },
            {
                "nomeBeneficio": "                  DEDUCAO FUNDEB                                    364.817,42D"
            },
            {
                "nomeBeneficio": "                  TOTAL NA DATA                                   1.167.415,79C"
            },
            {
                "nomeBeneficio": ""
            },
            {
                "nomeBeneficio": "20.10.2023        PARCELA DE IPI                                    130.384,86C"
            },
            {
                "nomeBeneficio": "                  PARCELA DE IR                                     576.099,60C"
            },
            {
                "nomeBeneficio": "                  RETENCAO PASEP                                      7.064,83D"
            },
            {
                "nomeBeneficio": "                  DEDUCAO SAUDE                                     105.972,66D"
            },
            {
                "nomeBeneficio": "                  DEDUCAO FUNDEB                                    141.296,89D"
            },
            {
                "nomeBeneficio": "                  TOTAL NA DATA                                     452.150,08C"
            },
            {
                "nomeBeneficio": ""
            },
            {
                "nomeBeneficio": "30.10.2023        PARCELA DE IPI                                     78.222,34C"
            },
            {
                "nomeBeneficio": "                  PARCELA DE IR                                   1.575.437,78C"
            },
            {
                "nomeBeneficio": "                  RETENCAO PASEP                                     16.536,59D"
            },
            {
                "nomeBeneficio": "                  DEDUCAO SAUDE                                     248.049,01D"
            },
            {
                "nomeBeneficio": "                  DEDUCAO FUNDEB                                    330.732,01D"
            },
            {
                "nomeBeneficio": "                  TOTAL NA DATA                                   1.058.342,51C"
            },
            {
                "nomeBeneficio": ""
            },
            {
                "nomeBeneficio": "TOTAL POR PARCELA / NATUREZA"
            },
            {
                "nomeBeneficio": ""
            },
            {
                "nomeBeneficio": "                  PARCELA DE IPI                                    494.154,48C"
            },
            {
                "nomeBeneficio": "                  PARCELA DE IR                                   3.690.077,23C"
            },
            {
                "nomeBeneficio": "                  RETENCAO PASEP                                     41.842,28D"
            },
            {
                "nomeBeneficio": "                  DEDUCAO SAUDE                                     627.634,73D"
            },
            {
                "nomeBeneficio": "                  DEDUCAO FUNDEB                                    836.846,32D"
            },
            {
                "nomeBeneficio": ""
            },
            {
                "nomeBeneficio": "                  DEBITO FUNDO                                    1.506.323,33D"
            },
            {
                "nomeBeneficio": "                  CREDITO FUNDO                                   4.184.231,71C"
            },
            {
                "nomeBeneficio": ""
            },
            {
                "nomeBeneficio": "TOTAL DISTRIBUIDO NO PERIODO"
            },
            {
                "nomeBeneficio": ""
            },
            {
                "nomeBeneficio": "                  DEBITO BENEF.                                   1.506.323,33D"
            },
            {
                "nomeBeneficio": "                  CREDITO BENEF.                                  4.184.231,71C"
            }
        ]
    },
    "November": {
        "quantidadeBeneficio": 41,
        "indicadorContinuarPesquisa": "N",
        "quantidadeOcorrencia": [
            {
                "nomeBeneficio": "IPIRA                                             -BA"
            },
            {
                "nomeBeneficio": ""
            },
            {
                "nomeBeneficio": "FPM   - FUNDO DE PARTICIPACAO DOS MUNICIPIOS"
            },
            {
                "nomeBeneficio": "DATA                PARCELA                                   VALOR DISTRIBUIDO"
            },
            {
                "nomeBeneficio": ""
            },
            {
                "nomeBeneficio": "10.11.2023        PARCELA DE IPI                                    238.924,00C"
            },
            {
                "nomeBeneficio": "                  PARCELA DE IR                                   2.994.990,62C"
            },
            {
                "nomeBeneficio": "                  RETENCAO PASEP                                     32.339,14D"
            },
            {
                "nomeBeneficio": "                  DEDUCAO SAUDE                                     485.087,19D"
            },
            {
                "nomeBeneficio": "                  DEDUCAO FUNDEB                                    646.782,92D"
            },
            {
                "nomeBeneficio": "                  TOTAL NA DATA                                   2.069.705,37C"
            },
            {
                "nomeBeneficio": ""
            },
            {
                "nomeBeneficio": "20.11.2023        PARCELA DE IPI                                     84.324,08C"
            },
            {
                "nomeBeneficio": "                  PARCELA DE IR                                     617.216,15C"
            },
            {
                "nomeBeneficio": "                  RETENCAO PASEP                                      7.015,40D"
            },
            {
                "nomeBeneficio": "                  DEDUCAO SAUDE                                     105.231,03D"
            },
            {
                "nomeBeneficio": "                  DEDUCAO FUNDEB                                    140.308,04D"
            },
            {
                "nomeBeneficio": "                  TOTAL NA DATA                                     448.985,76C"
            },
            {
                "nomeBeneficio": ""
            },
            {
                "nomeBeneficio": "30.11.2023        PARCELA DE IPI                                     81.649,86C"
            },
            {
                "nomeBeneficio": "                  PARCELA DE IR                                   1.411.787,19C"
            },
            {
                "nomeBeneficio": "                  RETENCAO PASEP                                     14.934,36D"
            },
            {
                "nomeBeneficio": "                  DEDUCAO SAUDE                                     224.015,54D"
            },
            {
                "nomeBeneficio": "                  DEDUCAO FUNDEB                                    298.687,40D"
            },
            {
                "nomeBeneficio": "                  TOTAL NA DATA                                     955.799,75C"
            },
            {
                "nomeBeneficio": ""
            },
            {
                "nomeBeneficio": "TOTAL POR PARCELA / NATUREZA"
            },
            {
                "nomeBeneficio": ""
            },
            {
                "nomeBeneficio": "                  PARCELA DE IPI                                    404.897,94C"
            },
            {
                "nomeBeneficio": "                  PARCELA DE IR                                   5.023.993,96C"
            },
            {
                "nomeBeneficio": "                  RETENCAO PASEP                                     54.288,90D"
            },
            {
                "nomeBeneficio": "                  DEDUCAO SAUDE                                     814.333,76D"
            },
            {
                "nomeBeneficio": "                  DEDUCAO FUNDEB                                  1.085.778,36D"
            },
            {
                "nomeBeneficio": ""
            },
            {
                "nomeBeneficio": "                  DEBITO FUNDO                                    1.954.401,02D"
            },
            {
                "nomeBeneficio": "                  CREDITO FUNDO                                   5.428.891,90C"
            },
            {
                "nomeBeneficio": ""
            },
            {
                "nomeBeneficio": "TOTAL DISTRIBUIDO NO PERIODO"
            },
            {
                "nomeBeneficio": ""
            },
            {
                "nomeBeneficio": "                  DEBITO BENEF.                                   1.954.401,02D"
            },
            {
                "nomeBeneficio": "                  CREDITO BENEF.                                  5.428.891,90C"
            }
        ]
    },
    "December": {
        "quantidadeBeneficio": 46,
        "indicadorContinuarPesquisa": "N",
        "quantidadeOcorrencia": [
            {
                "nomeBeneficio": "IPIRA                                             -BA"
            },
            {
                "nomeBeneficio": ""
            },
            {
                "nomeBeneficio": "FPM   - FUNDO DE PARTICIPACAO DOS MUNICIPIOS"
            },
            {
                "nomeBeneficio": "DATA                PARCELA                                   VALOR DISTRIBUIDO"
            },
            {
                "nomeBeneficio": ""
            },
            {
                "nomeBeneficio": "07.12.2023        PARCELA DE IPI                                    205.999,74C"
            },
            {
                "nomeBeneficio": "                  PARCELA DE IR                                   2.442.254,34C"
            },
            {
                "nomeBeneficio": "                  RETENCAO PASEP                                     26.482,53D"
            },
            {
                "nomeBeneficio": "                  TOTAL NA DATA                                   2.621.771,55C"
            },
            {
                "nomeBeneficio": ""
            },
            {
                "nomeBeneficio": "08.12.2023        PARCELA DE IPI                                    233.663,64C"
            },
            {
                "nomeBeneficio": "                  PARCELA DE IR                                   2.101.014,00C"
            },
            {
                "nomeBeneficio": "                  RETENCAO PASEP                                     23.346,77D"
            },
            {
                "nomeBeneficio": "                  DEDUCAO SAUDE                                     350.201,64D"
            },
            {
                "nomeBeneficio": "                  DEDUCAO FUNDEB                                    466.935,52D"
            },
            {
                "nomeBeneficio": "                  TOTAL NA DATA                                   1.494.193,71C"
            },
            {
                "nomeBeneficio": ""
            },
            {
                "nomeBeneficio": "20.12.2023        PARCELA DE IPI                                    110.604,56C"
            },
            {
                "nomeBeneficio": "                  PARCELA DE IR                                   1.496.453,30C"
            },
            {
                "nomeBeneficio": "                  RETENCAO PASEP                                     16.070,57D"
            },
            {
                "nomeBeneficio": "                  DEDUCAO SAUDE                                     241.058,67D"
            },
            {
                "nomeBeneficio": "                  DEDUCAO FUNDEB                                    321.411,57D"
            },
            {
                "nomeBeneficio": "                  TOTAL NA DATA                                   1.028.517,05C"
            },
            {
                "nomeBeneficio": ""
            },
            {
                "nomeBeneficio": "28.12.2023        PARCELA DE IPI                                     96.540,45C"
            },
            {
                "nomeBeneficio": "                  PARCELA DE IR                                   1.934.931,26C"
            },
            {
                "nomeBeneficio": "                  RETENCAO PASEP                                     20.314,71D"
            },
            {
                "nomeBeneficio": "                  DEDUCAO SAUDE                                     304.720,74D"
            },
            {
                "nomeBeneficio": "                  DEDUCAO FUNDEB                                    406.294,34D"
            },
            {
                "nomeBeneficio": "                  TOTAL NA DATA                                   1.300.141,92C"
            },
            {
                "nomeBeneficio": ""
            },
            {
                "nomeBeneficio": "TOTAL POR PARCELA / NATUREZA"
            },
            {
                "nomeBeneficio": ""
            },
            {
                "nomeBeneficio": "                  PARCELA DE IPI                                    646.808,39C"
            },
            {
                "nomeBeneficio": "                  PARCELA DE IR                                   7.974.652,90C"
            },
            {
                "nomeBeneficio": "                  RETENCAO PASEP                                     86.214,58D"
            },
            {
                "nomeBeneficio": "                  DEDUCAO SAUDE                                     895.981,05D"
            },
            {
                "nomeBeneficio": "                  DEDUCAO FUNDEB                                  1.194.641,43D"
            },
            {
                "nomeBeneficio": ""
            },
            {
                "nomeBeneficio": "                  DEBITO FUNDO                                    2.176.837,06D"
            },
            {
                "nomeBeneficio": "                  CREDITO FUNDO                                   8.621.461,29C"
            },
            {
                "nomeBeneficio": ""
            },
            {
                "nomeBeneficio": "TOTAL DISTRIBUIDO NO PERIODO"
            },
            {
                "nomeBeneficio": ""
            },
            {
                "nomeBeneficio": "                  DEBITO BENEF.                                   2.176.837,06D"
            },
            {
                "nomeBeneficio": "                  CREDITO BENEF.                                  8.621.461,29C"
            }
        ]
    }
}