{
    "January": {
        "quantidadeBeneficio": 45,
        "indicadorContinuarPesquisa": "N",
        "quantidadeOcorrencia": [
            {
                "nomeBeneficio": "CASA NOVA                                         -BA"
            },
            {
                "nomeBeneficio": ""
            },
            {
                "nomeBeneficio": "FPM   - FUNDO DE PARTICIPACAO DOS MUNICIPIOS"
            },
            {
                "nomeBeneficio": "DATA                PARCELA                                   VALOR DISTRIBUIDO"
            },
            {
                "nomeBeneficio": ""
            },
            {
                "nomeBeneficio": "10.01.2023        PARCELA DE IPI                                    254.265,80C"
            },
            {
                "nomeBeneficio": "                  PARCELA DE IR                                   2.342.930,16C"
            },
            {
                "nomeBeneficio": "                  RETENCAO PASEP                                     25.971,95D"
            },
            {
                "nomeBeneficio": "                  RFB-PREV-PARC60                                   152.187,01D"
            },
            {
                "nomeBeneficio": "                  RFB-RET DARF                                      391.789,62D"
            },
            {
                "nomeBeneficio": "                  DEDUCAO SAUDE                                     389.579,39D"
            },
            {
                "nomeBeneficio": "                  DEDUCAO FUNDEB                                    519.439,19D"
            },
            {
                "nomeBeneficio": "                  TOTAL NA DATA                                   1.118.228,80C"
            },
            {
                "nomeBeneficio": ""
            },
            {
                "nomeBeneficio": "20.01.2023        PARCELA DE IPI                                    125.936,80C"
            },
            {
                "nomeBeneficio": "                  PARCELA DE IR                                     874.958,44C"
            },
            {
                "nomeBeneficio": "                  RETENCAO PASEP                                     10.008,94D"
            },
            {
                "nomeBeneficio": "                  DEDUCAO SAUDE                                     150.134,28D"
            },
            {
                "nomeBeneficio": "                  DEDUCAO FUNDEB                                    200.179,04D"
            },
            {
                "nomeBeneficio": "                  TOTAL NA DATA                                     640.572,98C"
            },
            {
                "nomeBeneficio": ""
            },
            {
                "nomeBeneficio": "30.01.2023        PARCELA DE IPI                                     67.000,14C"
            },
            {
                "nomeBeneficio": "                  PARCELA DE IR                                   2.209.670,32C"
            },
            {
                "nomeBeneficio": "                  RETENCAO PASEP                                     22.766,70D"
            },
            {
                "nomeBeneficio": "                  DEDUCAO SAUDE                                     341.500,56D"
            },
            {
                "nomeBeneficio": "                  DEDUCAO FUNDEB                                    455.334,08D"
            },
            {
                "nomeBeneficio": "                  TOTAL NA DATA                                   1.457.069,12C"
            },
            {
                "nomeBeneficio": ""
            },
            {
                "nomeBeneficio": "TOTAL POR PARCELA / NATUREZA"
            },
            {
                "nomeBeneficio": ""
            },
            {
                "nomeBeneficio": "                  PARCELA DE IPI                                    447.202,74C"
            },
            {
                "nomeBeneficio": "                  PARCELA DE IR                                   5.427.558,92C"
            },
            {
                "nomeBeneficio": "                  RETENCAO PASEP                                     58.747,59D"
            },
            {
                "nomeBeneficio": "                  RFB-PREV-PARC60                                   152.187,01D"
            },
            {
                "nomeBeneficio": "                  RFB-RET DARF                                      391.789,62D"
            },
            {
                "nomeBeneficio": "                  DEDUCAO SAUDE                                     881.214,23D"
            },
            {
                "nomeBeneficio": "                  DEDUCAO FUNDEB                                  1.174.952,31D"
            },
            {
                "nomeBeneficio": ""
            },
            {
                "nomeBeneficio": "                  DEBITO FUNDO                                    2.658.890,76D"
            },
            {
                "nomeBeneficio": "                  CREDITO FUNDO                                   5.874.761,66C"
            },
            {
                "nomeBeneficio": ""
            },
            {
                "nomeBeneficio": "TOTAL DISTRIBUIDO NO PERIODO"
            },
            {
                "nomeBeneficio": ""
            },
            {
                "nomeBeneficio": "                  DEBITO BENEF.                                   2.658.890,76D"
            },
            {
                "nomeBeneficio": "                  CREDITO BENEF.                                  5.874.761,66C"
            }
        ]
    },
    "February": {
        "quantidadeBeneficio": 45,
        "indicadorContinuarPesquisa": "N",
        "quantidadeOcorrencia": [
            {
                "nomeBeneficio": "CASA NOVA                                         -BA"
            },
            {
                "nomeBeneficio": ""
            },
            {
                "nomeBeneficio": "FPM   - FUNDO DE PARTICIPACAO DOS MUNICIPIOS"
            },
            {
                "nomeBeneficio": "DATA                PARCELA                                   VALOR DISTRIBUIDO"
            },
            {
                "nomeBeneficio": ""
            },
            {
                "nomeBeneficio": "10.02.2023        PARCELA DE IPI                                    236.920,66C"
            },
            {
                "nomeBeneficio": "                  PARCELA DE IR                                   5.587.011,74C"
            },
            {
                "nomeBeneficio": "                  RETENCAO PASEP                                     58.239,31D"
            },
            {
                "nomeBeneficio": "                  RFB-PREV-PARC60                                   152.187,01D"
            },
            {
                "nomeBeneficio": "                  RFB-RET DARF                                      396.004,43D"
            },
            {
                "nomeBeneficio": "                  DEDUCAO SAUDE                                     873.589,85D"
            },
            {
                "nomeBeneficio": "                  DEDUCAO FUNDEB                                  1.164.786,47D"
            },
            {
                "nomeBeneficio": "                  TOTAL NA DATA                                   3.179.125,33C"
            },
            {
                "nomeBeneficio": ""
            },
            {
                "nomeBeneficio": "17.02.2023        PARCELA DE IPI                                     43.056,65C"
            },
            {
                "nomeBeneficio": "                  PARCELA DE IR                                     517.585,99C"
            },
            {
                "nomeBeneficio": "                  RETENCAO PASEP                                      5.606,41D"
            },
            {
                "nomeBeneficio": "                  DEDUCAO SAUDE                                      84.096,38D"
            },
            {
                "nomeBeneficio": "                  DEDUCAO FUNDEB                                    112.128,52D"
            },
            {
                "nomeBeneficio": "                  TOTAL NA DATA                                     358.811,33C"
            },
            {
                "nomeBeneficio": ""
            },
            {
                "nomeBeneficio": "28.02.2023        PARCELA DE IPI                                     31.640,58C"
            },
            {
                "nomeBeneficio": "                  PARCELA DE IR                                   1.358.542,28C"
            },
            {
                "nomeBeneficio": "                  RETENCAO PASEP                                     13.901,82D"
            },
            {
                "nomeBeneficio": "                  DEDUCAO SAUDE                                     208.527,42D"
            },
            {
                "nomeBeneficio": "                  DEDUCAO FUNDEB                                    278.036,56D"
            },
            {
                "nomeBeneficio": "                  TOTAL NA DATA                                     889.717,06C"
            },
            {
                "nomeBeneficio": ""
            },
            {
                "nomeBeneficio": "TOTAL POR PARCELA / NATUREZA"
            },
            {
                "nomeBeneficio": ""
            },
            {
                "nomeBeneficio": "                  PARCELA DE IPI                                    311.617,89C"
            },
            {
                "nomeBeneficio": "                  PARCELA DE IR                                   7.463.140,01C"
            },
            {
                "nomeBeneficio": "                  RETENCAO PASEP                                     77.747,54D"
            },
            {
                "nomeBeneficio": "                  RFB-PREV-PARC60                                   152.187,01D"
            },
            {
                "nomeBeneficio": "                  RFB-RET DARF                                      396.004,43D"
            },
            {
                "nomeBeneficio": "                  DEDUCAO SAUDE                                   1.166.213,65D"
            },
            {
                "nomeBeneficio": "                  DEDUCAO FUNDEB                                  1.554.951,55D"
            },
            {
                "nomeBeneficio": ""
            },
            {
                "nomeBeneficio": "                  DEBITO FUNDO                                    3.347.104,18D"
            },
            {
                "nomeBeneficio": "                  CREDITO FUNDO                                   7.774.757,90C"
            },
            {
                "nomeBeneficio": ""
            },
            {
                "nomeBeneficio": "TOTAL DISTRIBUIDO NO PERIODO"
            },
            {
                "nomeBeneficio": ""
            },
            {
                "nomeBeneficio": "                  DEBITO BENEF.                                   3.347.104,18D"
            },
            {
                "nomeBeneficio": "                  CREDITO BENEF.                                  7.774.757,90C"
            }
        ]
    },
    "March": {
        "quantidadeBeneficio": 45,
        "indicadorContinuarPesquisa": "N",
        "quantidadeOcorrencia": [
            {
                "nomeBeneficio": "CASA NOVA                                         -BA"
            },
            {
                "nomeBeneficio": ""
            },
            {
                "nomeBeneficio": "FPM   - FUNDO DE PARTICIPACAO DOS MUNICIPIOS"
            },
            {
                "nomeBeneficio": "DATA                PARCELA                                   VALOR DISTRIBUIDO"
            },
            {
                "nomeBeneficio": ""
            },
            {
                "nomeBeneficio": "10.03.2023        PARCELA DE IPI                                    267.227,17C"
            },
            {
                "nomeBeneficio": "                  PARCELA DE IR                                   2.170.965,24C"
            },
            {
                "nomeBeneficio": "                  RETENCAO PASEP                                     24.381,92D"
            },
            {
                "nomeBeneficio": "                  RFB-PREV-PARC60                                   152.187,01D"
            },
            {
                "nomeBeneficio": "                  RFB-RET DARF                                      403.681,41D"
            },
            {
                "nomeBeneficio": "                  DEDUCAO SAUDE                                     365.728,85D"
            },
            {
                "nomeBeneficio": "                  DEDUCAO FUNDEB                                    487.638,47D"
            },
            {
                "nomeBeneficio": "                  TOTAL NA DATA                                   1.004.574,75C"
            },
            {
                "nomeBeneficio": ""
            },
            {
                "nomeBeneficio": "20.03.2023        PARCELA DE IPI                                     53.714,54C"
            },
            {
                "nomeBeneficio": "                  PARCELA DE IR                                     483.753,36C"
            },
            {
                "nomeBeneficio": "                  RETENCAO PASEP                                      5.374,67D"
            },
            {
                "nomeBeneficio": "                  DEDUCAO SAUDE                                      80.620,18D"
            },
            {
                "nomeBeneficio": "                  DEDUCAO FUNDEB                                    107.493,57D"
            },
            {
                "nomeBeneficio": "                  TOTAL NA DATA                                     343.979,48C"
            },
            {
                "nomeBeneficio": ""
            },
            {
                "nomeBeneficio": "30.03.2023        PARCELA DE IPI                                     65.250,45C"
            },
            {
                "nomeBeneficio": "                  PARCELA DE IR                                   1.715.265,32C"
            },
            {
                "nomeBeneficio": "                  RETENCAO PASEP                                     17.805,15D"
            },
            {
                "nomeBeneficio": "                  DEDUCAO SAUDE                                     267.077,35D"
            },
            {
                "nomeBeneficio": "                  DEDUCAO FUNDEB                                    356.103,15D"
            },
            {
                "nomeBeneficio": "                  TOTAL NA DATA                                   1.139.530,12C"
            },
            {
                "nomeBeneficio": ""
            },
            {
                "nomeBeneficio": "TOTAL POR PARCELA / NATUREZA"
            },
            {
                "nomeBeneficio": ""
            },
            {
                "nomeBeneficio": "                  PARCELA DE IPI                                    386.192,16C"
            },
            {
                "nomeBeneficio": "                  PARCELA DE IR                                   4.369.983,92C"
            },
            {
                "nomeBeneficio": "                  RETENCAO PASEP                                     47.561,74D"
            },
            {
                "nomeBeneficio": "                  RFB-PREV-PARC60                                   152.187,01D"
            },
            {
                "nomeBeneficio": "                  RFB-RET DARF                                      403.681,41D"
            },
            {
                "nomeBeneficio": "                  DEDUCAO SAUDE                                     713.426,38D"
            },
            {
                "nomeBeneficio": "                  DEDUCAO FUNDEB                                    951.235,19D"
            },
            {
                "nomeBeneficio": ""
            },
            {
                "nomeBeneficio": "                  DEBITO FUNDO                                    2.268.091,73D"
            },
            {
                "nomeBeneficio": "                  CREDITO FUNDO                                   4.756.176,08C"
            },
            {
                "nomeBeneficio": ""
            },
            {
                "nomeBeneficio": "TOTAL DISTRIBUIDO NO PERIODO"
            },
            {
                "nomeBeneficio": ""
            },
            {
                "nomeBeneficio": "                  DEBITO BENEF.                                   2.268.091,73D"
            },
            {
                "nomeBeneficio": "                  CREDITO BENEF.                                  4.756.176,08C"
            }
        ]
    },
    "April": {
        "quantidadeBeneficio": 45,
        "indicadorContinuarPesquisa": "N",
        "quantidadeOcorrencia": [
            {
                "nomeBeneficio": "CASA NOVA                                         -BA"
            },
            {
                "nomeBeneficio": ""
            },
            {
                "nomeBeneficio": "FPM   - FUNDO DE PARTICIPACAO DOS MUNICIPIOS"
            },
            {
                "nomeBeneficio": "DATA                PARCELA                                   VALOR DISTRIBUIDO"
            },
            {
                "nomeBeneficio": ""
            },
            {
                "nomeBeneficio": "10.04.2023        PARCELA DE IPI                                    303.956,17C"
            },
            {
                "nomeBeneficio": "                  PARCELA DE IR                                   2.325.939,80C"
            },
            {
                "nomeBeneficio": "                  RETENCAO PASEP                                     26.298,95D"
            },
            {
                "nomeBeneficio": "                  RFB-PREV-PARC60                                   186.896,87D"
            },
            {
                "nomeBeneficio": "                  RFB-RET DARF                                      408.084,39D"
            },
            {
                "nomeBeneficio": "                  DEDUCAO SAUDE                                     394.484,39D"
            },
            {
                "nomeBeneficio": "                  DEDUCAO FUNDEB                                    525.979,19D"
            },
            {
                "nomeBeneficio": "                  TOTAL NA DATA                                   1.088.152,18C"
            },
            {
                "nomeBeneficio": ""
            },
            {
                "nomeBeneficio": "20.04.2023        PARCELA DE IPI                                     47.917,07C"
            },
            {
                "nomeBeneficio": "                  PARCELA DE IR                                     627.285,19C"
            },
            {
                "nomeBeneficio": "                  RETENCAO PASEP                                      6.752,02D"
            },
            {
                "nomeBeneficio": "                  DEDUCAO SAUDE                                     101.280,33D"
            },
            {
                "nomeBeneficio": "                  DEDUCAO FUNDEB                                    135.040,44D"
            },
            {
                "nomeBeneficio": "                  TOTAL NA DATA                                     432.129,47C"
            },
            {
                "nomeBeneficio": ""
            },
            {
                "nomeBeneficio": "28.04.2023        PARCELA DE IPI                                     59.835,33C"
            },
            {
                "nomeBeneficio": "                  PARCELA DE IR                                   2.072.859,95C"
            },
            {
                "nomeBeneficio": "                  RETENCAO PASEP                                     21.326,94D"
            },
            {
                "nomeBeneficio": "                  DEDUCAO SAUDE                                     319.904,28D"
            },
            {
                "nomeBeneficio": "                  DEDUCAO FUNDEB                                    426.539,05D"
            },
            {
                "nomeBeneficio": "                  TOTAL NA DATA                                   1.364.925,01C"
            },
            {
                "nomeBeneficio": ""
            },
            {
                "nomeBeneficio": "TOTAL POR PARCELA / NATUREZA"
            },
            {
                "nomeBeneficio": ""
            },
            {
                "nomeBeneficio": "                  PARCELA DE IPI                                    411.708,57C"
            },
            {
                "nomeBeneficio": "                  PARCELA DE IR                                   5.026.084,94C"
            },
            {
                "nomeBeneficio": "                  RETENCAO PASEP                                     54.377,91D"
            },
            {
                "nomeBeneficio": "                  RFB-PREV-PARC60                                   186.896,87D"
            },
            {
                "nomeBeneficio": "                  RFB-RET DARF                                      408.084,39D"
            },
            {
                "nomeBeneficio": "                  DEDUCAO SAUDE                                     815.669,00D"
            },
            {
                "nomeBeneficio": "                  DEDUCAO FUNDEB                                  1.087.558,68D"
            },
            {
                "nomeBeneficio": ""
            },
            {
                "nomeBeneficio": "                  DEBITO FUNDO                                    2.552.586,85D"
            },
            {
                "nomeBeneficio": "                  CREDITO FUNDO                                   5.437.793,51C"
            },
            {
                "nomeBeneficio": ""
            },
            {
                "nomeBeneficio": "TOTAL DISTRIBUIDO NO PERIODO"
            },
            {
                "nomeBeneficio": ""
            },
            {
                "nomeBeneficio": "                  DEBITO BENEF.                                   2.552.586,85D"
            },
            {
                "nomeBeneficio": "                  CREDITO BENEF.                                  5.437.793,51C"
            }
        ]
    },
    "May": {
        "quantidadeBeneficio": 45,
        "indicadorContinuarPesquisa": "N",
        "quantidadeOcorrencia": [
            {
                "nomeBeneficio": "CASA NOVA                                         -BA"
            },
            {
                "nomeBeneficio": ""
            },
            {
                "nomeBeneficio": "FPM   - FUNDO DE PARTICIPACAO DOS MUNICIPIOS"
            },
            {
                "nomeBeneficio": "DATA                PARCELA                                   VALOR DISTRIBUIDO"
            },
            {
                "nomeBeneficio": ""
            },
            {
                "nomeBeneficio": "10.05.2023        PARCELA DE IPI                                    253.428,01C"
            },
            {
                "nomeBeneficio": "                  PARCELA DE IR                                   3.306.892,68C"
            },
            {
                "nomeBeneficio": "                  RETENCAO PASEP                                     35.603,20D"
            },
            {
                "nomeBeneficio": "                  RFB-PREV-PARC60                                   186.896,87D"
            },
            {
                "nomeBeneficio": "                  RFB-RET DARF                                      411.546,56D"
            },
            {
                "nomeBeneficio": "                  DEDUCAO SAUDE                                     534.048,10D"
            },
            {
                "nomeBeneficio": "                  DEDUCAO FUNDEB                                    712.064,13D"
            },
            {
                "nomeBeneficio": "                  TOTAL NA DATA                                   1.680.161,83C"
            },
            {
                "nomeBeneficio": ""
            },
            {
                "nomeBeneficio": "19.05.2023        PARCELA DE IPI                                     71.688,44C"
            },
            {
                "nomeBeneficio": "                  PARCELA DE IR                                     631.727,30C"
            },
            {
                "nomeBeneficio": "                  RETENCAO PASEP                                      7.034,15D"
            },
            {
                "nomeBeneficio": "                  DEDUCAO SAUDE                                     105.512,35D"
            },
            {
                "nomeBeneficio": "                  DEDUCAO FUNDEB                                    140.683,14D"
            },
            {
                "nomeBeneficio": "                  TOTAL NA DATA                                     450.186,10C"
            },
            {
                "nomeBeneficio": ""
            },
            {
                "nomeBeneficio": "30.05.2023        PARCELA DE IPI                                     45.116,02C"
            },
            {
                "nomeBeneficio": "                  PARCELA DE IR                                   1.736.128,03C"
            },
            {
                "nomeBeneficio": "                  RETENCAO PASEP                                     17.812,44D"
            },
            {
                "nomeBeneficio": "                  DEDUCAO SAUDE                                     267.186,60D"
            },
            {
                "nomeBeneficio": "                  DEDUCAO FUNDEB                                    356.248,80D"
            },
            {
                "nomeBeneficio": "                  TOTAL NA DATA                                   1.139.996,21C"
            },
            {
                "nomeBeneficio": ""
            },
            {
                "nomeBeneficio": "TOTAL POR PARCELA / NATUREZA"
            },
            {
                "nomeBeneficio": ""
            },
            {
                "nomeBeneficio": "                  PARCELA DE IPI                                    370.232,47C"
            },
            {
                "nomeBeneficio": "                  PARCELA DE IR                                   5.674.748,01C"
            },
            {
                "nomeBeneficio": "                  RETENCAO PASEP                                     60.449,79D"
            },
            {
                "nomeBeneficio": "                  RFB-PREV-PARC60                                   186.896,87D"
            },
            {
                "nomeBeneficio": "                  RFB-RET DARF                                      411.546,56D"
            },
            {
                "nomeBeneficio": "                  DEDUCAO SAUDE                                     906.747,05D"
            },
            {
                "nomeBeneficio": "                  DEDUCAO FUNDEB                                  1.208.996,07D"
            },
            {
                "nomeBeneficio": ""
            },
            {
                "nomeBeneficio": "                  DEBITO FUNDO                                    2.774.636,34D"
            },
            {
                "nomeBeneficio": "                  CREDITO FUNDO                                   6.044.980,48C"
            },
            {
                "nomeBeneficio": ""
            },
            {
                "nomeBeneficio": "TOTAL DISTRIBUIDO NO PERIODO"
            },
            {
                "nomeBeneficio": ""
            },
            {
                "nomeBeneficio": "                  DEBITO BENEF.                                   2.774.636,34D"
            },
            {
                "nomeBeneficio": "                  CREDITO BENEF.                                  6.044.980,48C"
            }
        ]
    },
    "June": {
        "quantidadeBeneficio": 45,
        "indicadorContinuarPesquisa": "N",
        "quantidadeOcorrencia": [
            {
                "nomeBeneficio": "CASA NOVA                                         -BA"
            },
            {
                "nomeBeneficio": ""
            },
            {
                "nomeBeneficio": "FPM   - FUNDO DE PARTICIPACAO DOS MUNICIPIOS"
            },
            {
                "nomeBeneficio": "DATA                PARCELA                                   VALOR DISTRIBUIDO"
            },
            {
                "nomeBeneficio": ""
            },
            {
                "nomeBeneficio": "09.06.2023        PARCELA DE IPI                                    312.670,01C"
            },
            {
                "nomeBeneficio": "                  PARCELA DE IR                                   2.166.575,29C"
            },
            {
                "nomeBeneficio": "                  RETENCAO PASEP                                     24.792,45D"
            },
            {
                "nomeBeneficio": "                  RFB-PREV-PARC60                                   186.896,87D"
            },
            {
                "nomeBeneficio": "                  RFB-RET DARF                                      415.761,37D"
            },
            {
                "nomeBeneficio": "                  DEDUCAO SAUDE                                     371.886,79D"
            },
            {
                "nomeBeneficio": "                  DEDUCAO FUNDEB                                    495.849,05D"
            },
            {
                "nomeBeneficio": "                  TOTAL NA DATA                                     984.058,77C"
            },
            {
                "nomeBeneficio": ""
            },
            {
                "nomeBeneficio": "20.06.2023        PARCELA DE IPI                                     78.526,89C"
            },
            {
                "nomeBeneficio": "                  PARCELA DE IR                                   1.353.566,77C"
            },
            {
                "nomeBeneficio": "                  RETENCAO PASEP                                     14.320,92D"
            },
            {
                "nomeBeneficio": "                  DEDUCAO SAUDE                                     214.814,04D"
            },
            {
                "nomeBeneficio": "                  DEDUCAO FUNDEB                                    286.418,72D"
            },
            {
                "nomeBeneficio": "                  TOTAL NA DATA                                     916.539,98C"
            },
            {
                "nomeBeneficio": ""
            },
            {
                "nomeBeneficio": "30.06.2023        PARCELA DE IPI                                     70.473,18C"
            },
            {
                "nomeBeneficio": "                  PARCELA DE IR                                   1.664.154,31C"
            },
            {
                "nomeBeneficio": "                  RETENCAO PASEP                                     17.346,27D"
            },
            {
                "nomeBeneficio": "                  DEDUCAO SAUDE                                     260.194,11D"
            },
            {
                "nomeBeneficio": "                  DEDUCAO FUNDEB                                    346.925,49D"
            },
            {
                "nomeBeneficio": "                  TOTAL NA DATA                                   1.110.161,62C"
            },
            {
                "nomeBeneficio": ""
            },
            {
                "nomeBeneficio": "TOTAL POR PARCELA / NATUREZA"
            },
            {
                "nomeBeneficio": ""
            },
            {
                "nomeBeneficio": "                  PARCELA DE IPI                                    461.670,08C"
            },
            {
                "nomeBeneficio": "                  PARCELA DE IR                                   5.184.296,37C"
            },
            {
                "nomeBeneficio": "                  RETENCAO PASEP                                     56.459,64D"
            },
            {
                "nomeBeneficio": "                  RFB-PREV-PARC60                                   186.896,87D"
            },
            {
                "nomeBeneficio": "                  RFB-RET DARF                                      415.761,37D"
            },
            {
                "nomeBeneficio": "                  DEDUCAO SAUDE                                     846.894,94D"
            },
            {
                "nomeBeneficio": "                  DEDUCAO FUNDEB                                  1.129.193,26D"
            },
            {
                "nomeBeneficio": ""
            },
            {
                "nomeBeneficio": "                  DEBITO FUNDO                                    2.635.206,08D"
            },
            {
                "nomeBeneficio": "                  CREDITO FUNDO                                   5.645.966,45C"
            },
            {
                "nomeBeneficio": ""
            },
            {
                "nomeBeneficio": "TOTAL DISTRIBUIDO NO PERIODO"
            },
            {
                "nomeBeneficio": ""
            },
            {
                "nomeBeneficio": "                  DEBITO BENEF.                                   2.635.206,08D"
            },
            {
                "nomeBeneficio": "                  CREDITO BENEF.                                  5.645.966,45C"
            }
        ]
    },
    "July": {
        "quantidadeBeneficio": 51,
        "indicadorContinuarPesquisa": "N",
        "quantidadeOcorrencia": [
            {
                "nomeBeneficio": "CASA NOVA                                         -BA"
            },
            {
                "nomeBeneficio": ""
            },
            {
                "nomeBeneficio": "FPM   - FUNDO DE PARTICIPACAO DOS MUNICIPIOS"
            },
            {
                "nomeBeneficio": "DATA                PARCELA                                   VALOR DISTRIBUIDO"
            },
            {
                "nomeBeneficio": ""
            },
            {
                "nomeBeneficio": "10.07.2023        PARCELA DE IPI                                    513.211,60C"
            },
            {
                "nomeBeneficio": "                  PARCELA DE IR                                   4.156.731,31C"
            },
            {
                "nomeBeneficio": "                  AJ DED FUNDEB                                      19.480,86C"
            },
            {
                "nomeBeneficio": "                  AJ DED PASEP                                          974,04C"
            },
            {
                "nomeBeneficio": "                  RETENCAO PASEP                                     46.699,42D"
            },
            {
                "nomeBeneficio": "                  RFB-PREV-PARC60                                   186.896,87D"
            },
            {
                "nomeBeneficio": "                  RFB-RET DARF                                      497.612,60D"
            },
            {
                "nomeBeneficio": "                  DEDUCAO SAUDE                                     268.887,80D"
            },
            {
                "nomeBeneficio": "                  DEDUCAO FUNDEB                                    358.517,07D"
            },
            {
                "nomeBeneficio": "                  AJUSTE FPM                                         97.404,33D"
            },
            {
                "nomeBeneficio": "                  TOTAL NA DATA                                   3.234.379,72C"
            },
            {
                "nomeBeneficio": ""
            },
            {
                "nomeBeneficio": "20.07.2023        PARCELA DE IPI                                     78.911,63C"
            },
            {
                "nomeBeneficio": "                  PARCELA DE IR                                     557.165,57C"
            },
            {
                "nomeBeneficio": "                  RETENCAO PASEP                                      6.360,76D"
            },
            {
                "nomeBeneficio": "                  DEDUCAO SAUDE                                      95.411,57D"
            },
            {
                "nomeBeneficio": "                  DEDUCAO FUNDEB                                    127.215,43D"
            },
            {
                "nomeBeneficio": "                  TOTAL NA DATA                                     407.089,44C"
            },
            {
                "nomeBeneficio": ""
            },
            {
                "nomeBeneficio": "28.07.2023        PARCELA DE IPI                                     39.491,33C"
            },
            {
                "nomeBeneficio": "                  PARCELA DE IR                                   1.699.978,70C"
            },
            {
                "nomeBeneficio": "                  RETENCAO PASEP                                     17.394,69D"
            },
            {
                "nomeBeneficio": "                  DEDUCAO SAUDE                                     260.920,49D"
            },
            {
                "nomeBeneficio": "                  DEDUCAO FUNDEB                                    347.894,00D"
            },
            {
                "nomeBeneficio": "                  TOTAL NA DATA                                   1.113.260,85C"
            },
            {
                "nomeBeneficio": ""
            },
            {
                "nomeBeneficio": "TOTAL POR PARCELA / NATUREZA"
            },
            {
                "nomeBeneficio": ""
            },
            {
                "nomeBeneficio": "                  PARCELA DE IPI                                    631.614,56C"
            },
            {
                "nomeBeneficio": "                  PARCELA DE IR                                   6.413.875,58C"
            },
            {
                "nomeBeneficio": "                  RETENCAO PASEP                                     70.454,87D"
            },
            {
                "nomeBeneficio": "                  RFB-PREV-PARC60                                   186.896,87D"
            },
            {
                "nomeBeneficio": "                  RFB-RET DARF                                      497.612,60D"
            },
            {
                "nomeBeneficio": "                  DEDUCAO SAUDE                                     625.219,86D"
            },
            {
                "nomeBeneficio": "                  DEDUCAO FUNDEB                                    833.626,50D"
            },
            {
                "nomeBeneficio": "                  AJ DED FUNDEB                                      19.480,86C"
            },
            {
                "nomeBeneficio": "                  AJ DED PASEP                                          974,04C"
            },
            {
                "nomeBeneficio": "                  AJUSTE FPM                                         97.404,33D"
            },
            {
                "nomeBeneficio": ""
            },
            {
                "nomeBeneficio": "                  DEBITO FUNDO                                    2.311.215,03D"
            },
            {
                "nomeBeneficio": "                  CREDITO FUNDO                                   7.065.945,04C"
            },
            {
                "nomeBeneficio": ""
            },
            {
                "nomeBeneficio": "TOTAL DISTRIBUIDO NO PERIODO"
            },
            {
                "nomeBeneficio": ""
            },
            {
                "nomeBeneficio": "                  DEBITO BENEF.                                   2.311.215,03D"
            },
            {
                "nomeBeneficio": "                  CREDITO BENEF.                                  7.065.945,04C"
            }
        ]
    },
    "August": {
        "quantidadeBeneficio": 45,
        "indicadorContinuarPesquisa": "N",
        "quantidadeOcorrencia": [
            {
                "nomeBeneficio": "CASA NOVA                                         -BA"
            },
            {
                "nomeBeneficio": ""
            },
            {
                "nomeBeneficio": "FPM   - FUNDO DE PARTICIPACAO DOS MUNICIPIOS"
            },
            {
                "nomeBeneficio": "DATA                PARCELA                                   VALOR DISTRIBUIDO"
            },
            {
                "nomeBeneficio": ""
            },
            {
                "nomeBeneficio": "10.08.2023        PARCELA DE IPI                                    267.889,30C"
            },
            {
                "nomeBeneficio": "                  PARCELA DE IR                                   2.457.831,60C"
            },
            {
                "nomeBeneficio": "                  RETENCAO PASEP                                     27.257,20D"
            },
            {
                "nomeBeneficio": "                  RFB-PREV-PARC60                                   186.896,87D"
            },
            {
                "nomeBeneficio": "                  RFB-RET DARF                                      423.814,68D"
            },
            {
                "nomeBeneficio": "                  DEDUCAO SAUDE                                     408.858,13D"
            },
            {
                "nomeBeneficio": "                  DEDUCAO FUNDEB                                    545.144,18D"
            },
            {
                "nomeBeneficio": "                  TOTAL NA DATA                                   1.133.749,84C"
            },
            {
                "nomeBeneficio": ""
            },
            {
                "nomeBeneficio": "18.08.2023        PARCELA DE IPI                                     64.431,84C"
            },
            {
                "nomeBeneficio": "                  PARCELA DE IR                                     557.675,66C"
            },
            {
                "nomeBeneficio": "                  RETENCAO PASEP                                      6.221,06D"
            },
            {
                "nomeBeneficio": "                  DEDUCAO SAUDE                                      93.316,11D"
            },
            {
                "nomeBeneficio": "                  DEDUCAO FUNDEB                                    124.421,49D"
            },
            {
                "nomeBeneficio": "                  TOTAL NA DATA                                     398.148,84C"
            },
            {
                "nomeBeneficio": ""
            },
            {
                "nomeBeneficio": "30.08.2023        PARCELA DE IPI                                     37.434,26C"
            },
            {
                "nomeBeneficio": "                  PARCELA DE IR                                   1.402.460,90C"
            },
            {
                "nomeBeneficio": "                  RETENCAO PASEP                                     14.398,94D"
            },
            {
                "nomeBeneficio": "                  DEDUCAO SAUDE                                     215.984,26D"
            },
            {
                "nomeBeneficio": "                  DEDUCAO FUNDEB                                    287.979,03D"
            },
            {
                "nomeBeneficio": "                  TOTAL NA DATA                                     921.532,93C"
            },
            {
                "nomeBeneficio": ""
            },
            {
                "nomeBeneficio": "TOTAL POR PARCELA / NATUREZA"
            },
            {
                "nomeBeneficio": ""
            },
            {
                "nomeBeneficio": "                  PARCELA DE IPI                                    369.755,40C"
            },
            {
                "nomeBeneficio": "                  PARCELA DE IR                                   4.417.968,16C"
            },
            {
                "nomeBeneficio": "                  RETENCAO PASEP                                     47.877,20D"
            },
            {
                "nomeBeneficio": "                  RFB-PREV-PARC60                                   186.896,87D"
            },
            {
                "nomeBeneficio": "                  RFB-RET DARF                                      423.814,68D"
            },
            {
                "nomeBeneficio": "                  DEDUCAO SAUDE                                     718.158,50D"
            },
            {
                "nomeBeneficio": "                  DEDUCAO FUNDEB                                    957.544,70D"
            },
            {
                "nomeBeneficio": ""
            },
            {
                "nomeBeneficio": "                  DEBITO FUNDO                                    2.334.291,95D"
            },
            {
                "nomeBeneficio": "                  CREDITO FUNDO                                   4.787.723,56C"
            },
            {
                "nomeBeneficio": ""
            },
            {
                "nomeBeneficio": "TOTAL DISTRIBUIDO NO PERIODO"
            },
            {
                "nomeBeneficio": ""
            },
            {
                "nomeBeneficio": "                  DEBITO BENEF.                                   2.334.291,95D"
            },
            {
                "nomeBeneficio": "                  CREDITO BENEF.                                  4.787.723,56C"
            }
        ]
    },
    "September": {
        "quantidadeBeneficio": 45,
        "indicadorContinuarPesquisa": "N",
        "quantidadeOcorrencia": [
            {
                "nomeBeneficio": "CASA NOVA                                         -BA"
            },
            {
                "nomeBeneficio": ""
            },
            {
                "nomeBeneficio": "FPM   - FUNDO DE PARTICIPACAO DOS MUNICIPIOS"
            },
            {
                "nomeBeneficio": "DATA                PARCELA                                   VALOR DISTRIBUIDO"
            },
            {
                "nomeBeneficio": ""
            },
            {
                "nomeBeneficio": "08.09.2023        PARCELA DE IPI                                    364.078,37C"
            },
            {
                "nomeBeneficio": "                  PARCELA DE IR                                   2.109.857,61C"
            },
            {
                "nomeBeneficio": "                  RETENCAO PASEP                                     24.739,33D"
            },
            {
                "nomeBeneficio": "                  RFB-PREV-PARC60                                   186.896,87D"
            },
            {
                "nomeBeneficio": "                  DEDUCAO SAUDE                                     264.260,14D"
            },
            {
                "nomeBeneficio": "                  DEDUCAO FUNDEB                                    352.346,86D"
            },
            {
                "nomeBeneficio": "                  TOTAL NA DATA                                   1.645.692,78C"
            },
            {
                "nomeBeneficio": ""
            },
            {
                "nomeBeneficio": "20.09.2023        PARCELA DE IPI                                     48.722,82C"
            },
            {
                "nomeBeneficio": "                  PARCELA DE IR                                     402.921,51C"
            },
            {
                "nomeBeneficio": "                  RETENCAO PASEP                                      4.516,43D"
            },
            {
                "nomeBeneficio": "                  RFB-RET DARF                                      289.052,40D"
            },
            {
                "nomeBeneficio": "                  DEDUCAO SAUDE                                      67.746,64D"
            },
            {
                "nomeBeneficio": "                  DEDUCAO FUNDEB                                     90.328,86D"
            },
            {
                "nomeBeneficio": "                  TOTAL NA DATA                                           0,00C"
            },
            {
                "nomeBeneficio": ""
            },
            {
                "nomeBeneficio": "29.09.2023        PARCELA DE IPI                                    120.834,13C"
            },
            {
                "nomeBeneficio": "                  PARCELA DE IR                                   1.834.184,63C"
            },
            {
                "nomeBeneficio": "                  RETENCAO PASEP                                     19.550,18D"
            },
            {
                "nomeBeneficio": "                  DEDUCAO SAUDE                                     293.252,80D"
            },
            {
                "nomeBeneficio": "                  DEDUCAO FUNDEB                                    391.003,74D"
            },
            {
                "nomeBeneficio": "                  TOTAL NA DATA                                   1.251.212,04C"
            },
            {
                "nomeBeneficio": ""
            },
            {
                "nomeBeneficio": "TOTAL POR PARCELA / NATUREZA"
            },
            {
                "nomeBeneficio": ""
            },
            {
                "nomeBeneficio": "                  PARCELA DE IPI                                    533.635,32C"
            },
            {
                "nomeBeneficio": "                  PARCELA DE IR                                   4.346.963,75C"
            },
            {
                "nomeBeneficio": "                  RETENCAO PASEP                                     48.805,94D"
            },
            {
                "nomeBeneficio": "                  RFB-PREV-PARC60                                   186.896,87D"
            },
            {
                "nomeBeneficio": "                  RFB-RET DARF                                      289.052,40D"
            },
            {
                "nomeBeneficio": "                  DEDUCAO SAUDE                                     625.259,58D"
            },
            {
                "nomeBeneficio": "                  DEDUCAO FUNDEB                                    833.679,46D"
            },
            {
                "nomeBeneficio": ""
            },
            {
                "nomeBeneficio": "                  DEBITO FUNDO                                    1.983.694,25D"
            },
            {
                "nomeBeneficio": "                  CREDITO FUNDO                                   4.880.599,07C"
            },
            {
                "nomeBeneficio": ""
            },
            {
                "nomeBeneficio": "TOTAL DISTRIBUIDO NO PERIODO"
            },
            {
                "nomeBeneficio": ""
            },
            {
                "nomeBeneficio": "                  DEBITO BENEF.                                   1.983.694,25D"
            },
            {
                "nomeBeneficio": "                  CREDITO BENEF.                                  4.880.599,07C"
            }
        ]
    },
    "October": {
        "quantidadeBeneficio": 46,
        "indicadorContinuarPesquisa": "N",
        "quantidadeOcorrencia": [
            {
                "nomeBeneficio": "CASA NOVA                                         -BA"
            },
            {
                "nomeBeneficio": ""
            },
            {
                "nomeBeneficio": "FPM   - FUNDO DE PARTICIPACAO DOS MUNICIPIOS"
            },
            {
                "nomeBeneficio": "DATA                PARCELA                                   VALOR DISTRIBUIDO"
            },
            {
                "nomeBeneficio": ""
            },
            {
                "nomeBeneficio": "10.10.2023        PARCELA DE IPI                                    309.342,89C"
            },
            {
                "nomeBeneficio": "                  PARCELA DE IR                                   1.666.751,51C"
            },
            {
                "nomeBeneficio": "                  RETENCAO PASEP                                     19.760,93D"
            },
            {
                "nomeBeneficio": "                  RFB-PREV-PARC60                                   186.896,87D"
            },
            {
                "nomeBeneficio": "                  RFB-RET DARF                                      431.500,00D"
            },
            {
                "nomeBeneficio": "                  DEDUCAO SAUDE                                     296.414,15D"
            },
            {
                "nomeBeneficio": "                  DEDUCAO FUNDEB                                    395.218,87D"
            },
            {
                "nomeBeneficio": "                  TOTAL NA DATA                                     646.303,58C"
            },
            {
                "nomeBeneficio": ""
            },
            {
                "nomeBeneficio": "20.10.2023        PARCELA DE IPI                                    141.250,27C"
            },
            {
                "nomeBeneficio": "                  PARCELA DE IR                                     624.107,90C"
            },
            {
                "nomeBeneficio": "                  RETENCAO PASEP                                      7.653,57D"
            },
            {
                "nomeBeneficio": "                  RFB-RET DARF                                      139.052,36D"
            },
            {
                "nomeBeneficio": "                  DEDUCAO SAUDE                                     114.803,72D"
            },
            {
                "nomeBeneficio": "                  DEDUCAO FUNDEB                                    153.071,63D"
            },
            {
                "nomeBeneficio": "                  TOTAL NA DATA                                     350.776,89C"
            },
            {
                "nomeBeneficio": ""
            },
            {
                "nomeBeneficio": "30.10.2023        PARCELA DE IPI                                     84.740,86C"
            },
            {
                "nomeBeneficio": "                  PARCELA DE IR                                   1.706.724,26C"
            },
            {
                "nomeBeneficio": "                  RETENCAO PASEP                                     17.914,64D"
            },
            {
                "nomeBeneficio": "                  DEDUCAO SAUDE                                     268.719,75D"
            },
            {
                "nomeBeneficio": "                  DEDUCAO FUNDEB                                    358.293,02D"
            },
            {
                "nomeBeneficio": "                  TOTAL NA DATA                                   1.146.537,71C"
            },
            {
                "nomeBeneficio": ""
            },
            {
                "nomeBeneficio": "TOTAL POR PARCELA / NATUREZA"
            },
            {
                "nomeBeneficio": ""
            },
            {
                "nomeBeneficio": "                  PARCELA DE IPI                                    535.334,02C"
            },
            {
                "nomeBeneficio": "                  PARCELA DE IR                                   3.997.583,67C"
            },
            {
                "nomeBeneficio": "                  RETENCAO PASEP                                     45.329,14D"
            },
            {
                "nomeBeneficio": "                  RFB-PREV-PARC60                                   186.896,87D"
            },
            {
                "nomeBeneficio": "                  RFB-RET DARF                                      570.552,36D"
            },
            {
                "nomeBeneficio": "                  DEDUCAO SAUDE                                     679.937,62D"
            },
            {
                "nomeBeneficio": "                  DEDUCAO FUNDEB                                    906.583,52D"
            },
            {
                "nomeBeneficio": ""
            },
            {
                "nomeBeneficio": "                  DEBITO FUNDO                                    2.389.299,51D"
            },
            {
                "nomeBeneficio": "                  CREDITO FUNDO                                   4.532.917,69C"
            },
            {
                "nomeBeneficio": ""
            },
            {
                "nomeBeneficio": "TOTAL DISTRIBUIDO NO PERIODO"
            },
            {
                "nomeBeneficio": ""
            },
            {
                "nomeBeneficio": "                  DEBITO BENEF.                                   2.389.299,51D"
            },
            {
                "nomeBeneficio": "                  CREDITO BENEF.                                  4.532.917,69C"
            }
        ]
    },
    "November": {
        "quantidadeBeneficio": 45,
        "indicadorContinuarPesquisa": "N",
        "quantidadeOcorrencia": [
            {
                "nomeBeneficio": "CASA NOVA                                         -BA"
            },
            {
                "nomeBeneficio": ""
            },
            {
                "nomeBeneficio": "FPM   - FUNDO DE PARTICIPACAO DOS MUNICIPIOS"
            },
            {
                "nomeBeneficio": "DATA                PARCELA                                   VALOR DISTRIBUIDO"
            },
            {
                "nomeBeneficio": ""
            },
            {
                "nomeBeneficio": "10.11.2023        PARCELA DE IPI                                    258.834,33C"
            },
            {
                "nomeBeneficio": "                  PARCELA DE IR                                   3.244.573,17C"
            },
            {
                "nomeBeneficio": "                  RETENCAO PASEP                                     35.034,07D"
            },
            {
                "nomeBeneficio": "                  RFB-PREV-PARC60                                   186.896,87D"
            },
            {
                "nomeBeneficio": "                  RFB-RET DARF                                      481.500,00D"
            },
            {
                "nomeBeneficio": "                  DEDUCAO SAUDE                                     525.511,11D"
            },
            {
                "nomeBeneficio": "                  DEDUCAO FUNDEB                                    700.681,49D"
            },
            {
                "nomeBeneficio": "                  TOTAL NA DATA                                   1.573.783,96C"
            },
            {
                "nomeBeneficio": ""
            },
            {
                "nomeBeneficio": "20.11.2023        PARCELA DE IPI                                     91.351,09C"
            },
            {
                "nomeBeneficio": "                  PARCELA DE IR                                     668.650,83C"
            },
            {
                "nomeBeneficio": "                  RETENCAO PASEP                                      7.600,01D"
            },
            {
                "nomeBeneficio": "                  DEDUCAO SAUDE                                     114.000,28D"
            },
            {
                "nomeBeneficio": "                  DEDUCAO FUNDEB                                    152.000,37D"
            },
            {
                "nomeBeneficio": "                  TOTAL NA DATA                                     486.401,26C"
            },
            {
                "nomeBeneficio": ""
            },
            {
                "nomeBeneficio": "30.11.2023        PARCELA DE IPI                                     88.454,01C"
            },
            {
                "nomeBeneficio": "                  PARCELA DE IR                                   1.529.436,12C"
            },
            {
                "nomeBeneficio": "                  RETENCAO PASEP                                     16.178,90D"
            },
            {
                "nomeBeneficio": "                  DEDUCAO SAUDE                                     242.683,51D"
            },
            {
                "nomeBeneficio": "                  DEDUCAO FUNDEB                                    323.578,02D"
            },
            {
                "nomeBeneficio": "                  TOTAL NA DATA                                   1.035.449,70C"
            },
            {
                "nomeBeneficio": ""
            },
            {
                "nomeBeneficio": "TOTAL POR PARCELA / NATUREZA"
            },
            {
                "nomeBeneficio": ""
            },
            {
                "nomeBeneficio": "                  PARCELA DE IPI                                    438.639,43C"
            },
            {
                "nomeBeneficio": "                  PARCELA DE IR                                   5.442.660,12C"
            },
            {
                "nomeBeneficio": "                  RETENCAO PASEP                                     58.812,98D"
            },
            {
                "nomeBeneficio": "                  RFB-PREV-PARC60                                   186.896,87D"
            },
            {
                "nomeBeneficio": "                  RFB-RET DARF                                      481.500,00D"
            },
            {
                "nomeBeneficio": "                  DEDUCAO SAUDE                                     882.194,90D"
            },
            {
                "nomeBeneficio": "                  DEDUCAO FUNDEB                                  1.176.259,88D"
            },
            {
                "nomeBeneficio": ""
            },
            {
                "nomeBeneficio": "                  DEBITO FUNDO                                    2.785.664,63D"
            },
            {
                "nomeBeneficio": "                  CREDITO FUNDO                                   5.881.299,55C"
            },
            {
                "nomeBeneficio": ""
            },
            {
                "nomeBeneficio": "TOTAL DISTRIBUIDO NO PERIODO"
            },
            {
                "nomeBeneficio": ""
            },
            {
                "nomeBeneficio": "                  DEBITO BENEF.                                   2.785.664,63D"
            },
            {
                "nomeBeneficio": "                  CREDITO BENEF.                                  5.881.299,55C"
            }
        ]
    },
    "December": {
        "quantidadeBeneficio": 50,
        "indicadorContinuarPesquisa": "N",
        "quantidadeOcorrencia": [
            {
                "nomeBeneficio": "CASA NOVA                                         -BA"
            },
            {
                "nomeBeneficio": ""
            },
            {
                "nomeBeneficio": "FPM   - FUNDO DE PARTICIPACAO DOS MUNICIPIOS"
            },
            {
                "nomeBeneficio": "DATA                PARCELA                                   VALOR DISTRIBUIDO"
            },
            {
                "nomeBeneficio": ""
            },
            {
                "nomeBeneficio": "07.12.2023        PARCELA DE IPI                                    223.166,39C"
            },
            {
                "nomeBeneficio": "                  PARCELA DE IR                                   2.645.775,53C"
            },
            {
                "nomeBeneficio": "                  RETENCAO PASEP                                     28.689,41D"
            },
            {
                "nomeBeneficio": "                  TOTAL NA DATA                                   2.840.252,51C"
            },
            {
                "nomeBeneficio": ""
            },
            {
                "nomeBeneficio": "08.12.2023        PARCELA DE IPI                                    253.135,61C"
            },
            {
                "nomeBeneficio": "                  PARCELA DE IR                                   2.276.098,50C"
            },
            {
                "nomeBeneficio": "                  RETENCAO PASEP                                     25.292,33D"
            },
            {
                "nomeBeneficio": "                  RFB-PREV-PARC60                                   186.896,87D"
            },
            {
                "nomeBeneficio": "                  RFB-RET DARF                                      481.500,00D"
            },
            {
                "nomeBeneficio": "                  DEDUCAO SAUDE                                     379.385,11D"
            },
            {
                "nomeBeneficio": "                  DEDUCAO FUNDEB                                    505.846,82D"
            },
            {
                "nomeBeneficio": "                  TOTAL NA DATA                                     950.312,98C"
            },
            {
                "nomeBeneficio": ""
            },
            {
                "nomeBeneficio": "20.12.2023        PARCELA DE IPI                                    119.821,60C"
            },
            {
                "nomeBeneficio": "                  PARCELA DE IR                                   1.621.157,75C"
            },
            {
                "nomeBeneficio": "                  RETENCAO PASEP                                     17.409,78D"
            },
            {
                "nomeBeneficio": "                  DEDUCAO SAUDE                                     261.146,90D"
            },
            {
                "nomeBeneficio": "                  DEDUCAO FUNDEB                                    348.195,87D"
            },
            {
                "nomeBeneficio": "                  TOTAL NA DATA                                   1.114.226,80C"
            },
            {
                "nomeBeneficio": ""
            },
            {
                "nomeBeneficio": "28.12.2023        PARCELA DE IPI                                    104.585,48C"
            },
            {
                "nomeBeneficio": "                  PARCELA DE IR                                   2.096.175,53C"
            },
            {
                "nomeBeneficio": "                  RETENCAO PASEP                                     22.007,60D"
            },
            {
                "nomeBeneficio": "                  DEDUCAO SAUDE                                     330.114,14D"
            },
            {
                "nomeBeneficio": "                  DEDUCAO FUNDEB                                    440.152,19D"
            },
            {
                "nomeBeneficio": "                  TOTAL NA DATA                                   1.408.487,08C"
            },
            {
                "nomeBeneficio": ""
            },
            {
                "nomeBeneficio": "TOTAL POR PARCELA / NATUREZA"
            },
            {
                "nomeBeneficio": ""
            },
            {
                "nomeBeneficio": "                  PARCELA DE IPI                                    700.709,08C"
            },
            {
                "nomeBeneficio": "                  PARCELA DE IR                                   8.639.207,31C"
            },
            {
                "nomeBeneficio": "                  RETENCAO PASEP                                     93.399,12D"
            },
            {
                "nomeBeneficio": "                  RFB-PREV-PARC60                                   186.896,87D"
            },
            {
                "nomeBeneficio": "                  RFB-RET DARF                                      481.500,00D"
            },
            {
                "nomeBeneficio": "                  DEDUCAO SAUDE                                     970.646,15D"
            },
            {
                "nomeBeneficio": "                  DEDUCAO FUNDEB                                  1.294.194,88D"
            },
            {
                "nomeBeneficio": ""
            },
            {
                "nomeBeneficio": "                  DEBITO FUNDO                                    3.026.637,02D"
            },
            {
                "nomeBeneficio": "                  CREDITO FUNDO                                   9.339.916,39C"
            },
            {
                "nomeBeneficio": ""
            },
            {
                "nomeBeneficio": "TOTAL DISTRIBUIDO NO PERIODO"
            },
            {
                "nomeBeneficio": ""
            },
            {
                "nomeBeneficio": "                  DEBITO BENEF.                                   3.026.637,02D"
            },
            {
                "nomeBeneficio": "                  CREDITO BENEF.                                  9.339.916,39C"
            }
        ]
    }
}