{
    "January": {
        "quantidadeBeneficio": 41,
        "indicadorContinuarPesquisa": "N",
        "quantidadeOcorrencia": [
            {
                "nomeBeneficio": "LAURO DE FREITAS                                  -BA"
            },
            {
                "nomeBeneficio": ""
            },
            {
                "nomeBeneficio": "FPM   - FUNDO DE PARTICIPACAO DOS MUNICIPIOS"
            },
            {
                "nomeBeneficio": "DATA                PARCELA                                   VALOR DISTRIBUIDO"
            },
            {
                "nomeBeneficio": ""
            },
            {
                "nomeBeneficio": "10.01.2023        PARCELA DE IPI                                    598.961,39C"
            },
            {
                "nomeBeneficio": "                  PARCELA DE IR                                   5.519.124,97C"
            },
            {
                "nomeBeneficio": "                  RETENCAO PASEP                                     61.180,85D"
            },
            {
                "nomeBeneficio": "                  RFB-PREV-PARC60                                   599.735,54D"
            },
            {
                "nomeBeneficio": "                  DEDUCAO FUNDEB                                  1.223.617,25D"
            },
            {
                "nomeBeneficio": "                  TOTAL NA DATA                                   4.233.552,72C"
            },
            {
                "nomeBeneficio": ""
            },
            {
                "nomeBeneficio": "20.01.2023        PARCELA DE IPI                                    297.018,93C"
            },
            {
                "nomeBeneficio": "                  PARCELA DE IR                                   2.063.568,58C"
            },
            {
                "nomeBeneficio": "                  RETENCAO PASEP                                     23.605,85D"
            },
            {
                "nomeBeneficio": "                  DEDUCAO FUNDEB                                    472.117,49D"
            },
            {
                "nomeBeneficio": "                  TOTAL NA DATA                                   1.864.864,17C"
            },
            {
                "nomeBeneficio": ""
            },
            {
                "nomeBeneficio": "30.01.2023        PARCELA DE IPI                                    160.477,77C"
            },
            {
                "nomeBeneficio": "                  PARCELA DE IR                                   5.292.570,42C"
            },
            {
                "nomeBeneficio": "                  RETENCAO PASEP                                     54.530,46D"
            },
            {
                "nomeBeneficio": "                  RFB-RET DARF                                    1.415.668,81D"
            },
            {
                "nomeBeneficio": "                  DEDUCAO FUNDEB                                  1.090.609,62D"
            },
            {
                "nomeBeneficio": "                  TOTAL NA DATA                                   2.892.239,30C"
            },
            {
                "nomeBeneficio": ""
            },
            {
                "nomeBeneficio": "TOTAL POR PARCELA / NATUREZA"
            },
            {
                "nomeBeneficio": ""
            },
            {
                "nomeBeneficio": "                  PARCELA DE IPI                                  1.056.458,09C"
            },
            {
                "nomeBeneficio": "                  PARCELA DE IR                                  12.875.263,97C"
            },
            {
                "nomeBeneficio": "                  RETENCAO PASEP                                    139.317,16D"
            },
            {
                "nomeBeneficio": "                  RFB-PREV-PARC60                                   599.735,54D"
            },
            {
                "nomeBeneficio": "                  RFB-RET DARF                                    1.415.668,81D"
            },
            {
                "nomeBeneficio": "                  DEDUCAO FUNDEB                                  2.786.344,36D"
            },
            {
                "nomeBeneficio": ""
            },
            {
                "nomeBeneficio": "                  DEBITO FUNDO                                    4.941.065,87D"
            },
            {
                "nomeBeneficio": "                  CREDITO FUNDO                                  13.931.722,06C"
            },
            {
                "nomeBeneficio": ""
            },
            {
                "nomeBeneficio": "TOTAL DISTRIBUIDO NO PERIODO"
            },
            {
                "nomeBeneficio": ""
            },
            {
                "nomeBeneficio": "                  DEBITO BENEF.                                   4.941.065,87D"
            },
            {
                "nomeBeneficio": "                  CREDITO BENEF.                                 13.931.722,06C"
            }
        ]
    },
    "February": {
        "quantidadeBeneficio": 39,
        "indicadorContinuarPesquisa": "N",
        "quantidadeOcorrencia": [
            {
                "nomeBeneficio": "LAURO DE FREITAS                                  -BA"
            },
            {
                "nomeBeneficio": ""
            },
            {
                "nomeBeneficio": "FPM   - FUNDO DE PARTICIPACAO DOS MUNICIPIOS"
            },
            {
                "nomeBeneficio": "DATA                PARCELA                                   VALOR DISTRIBUIDO"
            },
            {
                "nomeBeneficio": ""
            },
            {
                "nomeBeneficio": "10.02.2023        PARCELA DE IPI                                    567.468,94C"
            },
            {
                "nomeBeneficio": "                  PARCELA DE IR                                  13.381.929,80C"
            },
            {
                "nomeBeneficio": "                  RETENCAO PASEP                                    139.493,97D"
            },
            {
                "nomeBeneficio": "                  RFB-PREV-PARC60                                   599.735,54D"
            },
            {
                "nomeBeneficio": "                  DEDUCAO FUNDEB                                  2.789.879,73D"
            },
            {
                "nomeBeneficio": "                  TOTAL NA DATA                                  10.420.289,50C"
            },
            {
                "nomeBeneficio": ""
            },
            {
                "nomeBeneficio": "17.02.2023        PARCELA DE IPI                                    103.128,67C"
            },
            {
                "nomeBeneficio": "                  PARCELA DE IR                                   1.239.714,48C"
            },
            {
                "nomeBeneficio": "                  RETENCAO PASEP                                     13.428,42D"
            },
            {
                "nomeBeneficio": "                  DEDUCAO FUNDEB                                    268.568,61D"
            },
            {
                "nomeBeneficio": "                  TOTAL NA DATA                                   1.060.846,12C"
            },
            {
                "nomeBeneficio": ""
            },
            {
                "nomeBeneficio": "28.02.2023        PARCELA DE IPI                                     75.785,07C"
            },
            {
                "nomeBeneficio": "                  PARCELA DE IR                                   3.253.960,84C"
            },
            {
                "nomeBeneficio": "                  RETENCAO PASEP                                     33.297,44D"
            },
            {
                "nomeBeneficio": "                  DEDUCAO FUNDEB                                    665.949,17D"
            },
            {
                "nomeBeneficio": "                  TOTAL NA DATA                                   2.630.499,30C"
            },
            {
                "nomeBeneficio": ""
            },
            {
                "nomeBeneficio": "TOTAL POR PARCELA / NATUREZA"
            },
            {
                "nomeBeneficio": ""
            },
            {
                "nomeBeneficio": "                  PARCELA DE IPI                                    746.382,68C"
            },
            {
                "nomeBeneficio": "                  PARCELA DE IR                                  17.875.605,12C"
            },
            {
                "nomeBeneficio": "                  RETENCAO PASEP                                    186.219,83D"
            },
            {
                "nomeBeneficio": "                  RFB-PREV-PARC60                                   599.735,54D"
            },
            {
                "nomeBeneficio": "                  DEDUCAO FUNDEB                                  3.724.397,51D"
            },
            {
                "nomeBeneficio": ""
            },
            {
                "nomeBeneficio": "                  DEBITO FUNDO                                    4.510.352,88D"
            },
            {
                "nomeBeneficio": "                  CREDITO FUNDO                                  18.621.987,80C"
            },
            {
                "nomeBeneficio": ""
            },
            {
                "nomeBeneficio": "TOTAL DISTRIBUIDO NO PERIODO"
            },
            {
                "nomeBeneficio": ""
            },
            {
                "nomeBeneficio": "                  DEBITO BENEF.                                   4.510.352,88D"
            },
            {
                "nomeBeneficio": "                  CREDITO BENEF.                                 18.621.987,80C"
            }
        ]
    },
    "March": {
        "quantidadeBeneficio": 41,
        "indicadorContinuarPesquisa": "N",
        "quantidadeOcorrencia": [
            {
                "nomeBeneficio": "LAURO DE FREITAS                                  -BA"
            },
            {
                "nomeBeneficio": ""
            },
            {
                "nomeBeneficio": "FPM   - FUNDO DE PARTICIPACAO DOS MUNICIPIOS"
            },
            {
                "nomeBeneficio": "DATA                PARCELA                                   VALOR DISTRIBUIDO"
            },
            {
                "nomeBeneficio": ""
            },
            {
                "nomeBeneficio": "10.03.2023        PARCELA DE IPI                                    638.422,96C"
            },
            {
                "nomeBeneficio": "                  PARCELA DE IR                                   5.186.576,05C"
            },
            {
                "nomeBeneficio": "                  RETENCAO PASEP                                     58.249,97D"
            },
            {
                "nomeBeneficio": "                  RFB-PREV-PARC60                                   599.735,54D"
            },
            {
                "nomeBeneficio": "                  RFB-RET DARF                                    1.415.668,81D"
            },
            {
                "nomeBeneficio": "                  DEDUCAO FUNDEB                                  1.164.999,78D"
            },
            {
                "nomeBeneficio": "                  TOTAL NA DATA                                   2.586.344,91C"
            },
            {
                "nomeBeneficio": ""
            },
            {
                "nomeBeneficio": "20.03.2023        PARCELA DE IPI                                    128.327,50C"
            },
            {
                "nomeBeneficio": "                  PARCELA DE IR                                   1.155.718,00C"
            },
            {
                "nomeBeneficio": "                  RETENCAO PASEP                                     12.840,43D"
            },
            {
                "nomeBeneficio": "                  DEDUCAO FUNDEB                                    256.809,09D"
            },
            {
                "nomeBeneficio": "                  TOTAL NA DATA                                   1.014.395,98C"
            },
            {
                "nomeBeneficio": ""
            },
            {
                "nomeBeneficio": "30.03.2023        PARCELA DE IPI                                    155.887,54C"
            },
            {
                "nomeBeneficio": "                  PARCELA DE IR                                   4.097.879,53C"
            },
            {
                "nomeBeneficio": "                  RETENCAO PASEP                                     42.537,65D"
            },
            {
                "nomeBeneficio": "                  DEDUCAO FUNDEB                                    850.753,40D"
            },
            {
                "nomeBeneficio": "                  TOTAL NA DATA                                   3.360.476,02C"
            },
            {
                "nomeBeneficio": ""
            },
            {
                "nomeBeneficio": "TOTAL POR PARCELA / NATUREZA"
            },
            {
                "nomeBeneficio": ""
            },
            {
                "nomeBeneficio": "                  PARCELA DE IPI                                    922.638,00C"
            },
            {
                "nomeBeneficio": "                  PARCELA DE IR                                  10.440.173,58C"
            },
            {
                "nomeBeneficio": "                  RETENCAO PASEP                                    113.628,05D"
            },
            {
                "nomeBeneficio": "                  RFB-PREV-PARC60                                   599.735,54D"
            },
            {
                "nomeBeneficio": "                  RFB-RET DARF                                    1.415.668,81D"
            },
            {
                "nomeBeneficio": "                  DEDUCAO FUNDEB                                  2.272.562,27D"
            },
            {
                "nomeBeneficio": ""
            },
            {
                "nomeBeneficio": "                  DEBITO FUNDO                                    4.401.594,67D"
            },
            {
                "nomeBeneficio": "                  CREDITO FUNDO                                  11.362.811,58C"
            },
            {
                "nomeBeneficio": ""
            },
            {
                "nomeBeneficio": "TOTAL DISTRIBUIDO NO PERIODO"
            },
            {
                "nomeBeneficio": ""
            },
            {
                "nomeBeneficio": "                  DEBITO BENEF.                                   4.401.594,67D"
            },
            {
                "nomeBeneficio": "                  CREDITO BENEF.                                 11.362.811,58C"
            }
        ]
    },
    "April": {
        "quantidadeBeneficio": 41,
        "indicadorContinuarPesquisa": "N",
        "quantidadeOcorrencia": [
            {
                "nomeBeneficio": "LAURO DE FREITAS                                  -BA"
            },
            {
                "nomeBeneficio": ""
            },
            {
                "nomeBeneficio": "FPM   - FUNDO DE PARTICIPACAO DOS MUNICIPIOS"
            },
            {
                "nomeBeneficio": "DATA                PARCELA                                   VALOR DISTRIBUIDO"
            },
            {
                "nomeBeneficio": ""
            },
            {
                "nomeBeneficio": "10.04.2023        PARCELA DE IPI                                    726.170,91C"
            },
            {
                "nomeBeneficio": "                  PARCELA DE IR                                   5.556.820,28C"
            },
            {
                "nomeBeneficio": "                  RETENCAO PASEP                                     62.829,89D"
            },
            {
                "nomeBeneficio": "                  RFB-PREV-PARC60                                   703.963,38D"
            },
            {
                "nomeBeneficio": "                  RFB-RET DARF                                    1.415.668,81D"
            },
            {
                "nomeBeneficio": "                  DEDUCAO FUNDEB                                  1.256.598,22D"
            },
            {
                "nomeBeneficio": "                  TOTAL NA DATA                                   2.843.930,89C"
            },
            {
                "nomeBeneficio": ""
            },
            {
                "nomeBeneficio": "20.04.2023        PARCELA DE IPI                                    114.476,98C"
            },
            {
                "nomeBeneficio": "                  PARCELA DE IR                                   1.498.624,79C"
            },
            {
                "nomeBeneficio": "                  RETENCAO PASEP                                     16.131,00D"
            },
            {
                "nomeBeneficio": "                  DEDUCAO FUNDEB                                    322.620,34D"
            },
            {
                "nomeBeneficio": "                  TOTAL NA DATA                                   1.274.350,43C"
            },
            {
                "nomeBeneficio": ""
            },
            {
                "nomeBeneficio": "28.04.2023        PARCELA DE IPI                                    142.950,47C"
            },
            {
                "nomeBeneficio": "                  PARCELA DE IR                                   4.952.196,19C"
            },
            {
                "nomeBeneficio": "                  RETENCAO PASEP                                     50.951,45D"
            },
            {
                "nomeBeneficio": "                  DEDUCAO FUNDEB                                  1.019.029,32D"
            },
            {
                "nomeBeneficio": "                  TOTAL NA DATA                                   4.025.165,89C"
            },
            {
                "nomeBeneficio": ""
            },
            {
                "nomeBeneficio": "TOTAL POR PARCELA / NATUREZA"
            },
            {
                "nomeBeneficio": ""
            },
            {
                "nomeBeneficio": "                  PARCELA DE IPI                                    983.598,36C"
            },
            {
                "nomeBeneficio": "                  PARCELA DE IR                                  12.007.641,26C"
            },
            {
                "nomeBeneficio": "                  RETENCAO PASEP                                    129.912,34D"
            },
            {
                "nomeBeneficio": "                  RFB-PREV-PARC60                                   703.963,38D"
            },
            {
                "nomeBeneficio": "                  RFB-RET DARF                                    1.415.668,81D"
            },
            {
                "nomeBeneficio": "                  DEDUCAO FUNDEB                                  2.598.247,88D"
            },
            {
                "nomeBeneficio": ""
            },
            {
                "nomeBeneficio": "                  DEBITO FUNDO                                    4.847.792,41D"
            },
            {
                "nomeBeneficio": "                  CREDITO FUNDO                                  12.991.239,62C"
            },
            {
                "nomeBeneficio": ""
            },
            {
                "nomeBeneficio": "TOTAL DISTRIBUIDO NO PERIODO"
            },
            {
                "nomeBeneficio": ""
            },
            {
                "nomeBeneficio": "                  DEBITO BENEF.                                   4.847.792,41D"
            },
            {
                "nomeBeneficio": "                  CREDITO BENEF.                                 12.991.239,62C"
            }
        ]
    },
    "May": {
        "quantidadeBeneficio": 41,
        "indicadorContinuarPesquisa": "N",
        "quantidadeOcorrencia": [
            {
                "nomeBeneficio": "LAURO DE FREITAS                                  -BA"
            },
            {
                "nomeBeneficio": ""
            },
            {
                "nomeBeneficio": "FPM   - FUNDO DE PARTICIPACAO DOS MUNICIPIOS"
            },
            {
                "nomeBeneficio": "DATA                PARCELA                                   VALOR DISTRIBUIDO"
            },
            {
                "nomeBeneficio": ""
            },
            {
                "nomeBeneficio": "10.05.2023        PARCELA DE IPI                                    605.455,88C"
            },
            {
                "nomeBeneficio": "                  PARCELA DE IR                                   7.900.380,01C"
            },
            {
                "nomeBeneficio": "                  RETENCAO PASEP                                     85.058,34D"
            },
            {
                "nomeBeneficio": "                  RFB-PREV-PARC60                                   703.963,38D"
            },
            {
                "nomeBeneficio": "                  RFB-RET DARF                                    1.566.295,97D"
            },
            {
                "nomeBeneficio": "                  DEDUCAO FUNDEB                                  1.701.167,17D"
            },
            {
                "nomeBeneficio": "                  TOTAL NA DATA                                   4.449.351,03C"
            },
            {
                "nomeBeneficio": ""
            },
            {
                "nomeBeneficio": "19.05.2023        PARCELA DE IPI                                    171.268,32C"
            },
            {
                "nomeBeneficio": "                  PARCELA DE IR                                   1.509.237,29C"
            },
            {
                "nomeBeneficio": "                  RETENCAO PASEP                                     16.805,04D"
            },
            {
                "nomeBeneficio": "                  DEDUCAO FUNDEB                                    336.101,11D"
            },
            {
                "nomeBeneficio": "                  TOTAL NA DATA                                   1.327.599,46C"
            },
            {
                "nomeBeneficio": ""
            },
            {
                "nomeBeneficio": "30.05.2023        PARCELA DE IPI                                    107.512,84C"
            },
            {
                "nomeBeneficio": "                  PARCELA DE IR                                   4.137.245,82C"
            },
            {
                "nomeBeneficio": "                  RETENCAO PASEP                                     42.447,57D"
            },
            {
                "nomeBeneficio": "                  DEDUCAO FUNDEB                                    848.951,72D"
            },
            {
                "nomeBeneficio": "                  TOTAL NA DATA                                   3.353.359,37C"
            },
            {
                "nomeBeneficio": ""
            },
            {
                "nomeBeneficio": "TOTAL POR PARCELA / NATUREZA"
            },
            {
                "nomeBeneficio": ""
            },
            {
                "nomeBeneficio": "                  PARCELA DE IPI                                    884.237,04C"
            },
            {
                "nomeBeneficio": "                  PARCELA DE IR                                  13.546.863,12C"
            },
            {
                "nomeBeneficio": "                  RETENCAO PASEP                                    144.310,95D"
            },
            {
                "nomeBeneficio": "                  RFB-PREV-PARC60                                   703.963,38D"
            },
            {
                "nomeBeneficio": "                  RFB-RET DARF                                    1.566.295,97D"
            },
            {
                "nomeBeneficio": "                  DEDUCAO FUNDEB                                  2.886.220,00D"
            },
            {
                "nomeBeneficio": ""
            },
            {
                "nomeBeneficio": "                  DEBITO FUNDO                                    5.300.790,30D"
            },
            {
                "nomeBeneficio": "                  CREDITO FUNDO                                  14.431.100,16C"
            },
            {
                "nomeBeneficio": ""
            },
            {
                "nomeBeneficio": "TOTAL DISTRIBUIDO NO PERIODO"
            },
            {
                "nomeBeneficio": ""
            },
            {
                "nomeBeneficio": "                  DEBITO BENEF.                                   5.300.790,30D"
            },
            {
                "nomeBeneficio": "                  CREDITO BENEF.                                 14.431.100,16C"
            }
        ]
    },
    "June": {
        "quantidadeBeneficio": 41,
        "indicadorContinuarPesquisa": "N",
        "quantidadeOcorrencia": [
            {
                "nomeBeneficio": "LAURO DE FREITAS                                  -BA"
            },
            {
                "nomeBeneficio": ""
            },
            {
                "nomeBeneficio": "FPM   - FUNDO DE PARTICIPACAO DOS MUNICIPIOS"
            },
            {
                "nomeBeneficio": "DATA                PARCELA                                   VALOR DISTRIBUIDO"
            },
            {
                "nomeBeneficio": ""
            },
            {
                "nomeBeneficio": "09.06.2023        PARCELA DE IPI                                    745.102,12C"
            },
            {
                "nomeBeneficio": "                  PARCELA DE IR                                   5.163.014,70C"
            },
            {
                "nomeBeneficio": "                  RETENCAO PASEP                                     59.081,14D"
            },
            {
                "nomeBeneficio": "                  RFB-PREV-PARC60                                   703.963,38D"
            },
            {
                "nomeBeneficio": "                  RFB-RET DARF                                    1.566.295,97D"
            },
            {
                "nomeBeneficio": "                  DEDUCAO FUNDEB                                  1.181.623,34D"
            },
            {
                "nomeBeneficio": "                  TOTAL NA DATA                                   2.397.152,99C"
            },
            {
                "nomeBeneficio": ""
            },
            {
                "nomeBeneficio": "20.06.2023        PARCELA DE IPI                                    187.131,96C"
            },
            {
                "nomeBeneficio": "                  PARCELA DE IR                                   3.225.590,70C"
            },
            {
                "nomeBeneficio": "                  RETENCAO PASEP                                     34.127,21D"
            },
            {
                "nomeBeneficio": "                  DEDUCAO FUNDEB                                    682.544,52D"
            },
            {
                "nomeBeneficio": "                  TOTAL NA DATA                                   2.696.050,93C"
            },
            {
                "nomeBeneficio": ""
            },
            {
                "nomeBeneficio": "30.06.2023        PARCELA DE IPI                                    167.939,73C"
            },
            {
                "nomeBeneficio": "                  PARCELA DE IR                                   3.965.730,24C"
            },
            {
                "nomeBeneficio": "                  RETENCAO PASEP                                     41.336,68D"
            },
            {
                "nomeBeneficio": "                  DEDUCAO FUNDEB                                    826.733,98D"
            },
            {
                "nomeBeneficio": "                  TOTAL NA DATA                                   3.265.599,31C"
            },
            {
                "nomeBeneficio": ""
            },
            {
                "nomeBeneficio": "TOTAL POR PARCELA / NATUREZA"
            },
            {
                "nomeBeneficio": ""
            },
            {
                "nomeBeneficio": "                  PARCELA DE IPI                                  1.100.173,81C"
            },
            {
                "nomeBeneficio": "                  PARCELA DE IR                                  12.354.335,64C"
            },
            {
                "nomeBeneficio": "                  RETENCAO PASEP                                    134.545,03D"
            },
            {
                "nomeBeneficio": "                  RFB-PREV-PARC60                                   703.963,38D"
            },
            {
                "nomeBeneficio": "                  RFB-RET DARF                                    1.566.295,97D"
            },
            {
                "nomeBeneficio": "                  DEDUCAO FUNDEB                                  2.690.901,84D"
            },
            {
                "nomeBeneficio": ""
            },
            {
                "nomeBeneficio": "                  DEBITO FUNDO                                    5.095.706,22D"
            },
            {
                "nomeBeneficio": "                  CREDITO FUNDO                                  13.454.509,45C"
            },
            {
                "nomeBeneficio": ""
            },
            {
                "nomeBeneficio": "TOTAL DISTRIBUIDO NO PERIODO"
            },
            {
                "nomeBeneficio": ""
            },
            {
                "nomeBeneficio": "                  DEBITO BENEF.                                   5.095.706,22D"
            },
            {
                "nomeBeneficio": "                  CREDITO BENEF.                                 13.454.509,45C"
            }
        ]
    },
    "July": {
        "quantidadeBeneficio": 53,
        "indicadorContinuarPesquisa": "N",
        "quantidadeOcorrencia": [
            {
                "nomeBeneficio": "LAURO DE FREITAS                                  -BA"
            },
            {
                "nomeBeneficio": ""
            },
            {
                "nomeBeneficio": "FPM   - FUNDO DE PARTICIPACAO DOS MUNICIPIOS"
            },
            {
                "nomeBeneficio": "DATA                PARCELA                                   VALOR DISTRIBUIDO"
            },
            {
                "nomeBeneficio": ""
            },
            {
                "nomeBeneficio": "10.07.2023        PARCELA DE IPI                                  1.213.616,02C"
            },
            {
                "nomeBeneficio": "                  PARCELA DE IR                                   9.829.621,46C"
            },
            {
                "nomeBeneficio": "                  AJ DED FUNDEB                                      29.970,56C"
            },
            {
                "nomeBeneficio": "                  AJ DED PASEP                                        1.498,50C"
            },
            {
                "nomeBeneficio": "                  AJUSTE FPM                                         13.422,02C"
            },
            {
                "nomeBeneficio": "                  RETENCAO PASEP                                    110.432,34D"
            },
            {
                "nomeBeneficio": "                  RFB-PREV-PARC60                                   703.963,38D"
            },
            {
                "nomeBeneficio": "                  RFB-RET DARF                                    1.627.850,98D"
            },
            {
                "nomeBeneficio": "                  DEDUCAO FUNDEB                                    847.802,48D"
            },
            {
                "nomeBeneficio": "                  AJ DED FUNDEB                                       2.684,42D"
            },
            {
                "nomeBeneficio": "                  AJ DED PASEP                                          134,22D"
            },
            {
                "nomeBeneficio": "                  AJUSTE FPM                                        149.852,81D"
            },
            {
                "nomeBeneficio": "                  TOTAL NA DATA                                   7.645.407,93C"
            },
            {
                "nomeBeneficio": ""
            },
            {
                "nomeBeneficio": "20.07.2023        PARCELA DE IPI                                    186.160,98C"
            },
            {
                "nomeBeneficio": "                  PARCELA DE IR                                   1.314.413,19C"
            },
            {
                "nomeBeneficio": "                  RETENCAO PASEP                                     15.005,72D"
            },
            {
                "nomeBeneficio": "                  DEDUCAO FUNDEB                                    300.114,82D"
            },
            {
                "nomeBeneficio": "                  TOTAL NA DATA                                   1.185.453,63C"
            },
            {
                "nomeBeneficio": ""
            },
            {
                "nomeBeneficio": "28.07.2023        PARCELA DE IPI                                     93.164,26C"
            },
            {
                "nomeBeneficio": "                  PARCELA DE IR                                   4.010.431,64C"
            },
            {
                "nomeBeneficio": "                  RETENCAO PASEP                                     41.035,93D"
            },
            {
                "nomeBeneficio": "                  DEDUCAO FUNDEB                                    820.719,16D"
            },
            {
                "nomeBeneficio": "                  TOTAL NA DATA                                   3.241.840,81C"
            },
            {
                "nomeBeneficio": ""
            },
            {
                "nomeBeneficio": "TOTAL POR PARCELA / NATUREZA"
            },
            {
                "nomeBeneficio": ""
            },
            {
                "nomeBeneficio": "                  PARCELA DE IPI                                  1.492.941,26C"
            },
            {
                "nomeBeneficio": "                  PARCELA DE IR                                  15.154.466,29C"
            },
            {
                "nomeBeneficio": "                  RETENCAO PASEP                                    166.473,99D"
            },
            {
                "nomeBeneficio": "                  RFB-PREV-PARC60                                   703.963,38D"
            },
            {
                "nomeBeneficio": "                  RFB-RET DARF                                    1.627.850,98D"
            },
            {
                "nomeBeneficio": "                  DEDUCAO FUNDEB                                  1.968.636,46D"
            },
            {
                "nomeBeneficio": "                  AJ DED FUNDEB                                      29.970,56C"
            },
            {
                "nomeBeneficio": "                  AJ DED FUNDEB                                       2.684,42D"
            },
            {
                "nomeBeneficio": "                  AJ DED PASEP                                        1.498,50C"
            },
            {
                "nomeBeneficio": "                  AJ DED PASEP                                          134,22D"
            },
            {
                "nomeBeneficio": "                  AJUSTE FPM                                         13.422,02C"
            },
            {
                "nomeBeneficio": "                  AJUSTE FPM                                        149.852,81D"
            },
            {
                "nomeBeneficio": ""
            },
            {
                "nomeBeneficio": "                  DEBITO FUNDO                                    4.619.596,26D"
            },
            {
                "nomeBeneficio": "                  CREDITO FUNDO                                  16.692.298,63C"
            },
            {
                "nomeBeneficio": ""
            },
            {
                "nomeBeneficio": "TOTAL DISTRIBUIDO NO PERIODO"
            },
            {
                "nomeBeneficio": ""
            },
            {
                "nomeBeneficio": "                  DEBITO BENEF.                                   4.619.596,26D"
            },
            {
                "nomeBeneficio": "                  CREDITO BENEF.                                 16.692.298,63C"
            }
        ]
    },
    "August": {
        "quantidadeBeneficio": 41,
        "indicadorContinuarPesquisa": "N",
        "quantidadeOcorrencia": [
            {
                "nomeBeneficio": "LAURO DE FREITAS                                  -BA"
            },
            {
                "nomeBeneficio": ""
            },
            {
                "nomeBeneficio": "FPM   - FUNDO DE PARTICIPACAO DOS MUNICIPIOS"
            },
            {
                "nomeBeneficio": "DATA                PARCELA                                   VALOR DISTRIBUIDO"
            },
            {
                "nomeBeneficio": ""
            },
            {
                "nomeBeneficio": "10.08.2023        PARCELA DE IPI                                    631.979,52C"
            },
            {
                "nomeBeneficio": "                  PARCELA DE IR                                   5.798.287,73C"
            },
            {
                "nomeBeneficio": "                  RETENCAO PASEP                                     64.302,66D"
            },
            {
                "nomeBeneficio": "                  RFB-PREV-PARC60                                   703.963,38D"
            },
            {
                "nomeBeneficio": "                  RFB-RET DARF                                    1.627.850,98D"
            },
            {
                "nomeBeneficio": "                  DEDUCAO FUNDEB                                  1.286.053,42D"
            },
            {
                "nomeBeneficio": "                  TOTAL NA DATA                                   2.748.096,81C"
            },
            {
                "nomeBeneficio": ""
            },
            {
                "nomeBeneficio": "18.08.2023        PARCELA DE IPI                                    152.001,61C"
            },
            {
                "nomeBeneficio": "                  PARCELA DE IR                                   1.315.616,55C"
            },
            {
                "nomeBeneficio": "                  RETENCAO PASEP                                     14.676,16D"
            },
            {
                "nomeBeneficio": "                  DEDUCAO FUNDEB                                    293.523,63D"
            },
            {
                "nomeBeneficio": "                  TOTAL NA DATA                                   1.159.418,37C"
            },
            {
                "nomeBeneficio": ""
            },
            {
                "nomeBeneficio": "30.08.2023        PARCELA DE IPI                                     88.311,42C"
            },
            {
                "nomeBeneficio": "                  PARCELA DE IR                                   3.308.555,31C"
            },
            {
                "nomeBeneficio": "                  RETENCAO PASEP                                     33.968,66D"
            },
            {
                "nomeBeneficio": "                  DEDUCAO FUNDEB                                    679.373,34D"
            },
            {
                "nomeBeneficio": "                  TOTAL NA DATA                                   2.683.524,73C"
            },
            {
                "nomeBeneficio": ""
            },
            {
                "nomeBeneficio": "TOTAL POR PARCELA / NATUREZA"
            },
            {
                "nomeBeneficio": ""
            },
            {
                "nomeBeneficio": "                  PARCELA DE IPI                                    872.292,55C"
            },
            {
                "nomeBeneficio": "                  PARCELA DE IR                                  10.422.459,59C"
            },
            {
                "nomeBeneficio": "                  RETENCAO PASEP                                    112.947,48D"
            },
            {
                "nomeBeneficio": "                  RFB-PREV-PARC60                                   703.963,38D"
            },
            {
                "nomeBeneficio": "                  RFB-RET DARF                                    1.627.850,98D"
            },
            {
                "nomeBeneficio": "                  DEDUCAO FUNDEB                                  2.258.950,39D"
            },
            {
                "nomeBeneficio": ""
            },
            {
                "nomeBeneficio": "                  DEBITO FUNDO                                    4.703.712,23D"
            },
            {
                "nomeBeneficio": "                  CREDITO FUNDO                                  11.294.752,14C"
            },
            {
                "nomeBeneficio": ""
            },
            {
                "nomeBeneficio": "TOTAL DISTRIBUIDO NO PERIODO"
            },
            {
                "nomeBeneficio": ""
            },
            {
                "nomeBeneficio": "                  DEBITO BENEF.                                   4.703.712,23D"
            },
            {
                "nomeBeneficio": "                  CREDITO BENEF.                                 11.294.752,14C"
            }
        ]
    },
    "September": {
        "quantidadeBeneficio": 41,
        "indicadorContinuarPesquisa": "N",
        "quantidadeOcorrencia": [
            {
                "nomeBeneficio": "LAURO DE FREITAS                                  -BA"
            },
            {
                "nomeBeneficio": ""
            },
            {
                "nomeBeneficio": "FPM   - FUNDO DE PARTICIPACAO DOS MUNICIPIOS"
            },
            {
                "nomeBeneficio": "DATA                PARCELA                                   VALOR DISTRIBUIDO"
            },
            {
                "nomeBeneficio": ""
            },
            {
                "nomeBeneficio": "08.09.2023        PARCELA DE IPI                                    858.899,83C"
            },
            {
                "nomeBeneficio": "                  PARCELA DE IR                                   4.977.379,84C"
            },
            {
                "nomeBeneficio": "                  RETENCAO PASEP                                     58.362,77D"
            },
            {
                "nomeBeneficio": "                  RFB-PREV-PARC60                                   703.963,38D"
            },
            {
                "nomeBeneficio": "                  RFB-RET DARF                                    1.627.850,98D"
            },
            {
                "nomeBeneficio": "                  DEDUCAO FUNDEB                                    831.223,96D"
            },
            {
                "nomeBeneficio": "                  TOTAL NA DATA                                   2.614.878,58C"
            },
            {
                "nomeBeneficio": ""
            },
            {
                "nomeBeneficio": "20.09.2023        PARCELA DE IPI                                    114.942,35C"
            },
            {
                "nomeBeneficio": "                  PARCELA DE IR                                     950.534,96C"
            },
            {
                "nomeBeneficio": "                  RETENCAO PASEP                                     10.654,76D"
            },
            {
                "nomeBeneficio": "                  DEDUCAO FUNDEB                                    213.095,45D"
            },
            {
                "nomeBeneficio": "                  TOTAL NA DATA                                     841.727,10C"
            },
            {
                "nomeBeneficio": ""
            },
            {
                "nomeBeneficio": "29.09.2023        PARCELA DE IPI                                    285.060,65C"
            },
            {
                "nomeBeneficio": "                  PARCELA DE IR                                   4.327.037,78C"
            },
            {
                "nomeBeneficio": "                  RETENCAO PASEP                                     46.120,96D"
            },
            {
                "nomeBeneficio": "                  DEDUCAO FUNDEB                                    922.419,67D"
            },
            {
                "nomeBeneficio": "                  TOTAL NA DATA                                   3.643.557,80C"
            },
            {
                "nomeBeneficio": ""
            },
            {
                "nomeBeneficio": "TOTAL POR PARCELA / NATUREZA"
            },
            {
                "nomeBeneficio": ""
            },
            {
                "nomeBeneficio": "                  PARCELA DE IPI                                  1.258.902,83C"
            },
            {
                "nomeBeneficio": "                  PARCELA DE IR                                  10.254.952,58C"
            },
            {
                "nomeBeneficio": "                  RETENCAO PASEP                                    115.138,49D"
            },
            {
                "nomeBeneficio": "                  RFB-PREV-PARC60                                   703.963,38D"
            },
            {
                "nomeBeneficio": "                  RFB-RET DARF                                    1.627.850,98D"
            },
            {
                "nomeBeneficio": "                  DEDUCAO FUNDEB                                  1.966.739,08D"
            },
            {
                "nomeBeneficio": ""
            },
            {
                "nomeBeneficio": "                  DEBITO FUNDO                                    4.413.691,93D"
            },
            {
                "nomeBeneficio": "                  CREDITO FUNDO                                  11.513.855,41C"
            },
            {
                "nomeBeneficio": ""
            },
            {
                "nomeBeneficio": "TOTAL DISTRIBUIDO NO PERIODO"
            },
            {
                "nomeBeneficio": ""
            },
            {
                "nomeBeneficio": "                  DEBITO BENEF.                                   4.413.691,93D"
            },
            {
                "nomeBeneficio": "                  CREDITO BENEF.                                 11.513.855,41C"
            }
        ]
    },
    "October": {
        "quantidadeBeneficio": 41,
        "indicadorContinuarPesquisa": "N",
        "quantidadeOcorrencia": [
            {
                "nomeBeneficio": "LAURO DE FREITAS                                  -BA"
            },
            {
                "nomeBeneficio": ""
            },
            {
                "nomeBeneficio": "FPM   - FUNDO DE PARTICIPACAO DOS MUNICIPIOS"
            },
            {
                "nomeBeneficio": "DATA                PARCELA                                   VALOR DISTRIBUIDO"
            },
            {
                "nomeBeneficio": ""
            },
            {
                "nomeBeneficio": "10.10.2023        PARCELA DE IPI                                    729.772,96C"
            },
            {
                "nomeBeneficio": "                  PARCELA DE IR                                   3.932.045,14C"
            },
            {
                "nomeBeneficio": "                  RETENCAO PASEP                                     46.618,17D"
            },
            {
                "nomeBeneficio": "                  RFB-PREV-PARC60                                   703.963,38D"
            },
            {
                "nomeBeneficio": "                  RFB-RET DARF                                    1.627.850,98D"
            },
            {
                "nomeBeneficio": "                  DEDUCAO FUNDEB                                    932.363,60D"
            },
            {
                "nomeBeneficio": "                  TOTAL NA DATA                                   1.351.021,97C"
            },
            {
                "nomeBeneficio": ""
            },
            {
                "nomeBeneficio": "20.10.2023        PARCELA DE IPI                                    333.224,50C"
            },
            {
                "nomeBeneficio": "                  PARCELA DE IR                                   1.472.337,31C"
            },
            {
                "nomeBeneficio": "                  RETENCAO PASEP                                     18.055,61D"
            },
            {
                "nomeBeneficio": "                  DEDUCAO FUNDEB                                    361.112,35D"
            },
            {
                "nomeBeneficio": "                  TOTAL NA DATA                                   1.426.393,85C"
            },
            {
                "nomeBeneficio": ""
            },
            {
                "nomeBeneficio": "30.10.2023        PARCELA DE IPI                                    199.912,76C"
            },
            {
                "nomeBeneficio": "                  PARCELA DE IR                                   4.026.345,14C"
            },
            {
                "nomeBeneficio": "                  RETENCAO PASEP                                     42.262,56D"
            },
            {
                "nomeBeneficio": "                  DEDUCAO FUNDEB                                    845.251,57D"
            },
            {
                "nomeBeneficio": "                  TOTAL NA DATA                                   3.338.743,77C"
            },
            {
                "nomeBeneficio": ""
            },
            {
                "nomeBeneficio": "TOTAL POR PARCELA / NATUREZA"
            },
            {
                "nomeBeneficio": ""
            },
            {
                "nomeBeneficio": "                  PARCELA DE IPI                                  1.262.910,22C"
            },
            {
                "nomeBeneficio": "                  PARCELA DE IR                                   9.430.727,59C"
            },
            {
                "nomeBeneficio": "                  RETENCAO PASEP                                    106.936,34D"
            },
            {
                "nomeBeneficio": "                  RFB-PREV-PARC60                                   703.963,38D"
            },
            {
                "nomeBeneficio": "                  RFB-RET DARF                                    1.627.850,98D"
            },
            {
                "nomeBeneficio": "                  DEDUCAO FUNDEB                                  2.138.727,52D"
            },
            {
                "nomeBeneficio": ""
            },
            {
                "nomeBeneficio": "                  DEBITO FUNDO                                    4.577.478,22D"
            },
            {
                "nomeBeneficio": "                  CREDITO FUNDO                                  10.693.637,81C"
            },
            {
                "nomeBeneficio": ""
            },
            {
                "nomeBeneficio": "TOTAL DISTRIBUIDO NO PERIODO"
            },
            {
                "nomeBeneficio": ""
            },
            {
                "nomeBeneficio": "                  DEBITO BENEF.                                   4.577.478,22D"
            },
            {
                "nomeBeneficio": "                  CREDITO BENEF.                                 10.693.637,81C"
            }
        ]
    },
    "November": {
        "quantidadeBeneficio": 41,
        "indicadorContinuarPesquisa": "N",
        "quantidadeOcorrencia": [
            {
                "nomeBeneficio": "LAURO DE FREITAS                                  -BA"
            },
            {
                "nomeBeneficio": ""
            },
            {
                "nomeBeneficio": "FPM   - FUNDO DE PARTICIPACAO DOS MUNICIPIOS"
            },
            {
                "nomeBeneficio": "DATA                PARCELA                                   VALOR DISTRIBUIDO"
            },
            {
                "nomeBeneficio": ""
            },
            {
                "nomeBeneficio": "10.11.2023        PARCELA DE IPI                                    610.617,89C"
            },
            {
                "nomeBeneficio": "                  PARCELA DE IR                                   7.654.295,26C"
            },
            {
                "nomeBeneficio": "                  RETENCAO PASEP                                     82.649,12D"
            },
            {
                "nomeBeneficio": "                  RFB-PREV-PARC60                                   703.963,38D"
            },
            {
                "nomeBeneficio": "                  RFB-RET DARF                                    1.627.850,98D"
            },
            {
                "nomeBeneficio": "                  DEDUCAO FUNDEB                                  1.652.982,61D"
            },
            {
                "nomeBeneficio": "                  TOTAL NA DATA                                   4.197.467,06C"
            },
            {
                "nomeBeneficio": ""
            },
            {
                "nomeBeneficio": "20.11.2023        PARCELA DE IPI                                    215.506,98C"
            },
            {
                "nomeBeneficio": "                  PARCELA DE IR                                   1.577.418,84C"
            },
            {
                "nomeBeneficio": "                  RETENCAO PASEP                                     17.929,24D"
            },
            {
                "nomeBeneficio": "                  DEDUCAO FUNDEB                                    358.585,15D"
            },
            {
                "nomeBeneficio": "                  TOTAL NA DATA                                   1.416.411,43C"
            },
            {
                "nomeBeneficio": ""
            },
            {
                "nomeBeneficio": "30.11.2023        PARCELA DE IPI                                    208.672,47C"
            },
            {
                "nomeBeneficio": "                  PARCELA DE IR                                   3.608.103,46C"
            },
            {
                "nomeBeneficio": "                  RETENCAO PASEP                                     38.167,74D"
            },
            {
                "nomeBeneficio": "                  DEDUCAO FUNDEB                                    763.355,17D"
            },
            {
                "nomeBeneficio": "                  TOTAL NA DATA                                   3.015.253,02C"
            },
            {
                "nomeBeneficio": ""
            },
            {
                "nomeBeneficio": "TOTAL POR PARCELA / NATUREZA"
            },
            {
                "nomeBeneficio": ""
            },
            {
                "nomeBeneficio": "                  PARCELA DE IPI                                  1.034.797,34C"
            },
            {
                "nomeBeneficio": "                  PARCELA DE IR                                  12.839.817,56C"
            },
            {
                "nomeBeneficio": "                  RETENCAO PASEP                                    138.746,10D"
            },
            {
                "nomeBeneficio": "                  RFB-PREV-PARC60                                   703.963,38D"
            },
            {
                "nomeBeneficio": "                  RFB-RET DARF                                    1.627.850,98D"
            },
            {
                "nomeBeneficio": "                  DEDUCAO FUNDEB                                  2.774.922,93D"
            },
            {
                "nomeBeneficio": ""
            },
            {
                "nomeBeneficio": "                  DEBITO FUNDO                                    5.245.483,39D"
            },
            {
                "nomeBeneficio": "                  CREDITO FUNDO                                  13.874.614,90C"
            },
            {
                "nomeBeneficio": ""
            },
            {
                "nomeBeneficio": "TOTAL DISTRIBUIDO NO PERIODO"
            },
            {
                "nomeBeneficio": ""
            },
            {
                "nomeBeneficio": "                  DEBITO BENEF.                                   5.245.483,39D"
            },
            {
                "nomeBeneficio": "                  CREDITO BENEF.                                 13.874.614,90C"
            }
        ]
    },
    "December": {
        "quantidadeBeneficio": 47,
        "indicadorContinuarPesquisa": "N",
        "quantidadeOcorrencia": [
            {
                "nomeBeneficio": "LAURO DE FREITAS                                  -BA"
            },
            {
                "nomeBeneficio": ""
            },
            {
                "nomeBeneficio": "FPM   - FUNDO DE PARTICIPACAO DOS MUNICIPIOS"
            },
            {
                "nomeBeneficio": "DATA                PARCELA                                   VALOR DISTRIBUIDO"
            },
            {
                "nomeBeneficio": ""
            },
            {
                "nomeBeneficio": "07.12.2023        PARCELA DE IPI                                    526.473,38C"
            },
            {
                "nomeBeneficio": "                  PARCELA DE IR                                   6.241.667,57C"
            },
            {
                "nomeBeneficio": "                  RETENCAO PASEP                                     67.681,38D"
            },
            {
                "nomeBeneficio": "                  TOTAL NA DATA                                   6.700.459,57C"
            },
            {
                "nomeBeneficio": ""
            },
            {
                "nomeBeneficio": "08.12.2023        PARCELA DE IPI                                    597.173,99C"
            },
            {
                "nomeBeneficio": "                  PARCELA DE IR                                   5.369.559,88C"
            },
            {
                "nomeBeneficio": "                  RETENCAO PASEP                                     59.667,31D"
            },
            {
                "nomeBeneficio": "                  RFB-PREV-PARC60                                   703.963,38D"
            },
            {
                "nomeBeneficio": "                  RFB-RET DARF                                    1.627.850,98D"
            },
            {
                "nomeBeneficio": "                  DEDUCAO FUNDEB                                  1.193.346,75D"
            },
            {
                "nomeBeneficio": "                  TOTAL NA DATA                                   2.381.905,45C"
            },
            {
                "nomeBeneficio": ""
            },
            {
                "nomeBeneficio": "20.12.2023        PARCELA DE IPI                                    282.671,98C"
            },
            {
                "nomeBeneficio": "                  PARCELA DE IR                                   3.824.484,58C"
            },
            {
                "nomeBeneficio": "                  RETENCAO PASEP                                     41.071,54D"
            },
            {
                "nomeBeneficio": "                  DEDUCAO FUNDEB                                    821.431,29D"
            },
            {
                "nomeBeneficio": "                  TOTAL NA DATA                                   3.244.653,73C"
            },
            {
                "nomeBeneficio": ""
            },
            {
                "nomeBeneficio": "28.12.2023        PARCELA DE IPI                                    246.728,34C"
            },
            {
                "nomeBeneficio": "                  PARCELA DE IR                                   4.945.102,36C"
            },
            {
                "nomeBeneficio": "                  RETENCAO PASEP                                     51.918,28D"
            },
            {
                "nomeBeneficio": "                  RFB-RET DARF                                      132.540,00D"
            },
            {
                "nomeBeneficio": "                  DEDUCAO FUNDEB                                  1.038.366,12D"
            },
            {
                "nomeBeneficio": "                  TOTAL NA DATA                                   3.969.006,30C"
            },
            {
                "nomeBeneficio": ""
            },
            {
                "nomeBeneficio": "TOTAL POR PARCELA / NATUREZA"
            },
            {
                "nomeBeneficio": ""
            },
            {
                "nomeBeneficio": "                  PARCELA DE IPI                                  1.653.047,69C"
            },
            {
                "nomeBeneficio": "                  PARCELA DE IR                                  20.380.814,39C"
            },
            {
                "nomeBeneficio": "                  RETENCAO PASEP                                    220.338,51D"
            },
            {
                "nomeBeneficio": "                  RFB-PREV-PARC60                                   703.963,38D"
            },
            {
                "nomeBeneficio": "                  RFB-RET DARF                                    1.760.390,98D"
            },
            {
                "nomeBeneficio": "                  DEDUCAO FUNDEB                                  3.053.144,16D"
            },
            {
                "nomeBeneficio": ""
            },
            {
                "nomeBeneficio": "                  DEBITO FUNDO                                    5.737.837,03D"
            },
            {
                "nomeBeneficio": "                  CREDITO FUNDO                                  22.033.862,08C"
            },
            {
                "nomeBeneficio": ""
            },
            {
                "nomeBeneficio": "TOTAL DISTRIBUIDO NO PERIODO"
            },
            {
                "nomeBeneficio": ""
            },
            {
                "nomeBeneficio": "                  DEBITO BENEF.                                   5.737.837,03D"
            },
            {
                "nomeBeneficio": "                  CREDITO BENEF.                                 22.033.862,08C"
            }
        ]
    }
}