{
    "January": {
        "quantidadeBeneficio": 43,
        "indicadorContinuarPesquisa": "N",
        "quantidadeOcorrencia": [
            {
                "nomeBeneficio": "JUAZEIRO                                          -BA"
            },
            {
                "nomeBeneficio": ""
            },
            {
                "nomeBeneficio": "FPM   - FUNDO DE PARTICIPACAO DOS MUNICIPIOS"
            },
            {
                "nomeBeneficio": "DATA                PARCELA                                   VALOR DISTRIBUIDO"
            },
            {
                "nomeBeneficio": ""
            },
            {
                "nomeBeneficio": "10.01.2023        PARCELA DE IPI                                    598.961,39C"
            },
            {
                "nomeBeneficio": "                  PARCELA DE IR                                   5.519.124,97C"
            },
            {
                "nomeBeneficio": "                  RETENCAO PASEP                                     61.180,85D"
            },
            {
                "nomeBeneficio": "                  RFB-PREV-PARC60                                   516.898,31D"
            },
            {
                "nomeBeneficio": "                  DEDUCAO SAUDE                                     917.712,94D"
            },
            {
                "nomeBeneficio": "                  DEDUCAO FUNDEB                                  1.223.617,25D"
            },
            {
                "nomeBeneficio": "                  TOTAL NA DATA                                   3.398.677,01C"
            },
            {
                "nomeBeneficio": ""
            },
            {
                "nomeBeneficio": "20.01.2023        PARCELA DE IPI                                    297.018,93C"
            },
            {
                "nomeBeneficio": "                  PARCELA DE IR                                   2.063.568,58C"
            },
            {
                "nomeBeneficio": "                  RETENCAO PASEP                                     23.605,85D"
            },
            {
                "nomeBeneficio": "                  DEDUCAO SAUDE                                     354.088,11D"
            },
            {
                "nomeBeneficio": "                  DEDUCAO FUNDEB                                    472.117,49D"
            },
            {
                "nomeBeneficio": "                  TOTAL NA DATA                                   1.510.776,06C"
            },
            {
                "nomeBeneficio": ""
            },
            {
                "nomeBeneficio": "30.01.2023        PARCELA DE IPI                                    160.477,77C"
            },
            {
                "nomeBeneficio": "                  PARCELA DE IR                                   5.292.570,42C"
            },
            {
                "nomeBeneficio": "                  RETENCAO PASEP                                     54.530,46D"
            },
            {
                "nomeBeneficio": "                  DEDUCAO SAUDE                                     817.957,22D"
            },
            {
                "nomeBeneficio": "                  DEDUCAO FUNDEB                                  1.090.609,62D"
            },
            {
                "nomeBeneficio": "                  TOTAL NA DATA                                   3.489.950,89C"
            },
            {
                "nomeBeneficio": ""
            },
            {
                "nomeBeneficio": "TOTAL POR PARCELA / NATUREZA"
            },
            {
                "nomeBeneficio": ""
            },
            {
                "nomeBeneficio": "                  PARCELA DE IPI                                  1.056.458,09C"
            },
            {
                "nomeBeneficio": "                  PARCELA DE IR                                  12.875.263,97C"
            },
            {
                "nomeBeneficio": "                  RETENCAO PASEP                                    139.317,16D"
            },
            {
                "nomeBeneficio": "                  RFB-PREV-PARC60                                   516.898,31D"
            },
            {
                "nomeBeneficio": "                  DEDUCAO SAUDE                                   2.089.758,27D"
            },
            {
                "nomeBeneficio": "                  DEDUCAO FUNDEB                                  2.786.344,36D"
            },
            {
                "nomeBeneficio": ""
            },
            {
                "nomeBeneficio": "                  DEBITO FUNDO                                    5.532.318,10D"
            },
            {
                "nomeBeneficio": "                  CREDITO FUNDO                                  13.931.722,06C"
            },
            {
                "nomeBeneficio": ""
            },
            {
                "nomeBeneficio": "TOTAL DISTRIBUIDO NO PERIODO"
            },
            {
                "nomeBeneficio": ""
            },
            {
                "nomeBeneficio": "                  DEBITO BENEF.                                   5.532.318,10D"
            },
            {
                "nomeBeneficio": "                  CREDITO BENEF.                                 13.931.722,06C"
            }
        ]
    },
    "February": {
        "quantidadeBeneficio": 43,
        "indicadorContinuarPesquisa": "N",
        "quantidadeOcorrencia": [
            {
                "nomeBeneficio": "JUAZEIRO                                          -BA"
            },
            {
                "nomeBeneficio": ""
            },
            {
                "nomeBeneficio": "FPM   - FUNDO DE PARTICIPACAO DOS MUNICIPIOS"
            },
            {
                "nomeBeneficio": "DATA                PARCELA                                   VALOR DISTRIBUIDO"
            },
            {
                "nomeBeneficio": ""
            },
            {
                "nomeBeneficio": "10.02.2023        PARCELA DE IPI                                    567.468,94C"
            },
            {
                "nomeBeneficio": "                  PARCELA DE IR                                  13.381.929,80C"
            },
            {
                "nomeBeneficio": "                  RETENCAO PASEP                                    139.493,97D"
            },
            {
                "nomeBeneficio": "                  RFB-PREV-PARC60                                   520.069,29D"
            },
            {
                "nomeBeneficio": "                  DEDUCAO SAUDE                                   2.092.409,79D"
            },
            {
                "nomeBeneficio": "                  DEDUCAO FUNDEB                                  2.789.879,73D"
            },
            {
                "nomeBeneficio": "                  TOTAL NA DATA                                   8.407.545,96C"
            },
            {
                "nomeBeneficio": ""
            },
            {
                "nomeBeneficio": "17.02.2023        PARCELA DE IPI                                    103.128,67C"
            },
            {
                "nomeBeneficio": "                  PARCELA DE IR                                   1.239.714,48C"
            },
            {
                "nomeBeneficio": "                  RETENCAO PASEP                                     13.428,42D"
            },
            {
                "nomeBeneficio": "                  DEDUCAO SAUDE                                     201.426,47D"
            },
            {
                "nomeBeneficio": "                  DEDUCAO FUNDEB                                    268.568,61D"
            },
            {
                "nomeBeneficio": "                  TOTAL NA DATA                                     859.419,65C"
            },
            {
                "nomeBeneficio": ""
            },
            {
                "nomeBeneficio": "28.02.2023        PARCELA DE IPI                                     75.785,07C"
            },
            {
                "nomeBeneficio": "                  PARCELA DE IR                                   3.253.960,84C"
            },
            {
                "nomeBeneficio": "                  RETENCAO PASEP                                     33.297,44D"
            },
            {
                "nomeBeneficio": "                  DEDUCAO SAUDE                                     499.461,86D"
            },
            {
                "nomeBeneficio": "                  DEDUCAO FUNDEB                                    665.949,17D"
            },
            {
                "nomeBeneficio": "                  TOTAL NA DATA                                   2.131.037,44C"
            },
            {
                "nomeBeneficio": ""
            },
            {
                "nomeBeneficio": "TOTAL POR PARCELA / NATUREZA"
            },
            {
                "nomeBeneficio": ""
            },
            {
                "nomeBeneficio": "                  PARCELA DE IPI                                    746.382,68C"
            },
            {
                "nomeBeneficio": "                  PARCELA DE IR                                  17.875.605,12C"
            },
            {
                "nomeBeneficio": "                  RETENCAO PASEP                                    186.219,83D"
            },
            {
                "nomeBeneficio": "                  RFB-PREV-PARC60                                   520.069,29D"
            },
            {
                "nomeBeneficio": "                  DEDUCAO SAUDE                                   2.793.298,12D"
            },
            {
                "nomeBeneficio": "                  DEDUCAO FUNDEB                                  3.724.397,51D"
            },
            {
                "nomeBeneficio": ""
            },
            {
                "nomeBeneficio": "                  DEBITO FUNDO                                    7.223.984,75D"
            },
            {
                "nomeBeneficio": "                  CREDITO FUNDO                                  18.621.987,80C"
            },
            {
                "nomeBeneficio": ""
            },
            {
                "nomeBeneficio": "TOTAL DISTRIBUIDO NO PERIODO"
            },
            {
                "nomeBeneficio": ""
            },
            {
                "nomeBeneficio": "                  DEBITO BENEF.                                   7.223.984,75D"
            },
            {
                "nomeBeneficio": "                  CREDITO BENEF.                                 18.621.987,80C"
            }
        ]
    },
    "March": {
        "quantidadeBeneficio": 43,
        "indicadorContinuarPesquisa": "N",
        "quantidadeOcorrencia": [
            {
                "nomeBeneficio": "JUAZEIRO                                          -BA"
            },
            {
                "nomeBeneficio": ""
            },
            {
                "nomeBeneficio": "FPM   - FUNDO DE PARTICIPACAO DOS MUNICIPIOS"
            },
            {
                "nomeBeneficio": "DATA                PARCELA                                   VALOR DISTRIBUIDO"
            },
            {
                "nomeBeneficio": ""
            },
            {
                "nomeBeneficio": "10.03.2023        PARCELA DE IPI                                    638.422,96C"
            },
            {
                "nomeBeneficio": "                  PARCELA DE IR                                   5.186.576,05C"
            },
            {
                "nomeBeneficio": "                  RETENCAO PASEP                                     58.249,97D"
            },
            {
                "nomeBeneficio": "                  RFB-PREV-PARC60                                   522.674,03D"
            },
            {
                "nomeBeneficio": "                  DEDUCAO SAUDE                                     873.749,82D"
            },
            {
                "nomeBeneficio": "                  DEDUCAO FUNDEB                                  1.164.999,78D"
            },
            {
                "nomeBeneficio": "                  TOTAL NA DATA                                   3.205.325,41C"
            },
            {
                "nomeBeneficio": ""
            },
            {
                "nomeBeneficio": "20.03.2023        PARCELA DE IPI                                    128.327,50C"
            },
            {
                "nomeBeneficio": "                  PARCELA DE IR                                   1.155.718,00C"
            },
            {
                "nomeBeneficio": "                  RETENCAO PASEP                                     12.840,43D"
            },
            {
                "nomeBeneficio": "                  DEDUCAO SAUDE                                     192.606,81D"
            },
            {
                "nomeBeneficio": "                  DEDUCAO FUNDEB                                    256.809,09D"
            },
            {
                "nomeBeneficio": "                  TOTAL NA DATA                                     821.789,17C"
            },
            {
                "nomeBeneficio": ""
            },
            {
                "nomeBeneficio": "30.03.2023        PARCELA DE IPI                                    155.887,54C"
            },
            {
                "nomeBeneficio": "                  PARCELA DE IR                                   4.097.879,53C"
            },
            {
                "nomeBeneficio": "                  RETENCAO PASEP                                     42.537,65D"
            },
            {
                "nomeBeneficio": "                  DEDUCAO SAUDE                                     638.065,04D"
            },
            {
                "nomeBeneficio": "                  DEDUCAO FUNDEB                                    850.753,40D"
            },
            {
                "nomeBeneficio": "                  TOTAL NA DATA                                   2.722.410,98C"
            },
            {
                "nomeBeneficio": ""
            },
            {
                "nomeBeneficio": "TOTAL POR PARCELA / NATUREZA"
            },
            {
                "nomeBeneficio": ""
            },
            {
                "nomeBeneficio": "                  PARCELA DE IPI                                    922.638,00C"
            },
            {
                "nomeBeneficio": "                  PARCELA DE IR                                  10.440.173,58C"
            },
            {
                "nomeBeneficio": "                  RETENCAO PASEP                                    113.628,05D"
            },
            {
                "nomeBeneficio": "                  RFB-PREV-PARC60                                   522.674,03D"
            },
            {
                "nomeBeneficio": "                  DEDUCAO SAUDE                                   1.704.421,67D"
            },
            {
                "nomeBeneficio": "                  DEDUCAO FUNDEB                                  2.272.562,27D"
            },
            {
                "nomeBeneficio": ""
            },
            {
                "nomeBeneficio": "                  DEBITO FUNDO                                    4.613.286,02D"
            },
            {
                "nomeBeneficio": "                  CREDITO FUNDO                                  11.362.811,58C"
            },
            {
                "nomeBeneficio": ""
            },
            {
                "nomeBeneficio": "TOTAL DISTRIBUIDO NO PERIODO"
            },
            {
                "nomeBeneficio": ""
            },
            {
                "nomeBeneficio": "                  DEBITO BENEF.                                   4.613.286,02D"
            },
            {
                "nomeBeneficio": "                  CREDITO BENEF.                                 11.362.811,58C"
            }
        ]
    },
    "April": {
        "quantidadeBeneficio": 43,
        "indicadorContinuarPesquisa": "N",
        "quantidadeOcorrencia": [
            {
                "nomeBeneficio": "JUAZEIRO                                          -BA"
            },
            {
                "nomeBeneficio": ""
            },
            {
                "nomeBeneficio": "FPM   - FUNDO DE PARTICIPACAO DOS MUNICIPIOS"
            },
            {
                "nomeBeneficio": "DATA                PARCELA                                   VALOR DISTRIBUIDO"
            },
            {
                "nomeBeneficio": ""
            },
            {
                "nomeBeneficio": "10.04.2023        PARCELA DE IPI                                    726.170,91C"
            },
            {
                "nomeBeneficio": "                  PARCELA DE IR                                   5.556.820,28C"
            },
            {
                "nomeBeneficio": "                  RETENCAO PASEP                                     62.829,89D"
            },
            {
                "nomeBeneficio": "                  RFB-PREV-PARC60                                   525.986,57D"
            },
            {
                "nomeBeneficio": "                  DEDUCAO SAUDE                                     942.448,66D"
            },
            {
                "nomeBeneficio": "                  DEDUCAO FUNDEB                                  1.256.598,22D"
            },
            {
                "nomeBeneficio": "                  TOTAL NA DATA                                   3.495.127,85C"
            },
            {
                "nomeBeneficio": ""
            },
            {
                "nomeBeneficio": "20.04.2023        PARCELA DE IPI                                    114.476,98C"
            },
            {
                "nomeBeneficio": "                  PARCELA DE IR                                   1.498.624,79C"
            },
            {
                "nomeBeneficio": "                  RETENCAO PASEP                                     16.131,00D"
            },
            {
                "nomeBeneficio": "                  DEDUCAO SAUDE                                     241.965,24D"
            },
            {
                "nomeBeneficio": "                  DEDUCAO FUNDEB                                    322.620,34D"
            },
            {
                "nomeBeneficio": "                  TOTAL NA DATA                                   1.032.385,19C"
            },
            {
                "nomeBeneficio": ""
            },
            {
                "nomeBeneficio": "28.04.2023        PARCELA DE IPI                                    142.950,47C"
            },
            {
                "nomeBeneficio": "                  PARCELA DE IR                                   4.952.196,19C"
            },
            {
                "nomeBeneficio": "                  RETENCAO PASEP                                     50.951,45D"
            },
            {
                "nomeBeneficio": "                  DEDUCAO SAUDE                                     764.271,98D"
            },
            {
                "nomeBeneficio": "                  DEDUCAO FUNDEB                                  1.019.029,32D"
            },
            {
                "nomeBeneficio": "                  TOTAL NA DATA                                   3.260.893,91C"
            },
            {
                "nomeBeneficio": ""
            },
            {
                "nomeBeneficio": "TOTAL POR PARCELA / NATUREZA"
            },
            {
                "nomeBeneficio": ""
            },
            {
                "nomeBeneficio": "                  PARCELA DE IPI                                    983.598,36C"
            },
            {
                "nomeBeneficio": "                  PARCELA DE IR                                  12.007.641,26C"
            },
            {
                "nomeBeneficio": "                  RETENCAO PASEP                                    129.912,34D"
            },
            {
                "nomeBeneficio": "                  RFB-PREV-PARC60                                   525.986,57D"
            },
            {
                "nomeBeneficio": "                  DEDUCAO SAUDE                                   1.948.685,88D"
            },
            {
                "nomeBeneficio": "                  DEDUCAO FUNDEB                                  2.598.247,88D"
            },
            {
                "nomeBeneficio": ""
            },
            {
                "nomeBeneficio": "                  DEBITO FUNDO                                    5.202.832,67D"
            },
            {
                "nomeBeneficio": "                  CREDITO FUNDO                                  12.991.239,62C"
            },
            {
                "nomeBeneficio": ""
            },
            {
                "nomeBeneficio": "TOTAL DISTRIBUIDO NO PERIODO"
            },
            {
                "nomeBeneficio": ""
            },
            {
                "nomeBeneficio": "                  DEBITO BENEF.                                   5.202.832,67D"
            },
            {
                "nomeBeneficio": "                  CREDITO BENEF.                                 12.991.239,62C"
            }
        ]
    },
    "May": {
        "quantidadeBeneficio": 43,
        "indicadorContinuarPesquisa": "N",
        "quantidadeOcorrencia": [
            {
                "nomeBeneficio": "JUAZEIRO                                          -BA"
            },
            {
                "nomeBeneficio": ""
            },
            {
                "nomeBeneficio": "FPM   - FUNDO DE PARTICIPACAO DOS MUNICIPIOS"
            },
            {
                "nomeBeneficio": "DATA                PARCELA                                   VALOR DISTRIBUIDO"
            },
            {
                "nomeBeneficio": ""
            },
            {
                "nomeBeneficio": "10.05.2023        PARCELA DE IPI                                    605.455,88C"
            },
            {
                "nomeBeneficio": "                  PARCELA DE IR                                   7.900.380,01C"
            },
            {
                "nomeBeneficio": "                  RETENCAO PASEP                                     85.058,34D"
            },
            {
                "nomeBeneficio": "                  RFB-PREV-PARC60                                   528.591,31D"
            },
            {
                "nomeBeneficio": "                  DEDUCAO SAUDE                                   1.275.875,37D"
            },
            {
                "nomeBeneficio": "                  DEDUCAO FUNDEB                                  1.701.167,17D"
            },
            {
                "nomeBeneficio": "                  TOTAL NA DATA                                   4.915.143,70C"
            },
            {
                "nomeBeneficio": ""
            },
            {
                "nomeBeneficio": "19.05.2023        PARCELA DE IPI                                    171.268,32C"
            },
            {
                "nomeBeneficio": "                  PARCELA DE IR                                   1.509.237,29C"
            },
            {
                "nomeBeneficio": "                  RETENCAO PASEP                                     16.805,04D"
            },
            {
                "nomeBeneficio": "                  DEDUCAO SAUDE                                     252.075,82D"
            },
            {
                "nomeBeneficio": "                  DEDUCAO FUNDEB                                    336.101,11D"
            },
            {
                "nomeBeneficio": "                  TOTAL NA DATA                                   1.075.523,64C"
            },
            {
                "nomeBeneficio": ""
            },
            {
                "nomeBeneficio": "30.05.2023        PARCELA DE IPI                                    107.512,84C"
            },
            {
                "nomeBeneficio": "                  PARCELA DE IR                                   4.137.245,82C"
            },
            {
                "nomeBeneficio": "                  RETENCAO PASEP                                     42.447,57D"
            },
            {
                "nomeBeneficio": "                  DEDUCAO SAUDE                                     636.713,78D"
            },
            {
                "nomeBeneficio": "                  DEDUCAO FUNDEB                                    848.951,72D"
            },
            {
                "nomeBeneficio": "                  TOTAL NA DATA                                   2.716.645,59C"
            },
            {
                "nomeBeneficio": ""
            },
            {
                "nomeBeneficio": "TOTAL POR PARCELA / NATUREZA"
            },
            {
                "nomeBeneficio": ""
            },
            {
                "nomeBeneficio": "                  PARCELA DE IPI                                    884.237,04C"
            },
            {
                "nomeBeneficio": "                  PARCELA DE IR                                  13.546.863,12C"
            },
            {
                "nomeBeneficio": "                  RETENCAO PASEP                                    144.310,95D"
            },
            {
                "nomeBeneficio": "                  RFB-PREV-PARC60                                   528.591,31D"
            },
            {
                "nomeBeneficio": "                  DEDUCAO SAUDE                                   2.164.664,97D"
            },
            {
                "nomeBeneficio": "                  DEDUCAO FUNDEB                                  2.886.220,00D"
            },
            {
                "nomeBeneficio": ""
            },
            {
                "nomeBeneficio": "                  DEBITO FUNDO                                    5.723.787,23D"
            },
            {
                "nomeBeneficio": "                  CREDITO FUNDO                                  14.431.100,16C"
            },
            {
                "nomeBeneficio": ""
            },
            {
                "nomeBeneficio": "TOTAL DISTRIBUIDO NO PERIODO"
            },
            {
                "nomeBeneficio": ""
            },
            {
                "nomeBeneficio": "                  DEBITO BENEF.                                   5.723.787,23D"
            },
            {
                "nomeBeneficio": "                  CREDITO BENEF.                                 14.431.100,16C"
            }
        ]
    },
    "June": {
        "quantidadeBeneficio": 43,
        "indicadorContinuarPesquisa": "N",
        "quantidadeOcorrencia": [
            {
                "nomeBeneficio": "JUAZEIRO                                          -BA"
            },
            {
                "nomeBeneficio": ""
            },
            {
                "nomeBeneficio": "FPM   - FUNDO DE PARTICIPACAO DOS MUNICIPIOS"
            },
            {
                "nomeBeneficio": "DATA                PARCELA                                   VALOR DISTRIBUIDO"
            },
            {
                "nomeBeneficio": ""
            },
            {
                "nomeBeneficio": "09.06.2023        PARCELA DE IPI                                    745.102,12C"
            },
            {
                "nomeBeneficio": "                  PARCELA DE IR                                   5.163.014,70C"
            },
            {
                "nomeBeneficio": "                  RETENCAO PASEP                                     59.081,14D"
            },
            {
                "nomeBeneficio": "                  RFB-PREV-PARC60                                   531.762,29D"
            },
            {
                "nomeBeneficio": "                  DEDUCAO SAUDE                                     886.217,51D"
            },
            {
                "nomeBeneficio": "                  DEDUCAO FUNDEB                                  1.181.623,34D"
            },
            {
                "nomeBeneficio": "                  TOTAL NA DATA                                   3.249.432,54C"
            },
            {
                "nomeBeneficio": ""
            },
            {
                "nomeBeneficio": "20.06.2023        PARCELA DE IPI                                    187.131,96C"
            },
            {
                "nomeBeneficio": "                  PARCELA DE IR                                   3.225.590,70C"
            },
            {
                "nomeBeneficio": "                  RETENCAO PASEP                                     34.127,21D"
            },
            {
                "nomeBeneficio": "                  DEDUCAO SAUDE                                     511.908,39D"
            },
            {
                "nomeBeneficio": "                  DEDUCAO FUNDEB                                    682.544,52D"
            },
            {
                "nomeBeneficio": "                  TOTAL NA DATA                                   2.184.142,54C"
            },
            {
                "nomeBeneficio": ""
            },
            {
                "nomeBeneficio": "30.06.2023        PARCELA DE IPI                                    167.939,73C"
            },
            {
                "nomeBeneficio": "                  PARCELA DE IR                                   3.965.730,24C"
            },
            {
                "nomeBeneficio": "                  RETENCAO PASEP                                     41.336,68D"
            },
            {
                "nomeBeneficio": "                  DEDUCAO SAUDE                                     620.050,48D"
            },
            {
                "nomeBeneficio": "                  DEDUCAO FUNDEB                                    826.733,98D"
            },
            {
                "nomeBeneficio": "                  TOTAL NA DATA                                   2.645.548,83C"
            },
            {
                "nomeBeneficio": ""
            },
            {
                "nomeBeneficio": "TOTAL POR PARCELA / NATUREZA"
            },
            {
                "nomeBeneficio": ""
            },
            {
                "nomeBeneficio": "                  PARCELA DE IPI                                  1.100.173,81C"
            },
            {
                "nomeBeneficio": "                  PARCELA DE IR                                  12.354.335,64C"
            },
            {
                "nomeBeneficio": "                  RETENCAO PASEP                                    134.545,03D"
            },
            {
                "nomeBeneficio": "                  RFB-PREV-PARC60                                   531.762,29D"
            },
            {
                "nomeBeneficio": "                  DEDUCAO SAUDE                                   2.018.176,38D"
            },
            {
                "nomeBeneficio": "                  DEDUCAO FUNDEB                                  2.690.901,84D"
            },
            {
                "nomeBeneficio": ""
            },
            {
                "nomeBeneficio": "                  DEBITO FUNDO                                    5.375.385,54D"
            },
            {
                "nomeBeneficio": "                  CREDITO FUNDO                                  13.454.509,45C"
            },
            {
                "nomeBeneficio": ""
            },
            {
                "nomeBeneficio": "TOTAL DISTRIBUIDO NO PERIODO"
            },
            {
                "nomeBeneficio": ""
            },
            {
                "nomeBeneficio": "                  DEBITO BENEF.                                   5.375.385,54D"
            },
            {
                "nomeBeneficio": "                  CREDITO BENEF.                                 13.454.509,45C"
            }
        ]
    },
    "July": {
        "quantidadeBeneficio": 55,
        "indicadorContinuarPesquisa": "N",
        "quantidadeOcorrencia": [
            {
                "nomeBeneficio": "JUAZEIRO                                          -BA"
            },
            {
                "nomeBeneficio": ""
            },
            {
                "nomeBeneficio": "FPM   - FUNDO DE PARTICIPACAO DOS MUNICIPIOS"
            },
            {
                "nomeBeneficio": "DATA                PARCELA                                   VALOR DISTRIBUIDO"
            },
            {
                "nomeBeneficio": ""
            },
            {
                "nomeBeneficio": "10.07.2023        PARCELA DE IPI                                  1.213.616,02C"
            },
            {
                "nomeBeneficio": "                  PARCELA DE IR                                   9.829.621,46C"
            },
            {
                "nomeBeneficio": "                  AJ DED FUNDEB                                      29.970,56C"
            },
            {
                "nomeBeneficio": "                  AJ DED PASEP                                        1.498,50C"
            },
            {
                "nomeBeneficio": "                  AJUSTE FPM                                         13.422,02C"
            },
            {
                "nomeBeneficio": "                  RETENCAO PASEP                                    110.432,34D"
            },
            {
                "nomeBeneficio": "                  RFB-PREV-PARC60                                   534.791,71D"
            },
            {
                "nomeBeneficio": "                  DEDUCAO SAUDE                                     635.851,86D"
            },
            {
                "nomeBeneficio": "                  DEDUCAO FUNDEB                                    847.802,48D"
            },
            {
                "nomeBeneficio": "                  AJ DED FUNDEB                                       2.684,42D"
            },
            {
                "nomeBeneficio": "                  AJ DED PASEP                                          134,22D"
            },
            {
                "nomeBeneficio": "                  AJUSTE FPM                                        149.852,81D"
            },
            {
                "nomeBeneficio": "                  TOTAL NA DATA                                   8.806.578,72C"
            },
            {
                "nomeBeneficio": ""
            },
            {
                "nomeBeneficio": "20.07.2023        PARCELA DE IPI                                    186.160,98C"
            },
            {
                "nomeBeneficio": "                  PARCELA DE IR                                   1.314.413,19C"
            },
            {
                "nomeBeneficio": "                  RETENCAO PASEP                                     15.005,72D"
            },
            {
                "nomeBeneficio": "                  DEDUCAO SAUDE                                     225.086,11D"
            },
            {
                "nomeBeneficio": "                  DEDUCAO FUNDEB                                    300.114,82D"
            },
            {
                "nomeBeneficio": "                  TOTAL NA DATA                                     960.367,52C"
            },
            {
                "nomeBeneficio": ""
            },
            {
                "nomeBeneficio": "28.07.2023        PARCELA DE IPI                                     93.164,26C"
            },
            {
                "nomeBeneficio": "                  PARCELA DE IR                                   4.010.431,64C"
            },
            {
                "nomeBeneficio": "                  RETENCAO PASEP                                     41.035,93D"
            },
            {
                "nomeBeneficio": "                  DEDUCAO SAUDE                                     615.539,37D"
            },
            {
                "nomeBeneficio": "                  DEDUCAO FUNDEB                                    820.719,16D"
            },
            {
                "nomeBeneficio": "                  TOTAL NA DATA                                   2.626.301,44C"
            },
            {
                "nomeBeneficio": ""
            },
            {
                "nomeBeneficio": "TOTAL POR PARCELA / NATUREZA"
            },
            {
                "nomeBeneficio": ""
            },
            {
                "nomeBeneficio": "                  PARCELA DE IPI                                  1.492.941,26C"
            },
            {
                "nomeBeneficio": "                  PARCELA DE IR                                  15.154.466,29C"
            },
            {
                "nomeBeneficio": "                  RETENCAO PASEP                                    166.473,99D"
            },
            {
                "nomeBeneficio": "                  RFB-PREV-PARC60                                   534.791,71D"
            },
            {
                "nomeBeneficio": "                  DEDUCAO SAUDE                                   1.476.477,34D"
            },
            {
                "nomeBeneficio": "                  DEDUCAO FUNDEB                                  1.968.636,46D"
            },
            {
                "nomeBeneficio": "                  AJ DED FUNDEB                                      29.970,56C"
            },
            {
                "nomeBeneficio": "                  AJ DED FUNDEB                                       2.684,42D"
            },
            {
                "nomeBeneficio": "                  AJ DED PASEP                                        1.498,50C"
            },
            {
                "nomeBeneficio": "                  AJ DED PASEP                                          134,22D"
            },
            {
                "nomeBeneficio": "                  AJUSTE FPM                                         13.422,02C"
            },
            {
                "nomeBeneficio": "                  AJUSTE FPM                                        149.852,81D"
            },
            {
                "nomeBeneficio": ""
            },
            {
                "nomeBeneficio": "                  DEBITO FUNDO                                    4.299.050,95D"
            },
            {
                "nomeBeneficio": "                  CREDITO FUNDO                                  16.692.298,63C"
            },
            {
                "nomeBeneficio": ""
            },
            {
                "nomeBeneficio": "TOTAL DISTRIBUIDO NO PERIODO"
            },
            {
                "nomeBeneficio": ""
            },
            {
                "nomeBeneficio": "                  DEBITO BENEF.                                   4.299.050,95D"
            },
            {
                "nomeBeneficio": "                  CREDITO BENEF.                                 16.692.298,63C"
            }
        ]
    },
    "August": {
        "quantidadeBeneficio": 43,
        "indicadorContinuarPesquisa": "N",
        "quantidadeOcorrencia": [
            {
                "nomeBeneficio": "JUAZEIRO                                          -BA"
            },
            {
                "nomeBeneficio": ""
            },
            {
                "nomeBeneficio": "FPM   - FUNDO DE PARTICIPACAO DOS MUNICIPIOS"
            },
            {
                "nomeBeneficio": "DATA                PARCELA                                   VALOR DISTRIBUIDO"
            },
            {
                "nomeBeneficio": ""
            },
            {
                "nomeBeneficio": "10.08.2023        PARCELA DE IPI                                    631.979,52C"
            },
            {
                "nomeBeneficio": "                  PARCELA DE IR                                   5.798.287,73C"
            },
            {
                "nomeBeneficio": "                  RETENCAO PASEP                                     64.302,66D"
            },
            {
                "nomeBeneficio": "                  RFB-PREV-PARC60                                   537.821,13D"
            },
            {
                "nomeBeneficio": "                  DEDUCAO SAUDE                                     964.540,07D"
            },
            {
                "nomeBeneficio": "                  DEDUCAO FUNDEB                                  1.286.053,42D"
            },
            {
                "nomeBeneficio": "                  TOTAL NA DATA                                   3.577.549,97C"
            },
            {
                "nomeBeneficio": ""
            },
            {
                "nomeBeneficio": "18.08.2023        PARCELA DE IPI                                    152.001,61C"
            },
            {
                "nomeBeneficio": "                  PARCELA DE IR                                   1.315.616,55C"
            },
            {
                "nomeBeneficio": "                  RETENCAO PASEP                                     14.676,16D"
            },
            {
                "nomeBeneficio": "                  DEDUCAO SAUDE                                     220.142,71D"
            },
            {
                "nomeBeneficio": "                  DEDUCAO FUNDEB                                    293.523,63D"
            },
            {
                "nomeBeneficio": "                  TOTAL NA DATA                                     939.275,66C"
            },
            {
                "nomeBeneficio": ""
            },
            {
                "nomeBeneficio": "30.08.2023        PARCELA DE IPI                                     88.311,42C"
            },
            {
                "nomeBeneficio": "                  PARCELA DE IR                                   3.308.555,31C"
            },
            {
                "nomeBeneficio": "                  RETENCAO PASEP                                     33.968,66D"
            },
            {
                "nomeBeneficio": "                  DEDUCAO SAUDE                                     509.529,99D"
            },
            {
                "nomeBeneficio": "                  DEDUCAO FUNDEB                                    679.373,34D"
            },
            {
                "nomeBeneficio": "                  TOTAL NA DATA                                   2.173.994,74C"
            },
            {
                "nomeBeneficio": ""
            },
            {
                "nomeBeneficio": "TOTAL POR PARCELA / NATUREZA"
            },
            {
                "nomeBeneficio": ""
            },
            {
                "nomeBeneficio": "                  PARCELA DE IPI                                    872.292,55C"
            },
            {
                "nomeBeneficio": "                  PARCELA DE IR                                  10.422.459,59C"
            },
            {
                "nomeBeneficio": "                  RETENCAO PASEP                                    112.947,48D"
            },
            {
                "nomeBeneficio": "                  RFB-PREV-PARC60                                   537.821,13D"
            },
            {
                "nomeBeneficio": "                  DEDUCAO SAUDE                                   1.694.212,77D"
            },
            {
                "nomeBeneficio": "                  DEDUCAO FUNDEB                                  2.258.950,39D"
            },
            {
                "nomeBeneficio": ""
            },
            {
                "nomeBeneficio": "                  DEBITO FUNDO                                    4.603.931,77D"
            },
            {
                "nomeBeneficio": "                  CREDITO FUNDO                                  11.294.752,14C"
            },
            {
                "nomeBeneficio": ""
            },
            {
                "nomeBeneficio": "TOTAL DISTRIBUIDO NO PERIODO"
            },
            {
                "nomeBeneficio": ""
            },
            {
                "nomeBeneficio": "                  DEBITO BENEF.                                   4.603.931,77D"
            },
            {
                "nomeBeneficio": "                  CREDITO BENEF.                                 11.294.752,14C"
            }
        ]
    },
    "September": {
        "quantidadeBeneficio": 43,
        "indicadorContinuarPesquisa": "N",
        "quantidadeOcorrencia": [
            {
                "nomeBeneficio": "JUAZEIRO                                          -BA"
            },
            {
                "nomeBeneficio": ""
            },
            {
                "nomeBeneficio": "FPM   - FUNDO DE PARTICIPACAO DOS MUNICIPIOS"
            },
            {
                "nomeBeneficio": "DATA                PARCELA                                   VALOR DISTRIBUIDO"
            },
            {
                "nomeBeneficio": ""
            },
            {
                "nomeBeneficio": "08.09.2023        PARCELA DE IPI                                    858.899,83C"
            },
            {
                "nomeBeneficio": "                  PARCELA DE IR                                   4.977.379,84C"
            },
            {
                "nomeBeneficio": "                  RETENCAO PASEP                                     58.362,77D"
            },
            {
                "nomeBeneficio": "                  RFB-PREV-PARC60                                   541.048,74D"
            },
            {
                "nomeBeneficio": "                  DEDUCAO SAUDE                                     623.417,96D"
            },
            {
                "nomeBeneficio": "                  DEDUCAO FUNDEB                                    831.223,96D"
            },
            {
                "nomeBeneficio": "                  TOTAL NA DATA                                   3.782.226,24C"
            },
            {
                "nomeBeneficio": ""
            },
            {
                "nomeBeneficio": "20.09.2023        PARCELA DE IPI                                    114.942,35C"
            },
            {
                "nomeBeneficio": "                  PARCELA DE IR                                     950.534,96C"
            },
            {
                "nomeBeneficio": "                  RETENCAO PASEP                                     10.654,76D"
            },
            {
                "nomeBeneficio": "                  DEDUCAO SAUDE                                     159.821,57D"
            },
            {
                "nomeBeneficio": "                  DEDUCAO FUNDEB                                    213.095,45D"
            },
            {
                "nomeBeneficio": "                  TOTAL NA DATA                                     681.905,53C"
            },
            {
                "nomeBeneficio": ""
            },
            {
                "nomeBeneficio": "29.09.2023        PARCELA DE IPI                                    285.060,65C"
            },
            {
                "nomeBeneficio": "                  PARCELA DE IR                                   4.327.037,78C"
            },
            {
                "nomeBeneficio": "                  RETENCAO PASEP                                     46.120,96D"
            },
            {
                "nomeBeneficio": "                  DEDUCAO SAUDE                                     691.814,75D"
            },
            {
                "nomeBeneficio": "                  DEDUCAO FUNDEB                                    922.419,67D"
            },
            {
                "nomeBeneficio": "                  TOTAL NA DATA                                   2.951.743,05C"
            },
            {
                "nomeBeneficio": ""
            },
            {
                "nomeBeneficio": "TOTAL POR PARCELA / NATUREZA"
            },
            {
                "nomeBeneficio": ""
            },
            {
                "nomeBeneficio": "                  PARCELA DE IPI                                  1.258.902,83C"
            },
            {
                "nomeBeneficio": "                  PARCELA DE IR                                  10.254.952,58C"
            },
            {
                "nomeBeneficio": "                  RETENCAO PASEP                                    115.138,49D"
            },
            {
                "nomeBeneficio": "                  RFB-PREV-PARC60                                   541.048,74D"
            },
            {
                "nomeBeneficio": "                  DEDUCAO SAUDE                                   1.475.054,28D"
            },
            {
                "nomeBeneficio": "                  DEDUCAO FUNDEB                                  1.966.739,08D"
            },
            {
                "nomeBeneficio": ""
            },
            {
                "nomeBeneficio": "                  DEBITO FUNDO                                    4.097.980,59D"
            },
            {
                "nomeBeneficio": "                  CREDITO FUNDO                                  11.513.855,41C"
            },
            {
                "nomeBeneficio": ""
            },
            {
                "nomeBeneficio": "TOTAL DISTRIBUIDO NO PERIODO"
            },
            {
                "nomeBeneficio": ""
            },
            {
                "nomeBeneficio": "                  DEBITO BENEF.                                   4.097.980,59D"
            },
            {
                "nomeBeneficio": "                  CREDITO BENEF.                                 11.513.855,41C"
            }
        ]
    },
    "October": {
        "quantidadeBeneficio": 43,
        "indicadorContinuarPesquisa": "N",
        "quantidadeOcorrencia": [
            {
                "nomeBeneficio": "JUAZEIRO                                          -BA"
            },
            {
                "nomeBeneficio": ""
            },
            {
                "nomeBeneficio": "FPM   - FUNDO DE PARTICIPACAO DOS MUNICIPIOS"
            },
            {
                "nomeBeneficio": "DATA                PARCELA                                   VALOR DISTRIBUIDO"
            },
            {
                "nomeBeneficio": ""
            },
            {
                "nomeBeneficio": "10.10.2023        PARCELA DE IPI                                    729.772,96C"
            },
            {
                "nomeBeneficio": "                  PARCELA DE IR                                   3.932.045,14C"
            },
            {
                "nomeBeneficio": "                  RETENCAO PASEP                                     46.618,17D"
            },
            {
                "nomeBeneficio": "                  RFB-PREV-PARC60                                   543.795,03D"
            },
            {
                "nomeBeneficio": "                  DEDUCAO SAUDE                                     699.272,69D"
            },
            {
                "nomeBeneficio": "                  DEDUCAO FUNDEB                                    932.363,60D"
            },
            {
                "nomeBeneficio": "                  TOTAL NA DATA                                   2.439.768,61C"
            },
            {
                "nomeBeneficio": ""
            },
            {
                "nomeBeneficio": "20.10.2023        PARCELA DE IPI                                    333.224,50C"
            },
            {
                "nomeBeneficio": "                  PARCELA DE IR                                   1.472.337,31C"
            },
            {
                "nomeBeneficio": "                  RETENCAO PASEP                                     18.055,61D"
            },
            {
                "nomeBeneficio": "                  DEDUCAO SAUDE                                     270.834,25D"
            },
            {
                "nomeBeneficio": "                  DEDUCAO FUNDEB                                    361.112,35D"
            },
            {
                "nomeBeneficio": "                  TOTAL NA DATA                                   1.155.559,60C"
            },
            {
                "nomeBeneficio": ""
            },
            {
                "nomeBeneficio": "30.10.2023        PARCELA DE IPI                                    199.912,76C"
            },
            {
                "nomeBeneficio": "                  PARCELA DE IR                                   4.026.345,14C"
            },
            {
                "nomeBeneficio": "                  RETENCAO PASEP                                     42.262,56D"
            },
            {
                "nomeBeneficio": "                  DEDUCAO SAUDE                                     633.938,67D"
            },
            {
                "nomeBeneficio": "                  DEDUCAO FUNDEB                                    845.251,57D"
            },
            {
                "nomeBeneficio": "                  TOTAL NA DATA                                   2.704.805,10C"
            },
            {
                "nomeBeneficio": ""
            },
            {
                "nomeBeneficio": "TOTAL POR PARCELA / NATUREZA"
            },
            {
                "nomeBeneficio": ""
            },
            {
                "nomeBeneficio": "                  PARCELA DE IPI                                  1.262.910,22C"
            },
            {
                "nomeBeneficio": "                  PARCELA DE IR                                   9.430.727,59C"
            },
            {
                "nomeBeneficio": "                  RETENCAO PASEP                                    106.936,34D"
            },
            {
                "nomeBeneficio": "                  RFB-PREV-PARC60                                   543.795,03D"
            },
            {
                "nomeBeneficio": "                  DEDUCAO SAUDE                                   1.604.045,61D"
            },
            {
                "nomeBeneficio": "                  DEDUCAO FUNDEB                                  2.138.727,52D"
            },
            {
                "nomeBeneficio": ""
            },
            {
                "nomeBeneficio": "                  DEBITO FUNDO                                    4.393.504,50D"
            },
            {
                "nomeBeneficio": "                  CREDITO FUNDO                                  10.693.637,81C"
            },
            {
                "nomeBeneficio": ""
            },
            {
                "nomeBeneficio": "TOTAL DISTRIBUIDO NO PERIODO"
            },
            {
                "nomeBeneficio": ""
            },
            {
                "nomeBeneficio": "                  DEBITO BENEF.                                   4.393.504,50D"
            },
            {
                "nomeBeneficio": "                  CREDITO BENEF.                                 10.693.637,81C"
            }
        ]
    },
    "November": {
        "quantidadeBeneficio": 43,
        "indicadorContinuarPesquisa": "N",
        "quantidadeOcorrencia": [
            {
                "nomeBeneficio": "JUAZEIRO                                          -BA"
            },
            {
                "nomeBeneficio": ""
            },
            {
                "nomeBeneficio": "FPM   - FUNDO DE PARTICIPACAO DOS MUNICIPIOS"
            },
            {
                "nomeBeneficio": "DATA                PARCELA                                   VALOR DISTRIBUIDO"
            },
            {
                "nomeBeneficio": ""
            },
            {
                "nomeBeneficio": "10.11.2023        PARCELA DE IPI                                    610.617,89C"
            },
            {
                "nomeBeneficio": "                  PARCELA DE IR                                   7.654.295,26C"
            },
            {
                "nomeBeneficio": "                  RETENCAO PASEP                                     82.649,12D"
            },
            {
                "nomeBeneficio": "                  RFB-PREV-PARC60                                   546.626,27D"
            },
            {
                "nomeBeneficio": "                  DEDUCAO SAUDE                                   1.239.736,96D"
            },
            {
                "nomeBeneficio": "                  DEDUCAO FUNDEB                                  1.652.982,61D"
            },
            {
                "nomeBeneficio": "                  TOTAL NA DATA                                   4.742.918,19C"
            },
            {
                "nomeBeneficio": ""
            },
            {
                "nomeBeneficio": "20.11.2023        PARCELA DE IPI                                    215.506,98C"
            },
            {
                "nomeBeneficio": "                  PARCELA DE IR                                   1.577.418,84C"
            },
            {
                "nomeBeneficio": "                  RETENCAO PASEP                                     17.929,24D"
            },
            {
                "nomeBeneficio": "                  DEDUCAO SAUDE                                     268.938,84D"
            },
            {
                "nomeBeneficio": "                  DEDUCAO FUNDEB                                    358.585,15D"
            },
            {
                "nomeBeneficio": "                  TOTAL NA DATA                                   1.147.472,59C"
            },
            {
                "nomeBeneficio": ""
            },
            {
                "nomeBeneficio": "30.11.2023        PARCELA DE IPI                                    208.672,47C"
            },
            {
                "nomeBeneficio": "                  PARCELA DE IR                                   3.608.103,46C"
            },
            {
                "nomeBeneficio": "                  RETENCAO PASEP                                     38.167,74D"
            },
            {
                "nomeBeneficio": "                  DEDUCAO SAUDE                                     572.516,37D"
            },
            {
                "nomeBeneficio": "                  DEDUCAO FUNDEB                                    763.355,17D"
            },
            {
                "nomeBeneficio": "                  TOTAL NA DATA                                   2.442.736,65C"
            },
            {
                "nomeBeneficio": ""
            },
            {
                "nomeBeneficio": "TOTAL POR PARCELA / NATUREZA"
            },
            {
                "nomeBeneficio": ""
            },
            {
                "nomeBeneficio": "                  PARCELA DE IPI                                  1.034.797,34C"
            },
            {
                "nomeBeneficio": "                  PARCELA DE IR                                  12.839.817,56C"
            },
            {
                "nomeBeneficio": "                  RETENCAO PASEP                                    138.746,10D"
            },
            {
                "nomeBeneficio": "                  RFB-PREV-PARC60                                   546.626,27D"
            },
            {
                "nomeBeneficio": "                  DEDUCAO SAUDE                                   2.081.192,17D"
            },
            {
                "nomeBeneficio": "                  DEDUCAO FUNDEB                                  2.774.922,93D"
            },
            {
                "nomeBeneficio": ""
            },
            {
                "nomeBeneficio": "                  DEBITO FUNDO                                    5.541.487,47D"
            },
            {
                "nomeBeneficio": "                  CREDITO FUNDO                                  13.874.614,90C"
            },
            {
                "nomeBeneficio": ""
            },
            {
                "nomeBeneficio": "TOTAL DISTRIBUIDO NO PERIODO"
            },
            {
                "nomeBeneficio": ""
            },
            {
                "nomeBeneficio": "                  DEBITO BENEF.                                   5.541.487,47D"
            },
            {
                "nomeBeneficio": "                  CREDITO BENEF.                                 13.874.614,90C"
            }
        ]
    },
    "December": {
        "quantidadeBeneficio": 48,
        "indicadorContinuarPesquisa": "N",
        "quantidadeOcorrencia": [
            {
                "nomeBeneficio": "JUAZEIRO                                          -BA"
            },
            {
                "nomeBeneficio": ""
            },
            {
                "nomeBeneficio": "FPM   - FUNDO DE PARTICIPACAO DOS MUNICIPIOS"
            },
            {
                "nomeBeneficio": "DATA                PARCELA                                   VALOR DISTRIBUIDO"
            },
            {
                "nomeBeneficio": ""
            },
            {
                "nomeBeneficio": "07.12.2023        PARCELA DE IPI                                    526.473,38C"
            },
            {
                "nomeBeneficio": "                  PARCELA DE IR                                   6.241.667,57C"
            },
            {
                "nomeBeneficio": "                  RETENCAO PASEP                                     67.681,38D"
            },
            {
                "nomeBeneficio": "                  TOTAL NA DATA                                   6.700.459,57C"
            },
            {
                "nomeBeneficio": ""
            },
            {
                "nomeBeneficio": "08.12.2023        PARCELA DE IPI                                    597.173,99C"
            },
            {
                "nomeBeneficio": "                  PARCELA DE IR                                   5.369.559,88C"
            },
            {
                "nomeBeneficio": "                  RETENCAO PASEP                                     59.667,31D"
            },
            {
                "nomeBeneficio": "                  RFB-PREV-PARC60                                   549.231,00D"
            },
            {
                "nomeBeneficio": "                  DEDUCAO SAUDE                                     895.010,06D"
            },
            {
                "nomeBeneficio": "                  DEDUCAO FUNDEB                                  1.193.346,75D"
            },
            {
                "nomeBeneficio": "                  TOTAL NA DATA                                   3.269.478,75C"
            },
            {
                "nomeBeneficio": ""
            },
            {
                "nomeBeneficio": "20.12.2023        PARCELA DE IPI                                    282.671,98C"
            },
            {
                "nomeBeneficio": "                  PARCELA DE IR                                   3.824.484,58C"
            },
            {
                "nomeBeneficio": "                  RETENCAO PASEP                                     41.071,54D"
            },
            {
                "nomeBeneficio": "                  DEDUCAO SAUDE                                     616.073,46D"
            },
            {
                "nomeBeneficio": "                  DEDUCAO FUNDEB                                    821.431,29D"
            },
            {
                "nomeBeneficio": "                  TOTAL NA DATA                                   2.628.580,27C"
            },
            {
                "nomeBeneficio": ""
            },
            {
                "nomeBeneficio": "28.12.2023        PARCELA DE IPI                                    246.728,34C"
            },
            {
                "nomeBeneficio": "                  PARCELA DE IR                                   4.945.102,36C"
            },
            {
                "nomeBeneficio": "                  RETENCAO PASEP                                     51.918,28D"
            },
            {
                "nomeBeneficio": "                  DEDUCAO SAUDE                                     778.774,59D"
            },
            {
                "nomeBeneficio": "                  DEDUCAO FUNDEB                                  1.038.366,12D"
            },
            {
                "nomeBeneficio": "                  TOTAL NA DATA                                   3.322.771,71C"
            },
            {
                "nomeBeneficio": ""
            },
            {
                "nomeBeneficio": "TOTAL POR PARCELA / NATUREZA"
            },
            {
                "nomeBeneficio": ""
            },
            {
                "nomeBeneficio": "                  PARCELA DE IPI                                  1.653.047,69C"
            },
            {
                "nomeBeneficio": "                  PARCELA DE IR                                  20.380.814,39C"
            },
            {
                "nomeBeneficio": "                  RETENCAO PASEP                                    220.338,51D"
            },
            {
                "nomeBeneficio": "                  RFB-PREV-PARC60                                   549.231,00D"
            },
            {
                "nomeBeneficio": "                  DEDUCAO SAUDE                                   2.289.858,11D"
            },
            {
                "nomeBeneficio": "                  DEDUCAO FUNDEB                                  3.053.144,16D"
            },
            {
                "nomeBeneficio": ""
            },
            {
                "nomeBeneficio": "                  DEBITO FUNDO                                    6.112.571,78D"
            },
            {
                "nomeBeneficio": "                  CREDITO FUNDO                                  22.033.862,08C"
            },
            {
                "nomeBeneficio": ""
            },
            {
                "nomeBeneficio": "TOTAL DISTRIBUIDO NO PERIODO"
            },
            {
                "nomeBeneficio": ""
            },
            {
                "nomeBeneficio": "                  DEBITO BENEF.                                   6.112.571,78D"
            },
            {
                "nomeBeneficio": "                  CREDITO BENEF.                                 22.033.862,08C"
            }
        ]
    }
}